callId,timeMs,scenario,slot,bwpId,beamId,sliceId,rnti,bufQueueSize,dlTbSizeBefore,hasDemand,demandPassed,rbgAllocated,uniqueRbgs,tbSizeBytes,mcs,rank,numRbPerRbg,reason
1,502,normal,0,0,65535_65535,0,5,1537,0,0,1,0,0,0,15,1,1,pre_allocation
1,502,normal,0,0,65535_65535,0,5,1537,35,1,1,1,1,35,15,1,1,allocated
1,502,normal,0,0,65535_65535,0,4,1537,0,0,1,0,0,0,15,1,1,pre_allocation
1,502,normal,0,0,65535_65535,0,4,1537,35,1,1,1,1,35,15,1,1,allocated
1,502,normal,0,0,65535_65535,0,3,1537,0,0,1,0,0,0,15,1,1,pre_allocation
1,502,normal,0,0,65535_65535,0,3,1537,35,1,1,1,1,35,15,1,1,allocated
1,502,normal,0,0,65535_65535,0,2,1537,0,0,1,0,0,0,15,1,1,pre_allocation
1,502,normal,0,0,65535_65535,0,2,1537,35,1,1,1,1,35,15,1,1,allocated
1,502,normal,0,0,65535_65535,0,1,1537,0,0,1,0,0,0,15,1,1,pre_allocation
1,502,normal,0,0,65535_65535,0,1,1537,35,1,1,1,1,35,15,1,1,allocated
1,502,normal,0,0,65535_65535,0,5,1537,35,0,1,0,1,0,15,1,1,pre_allocation
1,502,normal,0,0,65535_65535,0,5,1537,74,1,1,1,2,74,15,1,1,allocated
1,502,normal,0,0,65535_65535,0,4,1537,35,0,1,0,1,0,15,1,1,pre_allocation
1,502,normal,0,0,65535_65535,0,4,1537,74,1,1,1,2,74,15,1,1,allocated
1,502,normal,0,0,65535_65535,0,3,1537,35,0,1,0,1,0,15,1,1,pre_allocation
1,502,normal,0,0,65535_65535,0,3,1537,74,1,1,1,2,74,15,1,1,allocated
1,502,normal,0,0,65535_65535,0,2,1537,35,0,1,0,1,0,15,1,1,pre_allocation
1,502,normal,0,0,65535_65535,0,2,1537,74,1,1,1,2,74,15,1,1,allocated
1,502,normal,0,0,65535_65535,0,1,1537,35,0,1,0,1,0,15,1,1,pre_allocation
1,502,normal,0,0,65535_65535,0,1,1537,74,1,1,1,2,74,15,1,1,allocated
1,502,normal,0,0,65535_65535,0,5,1537,74,0,1,0,2,0,15,1,1,pre_allocation
1,502,normal,0,0,65535_65535,0,5,1537,112,1,1,1,3,112,15,1,1,allocated
1,502,normal,0,0,65535_65535,0,4,1537,74,0,1,0,2,0,15,1,1,pre_allocation
1,502,normal,0,0,65535_65535,0,4,1537,112,1,1,1,3,112,15,1,1,allocated
1,502,normal,0,0,65535_65535,0,3,1537,74,0,1,0,2,0,15,1,1,pre_allocation
1,502,normal,0,0,65535_65535,0,3,1537,112,1,1,1,3,112,15,1,1,allocated
1,502,normal,0,0,65535_65535,0,2,1537,74,0,1,0,2,0,15,1,1,pre_allocation
1,502,normal,0,0,65535_65535,0,2,1537,112,1,1,1,3,112,15,1,1,allocated
1,502,normal,0,0,65535_65535,0,1,1537,74,0,1,0,2,0,15,1,1,pre_allocation
1,502,normal,0,0,65535_65535,0,1,1537,112,1,1,1,3,112,15,1,1,allocated
1,502,normal,0,0,65535_65535,0,5,1537,112,0,1,0,3,0,15,1,1,pre_allocation
1,502,normal,0,0,65535_65535,0,5,1537,151,1,1,1,4,151,15,1,1,allocated
1,502,normal,0,0,65535_65535,0,4,1537,112,0,1,0,3,0,15,1,1,pre_allocation
1,502,normal,0,0,65535_65535,0,4,1537,151,1,1,1,4,151,15,1,1,allocated
1,502,normal,0,0,65535_65535,0,3,1537,112,0,1,0,3,0,15,1,1,pre_allocation
1,502,normal,0,0,65535_65535,0,3,1537,151,1,1,1,4,151,15,1,1,allocated
1,502,normal,0,0,65535_65535,0,2,1537,112,0,1,0,3,0,15,1,1,pre_allocation
1,502,normal,0,0,65535_65535,0,2,1537,151,1,1,1,4,151,15,1,1,allocated
1,502,normal,0,0,65535_65535,0,1,1537,112,0,1,0,3,0,15,1,1,pre_allocation
1,502,normal,0,0,65535_65535,0,1,1537,151,1,1,1,4,151,15,1,1,allocated
1,502,normal,0,0,65535_65535,0,5,1537,151,0,1,0,4,0,15,1,1,pre_allocation
1,502,normal,0,0,65535_65535,0,5,1537,190,1,1,1,5,190,15,1,1,allocated
1,502,normal,0,0,65535_65535,0,4,1537,151,0,1,0,4,0,15,1,1,pre_allocation
1,502,normal,0,0,65535_65535,0,4,1537,190,1,1,1,5,190,15,1,1,allocated
1,502,normal,0,0,65535_65535,0,3,1537,151,0,1,0,4,0,15,1,1,pre_allocation
1,502,normal,0,0,65535_65535,0,3,1537,190,1,1,1,5,190,15,1,1,allocated
1,502,normal,0,0,65535_65535,0,2,1537,151,0,1,0,4,0,15,1,1,pre_allocation
1,502,normal,0,0,65535_65535,0,2,1537,190,1,1,1,5,190,15,1,1,allocated
1,502,normal,0,0,65535_65535,0,1,1537,151,0,1,0,4,0,15,1,1,pre_allocation
1,502,normal,0,0,65535_65535,0,1,1537,190,1,1,1,5,190,15,1,1,allocated
1,502,normal,0,0,65535_65535,0,5,1537,190,0,1,0,5,0,15,1,1,pre_allocation
1,502,normal,0,0,65535_65535,0,5,1537,228,1,1,1,6,228,15,1,1,allocated
1,502,normal,0,0,65535_65535,0,4,1537,190,0,1,0,5,0,15,1,1,pre_allocation
1,502,normal,0,0,65535_65535,0,4,1537,228,1,1,1,6,228,15,1,1,allocated
1,502,normal,0,0,65535_65535,0,3,1537,190,0,1,0,5,0,15,1,1,pre_allocation
1,502,normal,0,0,65535_65535,0,3,1537,228,1,1,1,6,228,15,1,1,allocated
1,502,normal,0,0,65535_65535,0,2,1537,190,0,1,0,5,0,15,1,1,pre_allocation
1,502,normal,0,0,65535_65535,0,2,1537,228,1,1,1,6,228,15,1,1,allocated
1,502,normal,0,0,65535_65535,0,1,1537,190,0,1,0,5,0,15,1,1,pre_allocation
1,502,normal,0,0,65535_65535,0,1,1537,228,1,1,1,6,228,15,1,1,allocated
1,502,normal,0,0,65535_65535,0,5,1537,228,0,1,0,6,0,15,1,1,pre_allocation
1,502,normal,0,0,65535_65535,0,5,1537,267,1,1,1,7,267,15,1,1,allocated
1,502,normal,0,0,65535_65535,0,4,1537,228,0,1,0,6,0,15,1,1,pre_allocation
1,502,normal,0,0,65535_65535,0,4,1537,267,1,1,1,7,267,15,1,1,allocated
1,502,normal,0,0,65535_65535,0,3,1537,228,0,1,0,6,0,15,1,1,pre_allocation
1,502,normal,0,0,65535_65535,0,3,1537,267,1,1,1,7,267,15,1,1,allocated
1,502,normal,0,0,65535_65535,0,2,1537,228,0,1,0,6,0,15,1,1,pre_allocation
1,502,normal,0,0,65535_65535,0,2,1537,267,1,1,1,7,267,15,1,1,allocated
1,502,normal,0,0,65535_65535,0,1,1537,228,0,1,0,6,0,15,1,1,pre_allocation
1,502,normal,0,0,65535_65535,0,1,1537,267,1,1,1,7,267,15,1,1,allocated
1,502,normal,0,0,65535_65535,0,5,1537,267,0,1,0,7,0,15,1,1,pre_allocation
1,502,normal,0,0,65535_65535,0,5,1537,305,1,1,1,8,305,15,1,1,allocated
1,502,normal,0,0,65535_65535,0,4,1537,267,0,1,0,7,0,15,1,1,pre_allocation
1,502,normal,0,0,65535_65535,0,4,1537,305,1,1,1,8,305,15,1,1,allocated
1,502,normal,0,0,65535_65535,0,3,1537,267,0,1,0,7,0,15,1,1,pre_allocation
1,502,normal,0,0,65535_65535,0,3,1537,305,1,1,1,8,305,15,1,1,allocated
1,502,normal,0,0,65535_65535,0,2,1537,267,0,1,0,7,0,15,1,1,pre_allocation
1,502,normal,0,0,65535_65535,0,2,1537,305,1,1,1,8,305,15,1,1,allocated
1,502,normal,0,0,65535_65535,0,1,1537,267,0,1,0,7,0,15,1,1,pre_allocation
1,502,normal,0,0,65535_65535,0,1,1537,305,1,1,1,8,305,15,1,1,allocated
1,502,normal,0,0,65535_65535,0,5,1537,305,0,1,0,8,0,15,1,1,pre_allocation
1,502,normal,0,0,65535_65535,0,5,1537,344,1,1,1,9,344,15,1,1,allocated
1,502,normal,0,0,65535_65535,0,4,1537,305,0,1,0,8,0,15,1,1,pre_allocation
1,502,normal,0,0,65535_65535,0,4,1537,344,1,1,1,9,344,15,1,1,allocated
1,502,normal,0,0,65535_65535,0,3,1537,305,0,1,0,8,0,15,1,1,pre_allocation
1,502,normal,0,0,65535_65535,0,3,1537,344,1,1,1,9,344,15,1,1,allocated
1,502,normal,0,0,65535_65535,0,2,1537,305,0,1,0,8,0,15,1,1,pre_allocation
1,502,normal,0,0,65535_65535,0,2,1537,344,1,1,1,9,344,15,1,1,allocated
1,502,normal,0,0,65535_65535,0,1,1537,305,0,1,0,8,0,15,1,1,pre_allocation
1,502,normal,0,0,65535_65535,0,1,1537,344,1,1,1,9,344,15,1,1,allocated
1,502,normal,0,0,65535_65535,0,5,1537,344,0,1,0,9,0,15,1,1,pre_allocation
1,502,normal,0,0,65535_65535,0,5,1537,383,1,1,1,10,383,15,1,1,allocated
1,502,normal,0,0,65535_65535,0,4,1537,344,0,1,0,9,0,15,1,1,pre_allocation
1,502,normal,0,0,65535_65535,0,4,1537,383,1,1,1,10,383,15,1,1,allocated
1,502,normal,0,0,65535_65535,0,3,1537,344,0,1,0,9,0,15,1,1,pre_allocation
1,502,normal,0,0,65535_65535,0,3,1537,383,1,1,1,10,383,15,1,1,allocated
1,502,normal,0,0,65535_65535,0,2,1537,344,0,1,0,9,0,15,1,1,pre_allocation
1,502,normal,0,0,65535_65535,0,2,1537,383,1,1,1,10,383,15,1,1,allocated
1,502,normal,0,0,65535_65535,0,1,1537,344,0,1,0,9,0,15,1,1,pre_allocation
1,502,normal,0,0,65535_65535,0,1,1537,383,1,1,1,10,383,15,1,1,allocated
1,502,normal,0,0,65535_65535,0,5,1537,383,0,1,0,10,0,15,1,1,pre_allocation
1,502,normal,0,0,65535_65535,0,5,1537,421,1,1,1,11,421,15,1,1,allocated
1,502,normal,0,0,65535_65535,0,4,1537,383,0,1,0,10,0,15,1,1,pre_allocation
1,502,normal,0,0,65535_65535,0,4,1537,421,1,1,1,11,421,15,1,1,allocated
1,502,normal,0,0,65535_65535,0,3,1537,383,0,1,0,10,0,15,1,1,pre_allocation
1,502,normal,0,0,65535_65535,0,3,1537,421,1,1,1,11,421,15,1,1,allocated
57,600,normal,0,0,65535_65535,0,5,147315,0,0,1,0,0,0,28,1,1,pre_allocation
57,600,normal,0,0,65535_65535,0,5,147315,95,1,1,1,1,95,28,1,1,allocated
57,600,normal,0,0,65535_65535,0,4,147306,0,0,1,0,0,0,28,1,1,pre_allocation
57,600,normal,0,0,65535_65535,0,4,147306,95,1,1,1,1,95,28,1,1,allocated
57,600,normal,0,0,65535_65535,0,3,147297,0,0,1,0,0,0,28,1,1,pre_allocation
57,600,normal,0,0,65535_65535,0,3,147297,95,1,1,1,1,95,28,1,1,allocated
57,600,normal,0,0,65535_65535,0,1,147235,0,0,1,0,0,0,28,1,1,pre_allocation
57,600,normal,0,0,65535_65535,0,1,147235,95,1,1,1,1,95,28,1,1,allocated
57,600,normal,0,0,65535_65535,0,2,147258,0,0,1,0,0,0,28,1,1,pre_allocation
57,600,normal,0,0,65535_65535,0,2,147258,95,1,1,1,1,95,28,1,1,allocated
57,600,normal,0,0,65535_65535,0,5,147315,95,0,1,0,1,0,28,1,1,pre_allocation
57,600,normal,0,0,65535_65535,0,5,147315,194,1,1,1,2,194,28,1,1,allocated
57,600,normal,0,0,65535_65535,0,4,147306,95,0,1,0,1,0,28,1,1,pre_allocation
57,600,normal,0,0,65535_65535,0,4,147306,194,1,1,1,2,194,28,1,1,allocated
57,600,normal,0,0,65535_65535,0,3,147297,95,0,1,0,1,0,28,1,1,pre_allocation
57,600,normal,0,0,65535_65535,0,3,147297,194,1,1,1,2,194,28,1,1,allocated
57,600,normal,0,0,65535_65535,0,1,147235,95,0,1,0,1,0,28,1,1,pre_allocation
57,600,normal,0,0,65535_65535,0,1,147235,194,1,1,1,2,194,28,1,1,allocated
57,600,normal,0,0,65535_65535,0,2,147258,95,0,1,0,1,0,28,1,1,pre_allocation
57,600,normal,0,0,65535_65535,0,2,147258,194,1,1,1,2,194,28,1,1,allocated
57,600,normal,0,0,65535_65535,0,5,147315,194,0,1,0,2,0,28,1,1,pre_allocation
57,600,normal,0,0,65535_65535,0,5,147315,293,1,1,1,3,293,28,1,1,allocated
57,600,normal,0,0,65535_65535,0,4,147306,194,0,1,0,2,0,28,1,1,pre_allocation
57,600,normal,0,0,65535_65535,0,4,147306,293,1,1,1,3,293,28,1,1,allocated
57,600,normal,0,0,65535_65535,0,3,147297,194,0,1,0,2,0,28,1,1,pre_allocation
57,600,normal,0,0,65535_65535,0,3,147297,293,1,1,1,3,293,28,1,1,allocated
57,600,normal,0,0,65535_65535,0,1,147235,194,0,1,0,2,0,28,1,1,pre_allocation
57,600,normal,0,0,65535_65535,0,1,147235,293,1,1,1,3,293,28,1,1,allocated
57,600,normal,0,0,65535_65535,0,2,147258,194,0,1,0,2,0,28,1,1,pre_allocation
57,600,normal,0,0,65535_65535,0,2,147258,293,1,1,1,3,293,28,1,1,allocated
57,600,normal,0,0,65535_65535,0,5,147315,293,0,1,0,3,0,28,1,1,pre_allocation
57,600,normal,0,0,65535_65535,0,5,147315,391,1,1,1,4,391,28,1,1,allocated
57,600,normal,0,0,65535_65535,0,4,147306,293,0,1,0,3,0,28,1,1,pre_allocation
57,600,normal,0,0,65535_65535,0,4,147306,391,1,1,1,4,391,28,1,1,allocated
57,600,normal,0,0,65535_65535,0,3,147297,293,0,1,0,3,0,28,1,1,pre_allocation
57,600,normal,0,0,65535_65535,0,3,147297,391,1,1,1,4,391,28,1,1,allocated
57,600,normal,0,0,65535_65535,1,23,169,0,0,1,0,0,0,28,1,1,pre_allocation
57,600,normal,0,0,65535_65535,1,23,169,95,1,1,1,1,95,28,1,1,allocated
57,600,normal,0,0,65535_65535,1,24,169,0,0,1,0,0,0,28,1,1,pre_allocation
57,600,normal,0,0,65535_65535,1,24,169,95,1,1,1,1,95,28,1,1,allocated
57,600,normal,0,0,65535_65535,1,6,169,0,0,1,0,0,0,28,1,1,pre_allocation
57,600,normal,0,0,65535_65535,1,6,169,95,1,1,1,1,95,28,1,1,allocated
57,600,normal,0,0,65535_65535,1,21,169,0,0,1,0,0,0,28,1,1,pre_allocation
57,600,normal,0,0,65535_65535,1,21,169,95,1,1,1,1,95,28,1,1,allocated
57,600,normal,0,0,65535_65535,1,22,169,0,0,1,0,0,0,28,1,1,pre_allocation
57,600,normal,0,0,65535_65535,1,22,169,95,1,1,1,1,95,28,1,1,allocated
57,600,normal,0,0,65535_65535,1,23,169,95,0,1,0,1,0,28,1,1,pre_allocation
57,600,normal,0,0,65535_65535,1,23,169,194,1,1,1,2,194,28,1,1,allocated
57,600,normal,0,0,65535_65535,1,24,169,95,0,1,0,1,0,28,1,1,pre_allocation
57,600,normal,0,0,65535_65535,1,24,169,194,1,1,1,2,194,28,1,1,allocated
57,600,normal,0,0,65535_65535,1,6,169,95,0,1,0,1,0,28,1,1,pre_allocation
57,600,normal,0,0,65535_65535,1,6,169,194,1,1,1,2,194,28,1,1,allocated
57,600,normal,0,0,65535_65535,1,21,169,95,0,1,0,1,0,28,1,1,pre_allocation
57,600,normal,0,0,65535_65535,1,21,169,194,1,1,1,2,194,28,1,1,allocated
57,600,normal,0,0,65535_65535,1,22,169,95,0,1,0,1,0,28,1,1,pre_allocation
57,600,normal,0,0,65535_65535,1,22,169,194,1,1,1,2,194,28,1,1,allocated
57,600,normal,0,0,65535_65535,1,23,169,194,0,1,0,2,0,28,1,1,pre_allocation
57,600,normal,0,0,65535_65535,1,23,169,293,1,1,1,3,293,28,1,1,allocated
57,600,normal,0,0,65535_65535,1,24,169,194,0,1,0,2,0,28,1,1,pre_allocation
57,600,normal,0,0,65535_65535,1,24,169,293,1,1,1,3,293,28,1,1,allocated
57,600,normal,0,0,65535_65535,1,6,169,194,0,1,0,2,0,28,1,1,pre_allocation
57,600,normal,0,0,65535_65535,1,6,169,293,1,1,1,3,293,28,1,1,allocated
57,600,normal,0,0,65535_65535,1,21,169,194,0,1,0,2,0,28,1,1,pre_allocation
57,600,normal,0,0,65535_65535,1,21,169,293,1,1,1,3,293,28,1,1,allocated
57,600,normal,0,0,65535_65535,1,22,169,194,0,1,0,2,0,28,1,1,pre_allocation
57,600,normal,0,0,65535_65535,1,22,169,293,1,1,1,3,293,28,1,1,allocated
57,600,normal,0,0,65535_65535,1,23,169,293,0,1,0,3,0,28,1,1,pre_allocation
57,600,normal,0,0,65535_65535,1,23,169,391,1,1,1,4,391,28,1,1,allocated
57,600,normal,0,0,65535_65535,1,24,169,293,0,1,0,3,0,28,1,1,pre_allocation
57,600,normal,0,0,65535_65535,1,24,169,391,1,1,1,4,391,28,1,1,allocated
57,600,normal,0,0,65535_65535,1,6,169,293,0,1,0,3,0,28,1,1,pre_allocation
57,600,normal,0,0,65535_65535,1,6,169,391,1,1,1,4,391,28,1,1,allocated
57,600,normal,0,0,65535_65535,1,21,169,293,0,1,0,3,0,28,1,1,pre_allocation
57,600,normal,0,0,65535_65535,1,21,169,391,1,1,1,4,391,28,1,1,allocated
57,600,normal,0,0,65535_65535,2,25,137,0,0,1,0,0,0,28,1,1,pre_allocation
57,600,normal,0,0,65535_65535,2,25,137,95,1,1,1,1,95,28,1,1,allocated
57,600,normal,0,0,65535_65535,2,36,137,0,0,1,0,0,0,28,1,1,pre_allocation
57,600,normal,0,0,65535_65535,2,36,137,95,1,1,1,1,95,28,1,1,allocated
57,600,normal,0,0,65535_65535,2,35,137,0,0,1,0,0,0,28,1,1,pre_allocation
57,600,normal,0,0,65535_65535,2,35,137,95,1,1,1,1,95,28,1,1,allocated
57,600,normal,0,0,65535_65535,2,37,137,0,0,1,0,0,0,28,1,1,pre_allocation
57,600,normal,0,0,65535_65535,2,37,137,95,1,1,1,1,95,28,1,1,allocated
57,600,normal,0,0,65535_65535,2,38,137,0,0,1,0,0,0,28,1,1,pre_allocation
57,600,normal,0,0,65535_65535,2,38,137,95,1,1,1,1,95,28,1,1,allocated
57,600,normal,0,0,65535_65535,2,39,137,0,0,1,0,0,0,28,1,1,pre_allocation
57,600,normal,0,0,65535_65535,2,39,137,95,1,1,1,1,95,28,1,1,allocated
57,600,normal,0,0,65535_65535,2,26,137,0,0,1,0,0,0,28,1,1,pre_allocation
57,600,normal,0,0,65535_65535,2,26,137,95,1,1,1,1,95,28,1,1,allocated
57,600,normal,0,0,65535_65535,2,44,137,0,0,1,0,0,0,28,1,1,pre_allocation
57,600,normal,0,0,65535_65535,2,44,137,95,1,1,1,1,95,28,1,1,allocated
57,600,normal,0,0,65535_65535,2,40,137,0,0,1,0,0,0,28,1,1,pre_allocation
57,600,normal,0,0,65535_65535,2,40,137,95,1,1,1,1,95,28,1,1,allocated
57,600,normal,0,0,65535_65535,2,43,137,0,0,1,0,0,0,28,1,1,pre_allocation
57,600,normal,0,0,65535_65535,2,43,137,95,1,1,1,1,95,28,1,1,allocated
57,600,normal,0,0,65535_65535,2,25,137,95,0,1,0,1,0,28,1,1,pre_allocation
57,600,normal,0,0,65535_65535,2,25,137,194,1,1,1,2,194,28,1,1,allocated
57,600,normal,0,0,65535_65535,2,36,137,95,0,1,0,1,0,28,1,1,pre_allocation
57,600,normal,0,0,65535_65535,2,36,137,194,1,1,1,2,194,28,1,1,allocated
57,600,normal,0,0,65535_65535,2,35,137,95,0,1,0,1,0,28,1,1,pre_allocation
57,600,normal,0,0,65535_65535,2,35,137,194,1,1,1,2,194,28,1,1,allocated
57,600,normal,0,0,65535_65535,2,37,137,95,0,1,0,1,0,28,1,1,pre_allocation
57,600,normal,0,0,65535_65535,2,37,137,194,1,1,1,2,194,28,1,1,allocated
57,600,normal,0,0,65535_65535,2,38,137,95,0,1,0,1,0,28,1,1,pre_allocation
57,600,normal,0,0,65535_65535,2,38,137,194,1,1,1,2,194,28,1,1,allocated
57,600,normal,0,0,65535_65535,2,39,137,95,0,1,0,1,0,28,1,1,pre_allocation
57,600,normal,0,0,65535_65535,2,39,137,194,1,1,1,2,194,28,1,1,allocated
