timestamp_ms,ue_id,slice,thr_mbps,btx,bfs_pct,tdp,effective_lost_pcts,rsh_pct
510,1,eMBB,0.0000,16808,0.00,0,100.00,33.33
510,2,eMBB,0.0000,16808,0.00,0,100.00,33.33
510,3,eMBB,0.0000,16808,0.00,0,100.00,33.33
510,4,eMBB,0.0000,16808,0.00,0,100.00,33.33
510,5,eMBB,0.0000,16808,0.00,0,100.00,33.33
510,6,URLLC,0.1248,312,0.00,0,50.00,40.00
510,7,URLLC,0.1248,312,0.00,0,50.00,40.00
510,8,URLLC,0.1248,312,0.00,0,50.00,40.00
510,9,URLLC,0.1248,312,0.00,0,50.00,40.00
510,10,URLLC,0.1248,312,0.00,0,50.00,40.00
510,11,MTC,0.0000,256,0.00,0,100.00,26.67
510,12,MTC,0.0000,256,0.00,0,100.00,26.67
510,13,MTC,0.0000,256,0.00,0,100.00,26.67
510,14,MTC,0.0000,256,0.00,0,100.00,26.67
510,15,MTC,0.0000,256,0.00,0,100.00,26.67
510,16,MTC,0.0000,256,0.00,0,100.00,26.67
510,17,MTC,0.0000,256,0.00,0,100.00,26.67
510,18,MTC,0.0000,256,0.00,0,100.00,26.67
510,19,MTC,0.0000,256,0.00,0,100.00,26.67
510,20,MTC,0.0000,256,0.00,0,100.00,26.67
520,1,eMBB,4.8896,18336,0.00,0,66.67,33.10
520,2,eMBB,4.8896,18336,0.00,0,66.67,33.10
520,3,eMBB,4.8896,18336,0.00,0,66.67,33.10
520,4,eMBB,3.6672,18336,0.00,0,75.00,33.10
520,5,eMBB,3.6672,18336,0.00,0,75.00,33.10
520,6,URLLC,0.3120,390,0.00,0,0.00,43.95
520,7,URLLC,0.3120,390,0.00,0,0.00,43.95
520,8,URLLC,0.3120,390,0.00,0,0.00,43.95
520,9,URLLC,0.3120,390,0.00,0,0.00,43.95
520,10,URLLC,0.3120,390,0.00,0,0.00,43.95
520,11,MTC,0.3072,256,0.00,0,0.00,22.95
520,12,MTC,0.3072,256,0.00,0,0.00,22.95
520,13,MTC,0.3072,256,0.00,0,0.00,22.95
520,14,MTC,0.3072,256,0.00,0,0.00,22.95
520,15,MTC,0.3072,256,0.00,0,0.00,22.95
520,16,MTC,0.3072,256,0.00,0,0.00,22.95
520,17,MTC,0.3072,256,0.00,0,0.00,22.95
520,18,MTC,0.3072,256,0.00,0,0.00,22.95
520,19,MTC,0.3072,256,0.00,0,0.00,22.95
520,20,MTC,0.3072,256,0.00,0,0.00,22.95
530,1,eMBB,3.6672,16808,0.00,0,72.73,27.77
530,2,eMBB,3.6672,16808,0.00,0,72.73,27.77
530,3,eMBB,3.6672,16808,0.00,0,72.73,27.77
530,4,eMBB,4.8896,16808,0.00,0,63.64,27.77
530,5,eMBB,4.8896,16808,0.00,0,63.64,27.77
530,6,URLLC,0.3120,390,0.00,0,0.00,39.48
530,7,URLLC,0.3120,390,0.00,0,0.00,39.48
530,8,URLLC,0.3120,390,0.00,0,0.00,39.48
530,9,URLLC,0.3120,390,0.00,0,0.00,39.48
530,10,URLLC,0.3120,390,0.00,0,0.00,39.48
530,11,MTC,0.3072,384,0.00,0,0.00,32.75
530,12,MTC,0.3072,384,0.00,0,0.00,32.75
530,13,MTC,0.3072,384,0.00,0,0.00,32.75
530,14,MTC,0.3072,384,0.00,0,0.00,32.75
530,15,MTC,0.3072,384,0.00,0,0.00,32.75
530,16,MTC,0.3072,384,0.00,0,0.00,32.75
530,17,MTC,0.3072,384,0.00,0,0.00,32.75
530,18,MTC,0.3072,384,0.00,0,0.00,32.75
530,19,MTC,0.3072,384,0.00,0,0.00,32.75
530,20,MTC,0.3072,384,0.00,0,0.00,32.75
540,1,eMBB,4.8896,18336,0.00,0,66.67,29.56
540,2,eMBB,4.8896,18336,0.00,0,66.67,29.56
540,3,eMBB,4.8896,18336,0.00,0,66.67,29.56
540,4,eMBB,4.8896,18336,0.00,0,66.67,29.56
540,5,eMBB,4.8896,18336,0.00,0,66.67,29.56
540,6,URLLC,0.3120,390,0.00,0,0.00,33.01
540,7,URLLC,0.3120,390,0.00,0,0.00,33.01
540,8,URLLC,0.3120,390,0.00,0,0.00,33.01
540,9,URLLC,0.3120,390,0.00,0,0.00,33.01
540,10,URLLC,0.3120,390,0.00,0,0.00,33.01
540,11,MTC,0.2048,256,0.00,0,0.00,37.42
540,12,MTC,0.2048,256,0.00,0,0.00,37.42
540,13,MTC,0.2048,256,0.00,0,0.00,37.42
540,14,MTC,0.2048,256,0.00,0,0.00,37.42
540,15,MTC,0.2048,256,0.00,0,0.00,37.42
540,16,MTC,0.2048,256,0.00,0,0.00,37.42
540,17,MTC,0.2048,256,0.00,0,0.00,37.42
540,18,MTC,0.2048,256,0.00,0,0.00,37.42
540,19,MTC,0.2048,256,0.00,0,0.00,37.42
540,20,MTC,0.2048,256,0.00,0,0.00,37.42
550,1,eMBB,4.8896,18336,0.00,0,66.67,23.61
550,2,eMBB,4.8896,18336,0.00,0,66.67,23.61
550,3,eMBB,4.8896,18336,0.00,0,66.67,23.61
550,4,eMBB,4.8896,18336,0.00,0,66.67,23.61
550,5,eMBB,4.8896,18336,0.00,0,66.67,23.61
550,6,URLLC,0.3120,390,0.00,0,0.00,47.73
550,7,URLLC,0.3120,390,0.00,0,0.00,47.73
550,8,URLLC,0.3120,390,0.00,0,0.00,47.73
550,9,URLLC,0.3120,390,0.00,0,0.00,47.73
550,10,URLLC,0.3120,390,0.00,0,0.00,47.73
550,11,MTC,0.3072,384,0.00,0,0.00,28.66
550,12,MTC,0.3072,384,0.00,0,0.00,28.66
550,13,MTC,0.3072,384,0.00,0,0.00,28.66
550,14,MTC,0.3072,384,0.00,0,0.00,28.66
550,15,MTC,0.3072,384,0.00,0,0.00,28.66
550,16,MTC,0.3072,384,0.00,0,0.00,28.66
550,17,MTC,0.3072,384,0.00,0,0.00,28.66
550,18,MTC,0.3072,384,0.00,0,0.00,28.66
550,19,MTC,0.3072,384,0.00,0,0.00,28.66
550,20,MTC,0.3072,384,0.00,0,0.00,28.66
560,1,eMBB,3.6672,16808,0.00,0,72.73,38.29
560,2,eMBB,3.6672,16808,0.00,0,72.73,38.29
560,3,eMBB,3.6672,16808,0.00,0,72.73,38.29
560,4,eMBB,3.6672,16808,0.00,0,72.73,38.29
560,5,eMBB,3.6672,16808,0.00,0,72.73,38.29
560,6,URLLC,0.3120,390,0.00,0,0.00,36.68
560,7,URLLC,0.3120,390,0.00,0,0.00,36.68
560,8,URLLC,0.3120,390,0.00,0,0.00,36.68
560,9,URLLC,0.3120,390,0.00,0,0.00,36.68
560,10,URLLC,0.3120,390,0.00,0,0.00,36.68
560,11,MTC,0.2048,256,0.00,0,0.00,25.03
560,12,MTC,0.2048,256,0.00,0,0.00,25.03
560,13,MTC,0.2048,256,0.00,0,0.00,25.03
560,14,MTC,0.2048,256,0.00,0,0.00,25.03
560,15,MTC,0.2048,256,0.00,0,0.00,25.03
560,16,MTC,0.2048,256,0.00,0,0.00,25.03
560,17,MTC,0.2048,256,0.00,0,0.00,25.03
560,18,MTC,0.2048,256,0.00,0,0.00,25.03
560,19,MTC,0.2048,256,0.00,0,0.00,25.03
560,20,MTC,0.2048,256,0.00,0,0.00,25.03
