timestamp_ms,slice,configured_weight,budget_rbg,allocated_rbg,total_allocated_rbg,rsh_real_pct,active_ues,effective_weight,beam_id,has_demand,reason,redistributed_idle_rbg,rntis
502,0,0.3333,53,53,53,100.0000,5,1.0000,65535_65535,1,full_alloc,0,"5;4;3;2;1"
502,1,0.4000,0,0,53,0.0000,0,0.0000,65535_65535,0,no_active_ues,21,""
502,2,0.2667,0,0,53,0.0000,0,0.0000,65535_65535,0,no_active_ues,14,""
600,0,0.2232,12,12,53,22.6415,5,0.2232,65535_65535,1,full_alloc,0,"1;5;4;3;2"
600,1,0.5548,29,29,53,54.7170,5,0.5548,65535_65535,1,full_alloc,0,"24;6;21;22;23"
600,2,0.2221,12,12,53,22.6415,10,0.2221,65535_65535,1,full_alloc,0,"43;40;38;37;36;44;35;25;39;26"
698,0,0.2691,14,14,53,26.4151,5,0.2691,65535_65535,1,full_alloc,0,"4;3;2;1;5"
698,1,0.4796,26,26,53,49.0566,5,0.4796,65535_65535,1,full_alloc,0,"24;6;21;22;23"
698,2,0.2513,13,13,53,24.5283,10,0.2513,65535_65535,1,full_alloc,0,"43;40;38;44;37;36;35;25;26;39"
796,0,0.2559,14,14,53,26.4151,5,0.2559,65535_65535,1,full_alloc,0,"5;4;3;2;1"
796,1,0.4985,26,26,53,49.0566,5,0.4985,65535_65535,1,full_alloc,0,"6;21;22;23;24"
796,2,0.2455,13,13,53,24.5283,10,0.2455,65535_65535,1,full_alloc,0,"43;40;38;37;44;36;35;39;26;25"
894,0,0.2234,12,12,53,22.6415,5,0.2234,65535_65535,1,full_alloc,0,"2;1;5;4;3"
894,1,0.5463,29,29,53,54.7170,5,0.5463,65535_65535,1,full_alloc,0,"24;6;21;22;23"
894,2,0.2303,12,12,53,22.6415,10,0.2303,65535_65535,1,full_alloc,0,"43;40;38;37;44;36;35;39;26;25"
992,0,0.2106,11,11,53,20.7547,5,0.2106,65535_65535,1,full_alloc,0,"2;1;5;4;3"
992,1,0.4679,25,25,53,47.1698,5,0.4679,65535_65535,1,full_alloc,0,"22;23;24;6;21"
992,2,0.3214,17,17,53,32.0755,10,0.3214,65535_65535,1,full_alloc,0,"43;40;38;37;44;36;35;39;25;26"
1090,0,0.3033,16,16,53,30.1887,5,0.3033,65535_65535,1,full_alloc,0,"5;4;3;2;1"
1090,1,0.4149,22,22,53,41.5094,5,0.4149,65535_65535,1,full_alloc,0,"21;22;23;24;6"
1090,2,0.2819,15,15,53,28.3019,10,0.2819,65535_65535,1,full_alloc,0,"43;38;40;37;44;36;35;25;39;26"
1188,0,0.2618,14,14,53,26.4151,5,0.2618,65535_65535,1,full_alloc,0,"1;5;4;3;2"
1188,1,0.4449,24,24,53,45.2830,5,0.4449,65535_65535,1,full_alloc,0,"23;24;6;21;22"
1188,2,0.2932,15,15,53,28.3019,10,0.2932,65535_65535,1,full_alloc,0,"43;38;37;40;44;36;35;39;25;26"
1286,0,0.2422,13,13,53,24.5283,5,0.2422,65535_65535,1,full_alloc,0,"4;3;2;1;5"
1286,1,0.5452,29,29,53,54.7170,5,0.5452,65535_65535,1,full_alloc,0,"23;24;6;21;22"
1286,2,0.2127,11,11,53,20.7547,10,0.2127,65535_65535,1,full_alloc,0,"38;43;37;40;44;35;36;39;25;26"
