seed,scenario,episode,step,algo_mode,reward_mode,slice_id,slice,throughput_mbps,dTxBytes,dRxBytes,bufferBytes_mean,bufferBytes_max,plr_pct,pdr_pct,dLostPackets,resourceSharePct,action_embb,action_urllc,action_mtc,scheduler_id,scheduler_name,raw_action,reward,resource_efficiency,need_allocation_match,over_allocation,under_allocation,action_smoothness_penalty,resource_efficient_shaping,outage_flag,soft_flag,terminated,truncated,sim_id
3,normal,85,1,discrete,paper,0,eMBB,0.0,91680.0,0.0,1537.0,1537.0,100.0,0.0,60.0,46.66,46.665,30.000000000000004,23.335,0,RR(cost=1.0),[159],1.3965350941951171,0.0,0.7791774768189792,0.16082252318102086,0.1908225231810208,0.30000000000000004,0.0,False,False,False,False,df984540-4135-4fe7-8efb-f1e485c5b038
3,normal,85,1,discrete,paper,1,URLLC,0.0,1950.0,0.0,87.0,87.0,100.0,0.0,25.0,30.0,46.665,30.000000000000004,23.335,0,RR(cost=1.0),[159],1.3965350941951171,0.0,0.7791774768189792,0.16082252318102086,0.1908225231810208,0.30000000000000004,0.0,False,False,False,False,df984540-4135-4fe7-8efb-f1e485c5b038
3,normal,85,1,discrete,paper,2,MTC,0.0,2560.0,0.0,0.0,0.0,100.0,0.0,20.0,23.34,46.665,30.000000000000004,23.335,0,RR(cost=1.0),[159],1.3965350941951171,0.0,0.7791774768189792,0.16082252318102086,0.1908225231810208,0.30000000000000004,0.0,False,False,False,False,df984540-4135-4fe7-8efb-f1e485c5b038
3,normal,85,2,discrete,paper,0,eMBB,4.8896,84040.0,6112.0,1537.0,1537.0,92.728,7.272000000000006,51.0,36.67,36.665000000000006,25.0,38.334999999999994,0,RR(cost=1.0),[117],1.398708032435117,0.033412987284618674,0.7699534044727439,0.1700465955272562,0.2000465955272562,0.14999999999999994,0.0,False,False,False,False,df984540-4135-4fe7-8efb-f1e485c5b038
3,normal,85,2,discrete,paper,1,URLLC,0.0,1950.0,0.0,87.0,87.0,100.0,0.0,25.0,25.0,36.665000000000006,25.0,38.334999999999994,0,RR(cost=1.0),[117],1.398708032435117,0.033412987284618674,0.7699534044727439,0.1700465955272562,0.2000465955272562,0.14999999999999994,0.0,False,False,False,False,df984540-4135-4fe7-8efb-f1e485c5b038
3,normal,85,2,discrete,paper,2,MTC,0.0,3840.0,0.0,0.0,0.0,100.0,0.0,30.0,38.32999999999999,36.665000000000006,25.0,38.334999999999994,0,RR(cost=1.0),[117],1.398708032435117,0.033412987284618674,0.7699534044727439,0.1700465955272562,0.2000465955272562,0.14999999999999994,0.0,False,False,False,False,df984540-4135-4fe7-8efb-f1e485c5b038
3,normal,85,3,discrete,paper,0,eMBB,1.2224,91680.0,1528.0,54425.0,54625.0,98.334,1.6659999999999968,59.0,26.660000000000004,26.665,30.000000000000004,43.335,0,RR(cost=1.0),[69],1.3516217705668743,0.12125523113501892,0.49754068768717263,0.4424593123128274,0.47245931231282734,0.10000000000000012,0.0,False,False,False,False,df984540-4135-4fe7-8efb-f1e485c5b038
3,normal,85,3,discrete,paper,1,URLLC,3.9936,1950.0,4992.0,1195.2,1317.0,20.0,80.0,5.0,30.0,26.665,30.000000000000004,43.335,0,RR(cost=1.0),[69],1.3516217705668743,0.12125523113501892,0.49754068768717263,0.4424593123128274,0.47245931231282734,0.10000000000000012,0.0,False,False,False,False,df984540-4135-4fe7-8efb-f1e485c5b038
3,normal,85,3,discrete,paper,2,MTC,2.4576,2560.0,3072.0,625.5,645.0,60.0,40.0,12.0,43.34000000000001,26.665,30.000000000000004,43.335,0,RR(cost=1.0),[69],1.3516217705668743,0.12125523113501892,0.49754068768717263,0.4424593123128274,0.47245931231282734,0.10000000000000012,0.0,False,False,False,False,df984540-4135-4fe7-8efb-f1e485c5b038
3,normal,85,4,discrete,paper,0,eMBB,0.0,91680.0,0.0,54425.0,54625.0,100.0,0.0,60.0,16.66,16.665,25.0,58.335,0,RR(cost=1.0),[3],1.3508600553668744,0.024748810893947447,0.45758419558459884,0.4824158044154012,0.5124158044154011,0.15000000000000002,0.0,False,False,False,False,df984540-4135-4fe7-8efb-f1e485c5b038
3,normal,85,4,discrete,paper,1,URLLC,0.0,1950.0,0.0,1195.2,1317.0,100.0,0.0,25.0,25.0,16.665,25.0,58.335,0,RR(cost=1.0),[3],1.3508600553668744,0.024748810893947447,0.45758419558459884,0.4824158044154012,0.5124158044154011,0.15000000000000002,0.0,False,False,False,False,df984540-4135-4fe7-8efb-f1e485c5b038
3,normal,85,4,discrete,paper,2,MTC,1.2288,3840.0,1536.0,625.5,645.0,70.0,30.0,21.0,58.34000000000002,16.665,25.0,58.335,0,RR(cost=1.0),[3],1.3508600553668744,0.024748810893947447,0.45758419558459884,0.4824158044154012,0.5124158044154011,0.15000000000000002,0.0,False,False,False,False,df984540-4135-4fe7-8efb-f1e485c5b038
3,normal,85,5,discrete,paper,0,eMBB,0.0,84040.0,0.0,54425.0,54625.0,100.0,0.0,55.0,66.67,66.665,20.000000000000004,13.335000000000003,2,BCQI(cost=2.0),[197],-0.3333,0.04994758304649972,0.9448654466041507,0.009255913356293,0.025134553395849274,0.5,0.0,True,False,False,False,df984540-4135-4fe7-8efb-f1e485c5b038
3,normal,85,5,discrete,paper,1,URLLC,0.0,1950.0,0.0,1195.2,1317.0,100.0,0.0,25.0,20.0,66.665,20.000000000000004,13.335000000000003,2,BCQI(cost=2.0),[197],-0.3333,0.04994758304649972,0.9448654466041507,0.009255913356293,0.025134553395849274,0.5,0.0,False,False,False,False,df984540-4135-4fe7-8efb-f1e485c5b038
3,normal,85,5,discrete,paper,2,MTC,0.9216,2560.0,1152.0,625.5,645.0,70.0,30.0,14.0,13.34,66.665,20.000000000000004,13.335000000000003,2,BCQI(cost=2.0),[197],-0.3333,0.04994758304649972,0.9448654466041507,0.009255913356293,0.025134553395849274,0.5,0.0,False,False,False,False,df984540-4135-4fe7-8efb-f1e485c5b038
3,normal,85,6,discrete,paper,0,eMBB,2.4448,91680.0,3056.0,112163.2,113619.0,96.668,3.3319999999999936,58.0,41.66,41.665,35.0,23.335,0,RR(cost=1.0),[144],-0.3333,0.11389383754270642,0.6759618162349859,0.2640381837650141,0.2940381837650141,0.25,0.0,True,False,False,False,df984540-4135-4fe7-8efb-f1e485c5b038
3,normal,85,6,discrete,paper,1,URLLC,1.9968,1950.0,2496.0,773.6,1100.0,20.0,80.0,5.0,35.0,41.665,35.0,23.335,0,RR(cost=1.0),[144],-0.3333,0.11389383754270642,0.6759618162349859,0.2640381837650141,0.2940381837650141,0.25,0.0,False,False,False,False,df984540-4135-4fe7-8efb-f1e485c5b038
3,normal,85,6,discrete,paper,2,MTC,0.6144000000000001,3840.0,768.0,1310.0,1447.0,80.00000000000001,19.999999999999986,24.0,23.34,41.665,35.0,23.335,0,RR(cost=1.0),[144],-0.3333,0.11389383754270642,0.6759618162349859,0.2640381837650141,0.2940381837650141,0.25,0.0,False,False,False,False,df984540-4135-4fe7-8efb-f1e485c5b038
3,normal,85,7,discrete,paper,0,eMBB,20.7808,91680.0,25976.0,120924.2,128714.0,71.666,28.334000000000003,43.0,36.67,36.665000000000006,25.0,38.334999999999994,0,RR(cost=1.0),[117],0.0,0.277732789200051,0.6083383284078294,0.3316616715921705,0.36166167159217055,0.14999999999999988,0.0,False,True,False,False,df984540-4135-4fe7-8efb-f1e485c5b038
3,normal,85,7,discrete,paper,1,URLLC,3.2448,1950.0,4056.0,355.0,1427.0,20.0,80.0,5.0,25.0,36.665000000000006,25.0,38.334999999999994,0,RR(cost=1.0),[117],0.0,0.277732789200051,0.6083383284078294,0.3316616715921705,0.36166167159217055,0.14999999999999988,0.0,False,False,False,False,df984540-4135-4fe7-8efb-f1e485c5b038
3,normal,85,7,discrete,paper,2,MTC,5.8368,2560.0,7296.0,728.0,1462.0,40.0,60.0,8.0,38.32999999999999,36.665000000000006,25.0,38.334999999999994,0,RR(cost=1.0),[117],0.0,0.277732789200051,0.6083383284078294,0.3316616715921705,0.36166167159217055,0.14999999999999988,0.0,False,False,False,False,df984540-4135-4fe7-8efb-f1e485c5b038
3,normal,85,8,discrete,paper,0,eMBB,2.4448,84040.0,3056.0,141473.6,147360.0,96.36399999999999,3.63600000000001,53.0,16.66,16.665,55.00000000000001,28.335,0,RR(cost=1.0),[21],1.3976814616360174,0.06822204924692878,0.4058096310810577,0.5341903689189422,0.5641903689189423,0.30000000000000004,0.0,False,False,False,False,df984540-4135-4fe7-8efb-f1e485c5b038
3,normal,85,8,discrete,paper,1,URLLC,1.248,1950.0,1560.0,87.8,91.0,20.0,80.0,5.0,55.0,16.665,55.00000000000001,28.335,0,RR(cost=1.0),[21],1.3976814616360174,0.06822204924692878,0.4058096310810577,0.5341903689189422,0.5641903689189423,0.30000000000000004,0.0,False,False,False,False,df984540-4135-4fe7-8efb-f1e485c5b038
3,normal,85,8,discrete,paper,2,MTC,1.2288000000000001,3840.0,1536.0,611.2,1555.0,63.33200000000001,36.66799999999999,19.0,28.339999999999996,16.665,55.00000000000001,28.335,0,RR(cost=1.0),[21],1.3976814616360174,0.06822204924692878,0.4058096310810577,0.5341903689189422,0.5641903689189423,0.30000000000000004,0.0,False,False,False,False,df984540-4135-4fe7-8efb-f1e485c5b038
3,normal,85,9,discrete,paper,0,eMBB,18.336,91680.0,22920.0,142585.4,157806.0,75.0,25.0,45.0,16.66,16.665,55.00000000000001,28.335,0,RR(cost=1.0),[21],0.0,0.153400319240507,0.41188928037921335,0.5281107196207866,0.5581107196207866,0.0,0.0,False,True,False,False,df984540-4135-4fe7-8efb-f1e485c5b038
3,normal,85,9,discrete,paper,1,URLLC,1.248,1950.0,1560.0,103.4,169.0,20.0,80.0,5.0,55.0,16.665,55.00000000000001,28.335,0,RR(cost=1.0),[21],0.0,0.153400319240507,0.41188928037921335,0.5281107196207866,0.5581107196207866,0.0,0.0,False,False,False,False,df984540-4135-4fe7-8efb-f1e485c5b038
3,normal,85,9,discrete,paper,2,MTC,1.4335999999999998,2560.0,1792.0,414.8,1555.0,50.0,50.0,10.0,28.339999999999996,16.665,55.00000000000001,28.335,0,RR(cost=1.0),[21],0.0,0.153400319240507,0.41188928037921335,0.5281107196207866,0.5581107196207866,0.0,0.0,False,False,False,False,df984540-4135-4fe7-8efb-f1e485c5b038
3,normal,85,10,discrete,paper,0,eMBB,29.3376,91680.0,36672.0,149832.0,180589.0,66.666,33.334,40.0,16.66,16.665,55.00000000000001,28.335,0,RR(cost=1.0),[21],0.0,0.19425624555865975,0.45756861223375556,0.4824313877662444,0.5124313877662444,0.0,0.0,False,True,False,False,df984540-4135-4fe7-8efb-f1e485c5b038
3,normal,85,10,discrete,paper,1,URLLC,1.248,1950.0,1560.0,119.8,251.0,20.0,80.0,5.0,55.0,16.665,55.00000000000001,28.335,0,RR(cost=1.0),[21],0.0,0.19425624555865975,0.45756861223375556,0.4824313877662444,0.5124313877662444,0.0,0.0,False,False,False,False,df984540-4135-4fe7-8efb-f1e485c5b038
3,normal,85,10,discrete,paper,2,MTC,0.8192,3840.0,1024.0,418.4,1555.0,73.33200000000001,26.667999999999992,22.0,28.339999999999996,16.665,55.00000000000001,28.335,0,RR(cost=1.0),[21],0.0,0.19425624555865975,0.45756861223375556,0.4824313877662444,0.5124313877662444,0.0,0.0,False,False,False,False,df984540-4135-4fe7-8efb-f1e485c5b038
3,normal,85,11,discrete,paper,0,eMBB,40.339200000000005,84040.0,50424.0,151433.4,199417.0,61.818000000000005,38.181999999999995,34.0,16.66,16.665,55.00000000000001,28.335,0,RR(cost=1.0),[21],0.0,0.24765659255110664,0.4275469677577125,0.5124530322422873,0.5424530322422875,0.0,0.0,False,True,False,False,df984540-4135-4fe7-8efb-f1e485c5b038
3,normal,85,11,discrete,paper,1,URLLC,0.9984,1950.0,1248.0,103.4,169.0,36.0,64.0,9.0,55.0,16.665,55.00000000000001,28.335,0,RR(cost=1.0),[21],0.0,0.24765659255110664,0.4275469677577125,0.5124530322422873,0.5424530322422875,0.0,0.0,False,False,False,False,df984540-4135-4fe7-8efb-f1e485c5b038
3,normal,85,11,discrete,paper,2,MTC,0.8192,2560.0,1024.0,401.9,1555.0,60.0,40.0,12.0,28.339999999999996,16.665,55.00000000000001,28.335,0,RR(cost=1.0),[21],0.0,0.24765659255110664,0.4275469677577125,0.5124530322422873,0.5424530322422875,0.0,0.0,False,False,False,False,df984540-4135-4fe7-8efb-f1e485c5b038
3,normal,85,12,discrete,paper,0,eMBB,12.224,91680.0,15280.0,156424.2,205357.0,83.334,16.665999999999997,50.0,16.66,16.665,55.00000000000001,28.335,0,RR(cost=1.0),[21],1.3862567606950678,0.12052236682204057,0.43558404087345326,0.5044159591265467,0.5344159591265467,0.0,0.0,False,False,False,False,df984540-4135-4fe7-8efb-f1e485c5b038
3,normal,85,12,discrete,paper,1,URLLC,1.248,1950.0,1560.0,169.0,497.0,20.0,80.0,5.0,55.0,16.665,55.00000000000001,28.335,0,RR(cost=1.0),[21],1.3862567606950678,0.12052236682204057,0.43558404087345326,0.5044159591265467,0.5344159591265467,0.0,0.0,False,False,False,False,df984540-4135-4fe7-8efb-f1e485c5b038
3,normal,85,12,discrete,paper,2,MTC,1.2288,3840.0,1536.0,530.6,2728.0,60.0,40.0,18.0,28.339999999999996,16.665,55.00000000000001,28.335,0,RR(cost=1.0),[21],1.3862567606950678,0.12052236682204057,0.43558404087345326,0.5044159591265467,0.5344159591265467,0.0,0.0,False,False,False,False,df984540-4135-4fe7-8efb-f1e485c5b038
3,normal,85,13,discrete,paper,0,eMBB,48.896,91680.0,61120.0,156619.8,230223.0,60.0,40.0,36.0,16.66,16.665,55.00000000000001,28.335,0,RR(cost=1.0),[21],0.0,0.2847826261736881,0.40730983735141635,0.5326901626485836,0.5626901626485836,0.0,0.0,False,True,False,False,df984540-4135-4fe7-8efb-f1e485c5b038
3,normal,85,13,discrete,paper,1,URLLC,1.4976,1950.0,1872.0,115.4,229.0,20.0,80.0,5.0,55.0,16.665,55.00000000000001,28.335,0,RR(cost=1.0),[21],0.0,0.2847826261736881,0.40730983735141635,0.5326901626485836,0.5626901626485836,0.0,0.0,False,False,False,False,df984540-4135-4fe7-8efb-f1e485c5b038
3,normal,85,13,discrete,paper,2,MTC,1.3312,2560.0,1664.0,549.7,2728.0,55.0,45.0,11.0,28.339999999999996,16.665,55.00000000000001,28.335,0,RR(cost=1.0),[21],0.0,0.2847826261736881,0.40730983735141635,0.5326901626485836,0.5626901626485836,0.0,0.0,False,False,False,False,df984540-4135-4fe7-8efb-f1e485c5b038
3,normal,85,14,discrete,paper,0,eMBB,36.672,84040.0,45840.0,177178.0,252533.0,63.636,36.364,35.0,16.66,16.665,55.00000000000001,28.335,0,RR(cost=1.0),[21],0.0,0.23588978612981518,0.4449063591557205,0.4950936408442795,0.5250936408442795,0.0,0.0,False,True,False,False,df984540-4135-4fe7-8efb-f1e485c5b038
3,normal,85,14,discrete,paper,1,URLLC,1.248,1950.0,1560.0,151.6,410.0,20.0,80.0,5.0,55.0,16.665,55.00000000000001,28.335,0,RR(cost=1.0),[21],0.0,0.23588978612981518,0.4449063591557205,0.4950936408442795,0.5250936408442795,0.0,0.0,False,False,False,False,df984540-4135-4fe7-8efb-f1e485c5b038
3,normal,85,14,discrete,paper,2,MTC,0.8192,3840.0,1024.0,551.4,2728.0,73.33200000000001,26.667999999999992,22.0,28.339999999999996,16.665,55.00000000000001,28.335,0,RR(cost=1.0),[21],0.0,0.23588978612981518,0.4449063591557205,0.4950936408442795,0.5250936408442795,0.0,0.0,False,False,False,False,df984540-4135-4fe7-8efb-f1e485c5b038
3,normal,85,15,discrete,paper,0,eMBB,34.227199999999996,91680.0,42784.0,181271.4,264503.0,65.0,35.0,39.0,16.66,16.665,55.00000000000001,28.335,0,RR(cost=1.0),[21],0.0,0.21129245304702743,0.4049316948760652,0.5350683051239349,0.5650683051239348,0.0,0.0,False,True,False,False,df984540-4135-4fe7-8efb-f1e485c5b038
3,normal,85,15,discrete,paper,1,URLLC,1.248,1950.0,1560.0,151.6,410.0,20.0,80.0,5.0,55.0,16.665,55.00000000000001,28.335,0,RR(cost=1.0),[21],0.0,0.21129245304702743,0.4049316948760652,0.5350683051239349,0.5650683051239348,0.0,0.0,False,False,False,False,df984540-4135-4fe7-8efb-f1e485c5b038
3,normal,85,15,discrete,paper,2,MTC,1.2288,2560.0,1536.0,591.9,2728.0,60.0,40.0,12.0,28.339999999999996,16.665,55.00000000000001,28.335,0,RR(cost=1.0),[21],0.0,0.21129245304702743,0.4049316948760652,0.5350683051239349,0.5650683051239348,0.0,0.0,False,False,False,False,df984540-4135-4fe7-8efb-f1e485c5b038
3,normal,85,16,discrete,paper,0,eMBB,31.7824,91680.0,39728.0,217152.6,289196.0,66.666,33.334,40.0,21.66,21.665,20.0,58.335,0,RR(cost=1.0),[33],0.0,0.22053449185890178,0.47805224574461946,0.46194775425538065,0.4919477542553805,0.35000000000000003,0.0,False,True,False,False,df984540-4135-4fe7-8efb-f1e485c5b038
3,normal,85,16,discrete,paper,1,URLLC,1.248,1950.0,1560.0,200.0,652.0,20.0,80.0,5.0,20.0,21.665,20.0,58.335,0,RR(cost=1.0),[33],0.0,0.22053449185890178,0.47805224574461946,0.46194775425538065,0.4919477542553805,0.35000000000000003,0.0,False,False,False,False,df984540-4135-4fe7-8efb-f1e485c5b038
3,normal,85,16,discrete,paper,2,MTC,1.024,3840.0,1280.0,535.7,2728.0,66.666,33.334,20.0,58.34000000000002,21.665,20.0,58.335,0,RR(cost=1.0),[33],0.0,0.22053449185890178,0.47805224574461946,0.46194775425538065,0.4919477542553805,0.35000000000000003,0.0,False,False,False,False,df984540-4135-4fe7-8efb-f1e485c5b038
3,normal,85,17,discrete,paper,0,eMBB,61.12,84040.0,76400.0,216501.0,308491.0,60.0,40.0,33.0,21.66,21.665,20.0,58.335,0,RR(cost=1.0),[33],0.0,0.39099012357695745,0.4553454635325582,0.48465453646744183,0.5146545364674416,0.0,0.0,False,True,False,False,df984540-4135-4fe7-8efb-f1e485c5b038
3,normal,85,17,discrete,paper,1,URLLC,1.248,1950.0,1560.0,218.2,743.0,20.0,80.0,5.0,20.0,21.665,20.0,58.335,0,RR(cost=1.0),[33],0.0,0.39099012357695745,0.4553454635325582,0.48465453646744183,0.5146545364674416,0.0,0.0,False,False,False,False,df984540-4135-4fe7-8efb-f1e485c5b038
3,normal,85,17,discrete,paper,2,MTC,1.2288,2560.0,1536.0,843.5,4479.0,60.0,40.0,12.0,58.34000000000002,21.665,20.0,58.335,0,RR(cost=1.0),[33],0.0,0.39099012357695745,0.4553454635325582,0.48465453646744183,0.5146545364674416,0.0,0.0,False,False,False,False,df984540-4135-4fe7-8efb-f1e485c5b038
3,normal,85,18,discrete,paper,0,eMBB,33.0048,91680.0,41256.0,222727.0,311334.0,66.666,33.334,40.0,46.66,46.665,30.000000000000004,23.335,1,PF(cost=2.0),[160],0.0,0.33006021728289325,0.7403024822594843,0.1996975177405158,0.22969751774051575,0.35000000000000003,0.0,False,True,False,False,df984540-4135-4fe7-8efb-f1e485c5b038
3,normal,85,18,discrete,paper,1,URLLC,0.9984,1950.0,1248.0,199.0,647.0,36.0,64.0,9.0,30.0,46.665,30.000000000000004,23.335,1,PF(cost=2.0),[160],0.0,0.33006021728289325,0.7403024822594843,0.1996975177405158,0.22969751774051575,0.35000000000000003,0.0,False,False,False,False,df984540-4135-4fe7-8efb-f1e485c5b038
3,normal,85,18,discrete,paper,2,MTC,0.8192,3840.0,1024.0,856.0,4479.0,73.33200000000001,26.667999999999992,22.0,23.34,46.665,30.000000000000004,23.335,1,PF(cost=2.0),[160],0.0,0.33006021728289325,0.7403024822594843,0.1996975177405158,0.22969751774051575,0.35000000000000003,0.0,False,False,False,False,df984540-4135-4fe7-8efb-f1e485c5b038
3,normal,85,19,discrete,paper,0,eMBB,30.56,91680.0,38200.0,233726.4,341248.0,60.0,40.0,36.0,21.66,21.665,25.0,53.335,0,RR(cost=1.0),[36],0.0,0.21606600328103073,0.43971349274619487,0.5002865072538051,0.5302865072538051,0.30000000000000004,0.0,False,True,False,False,df984540-4135-4fe7-8efb-f1e485c5b038
3,normal,85,19,discrete,paper,1,URLLC,1.248,1950.0,1560.0,185.4,579.0,20.0,80.0,5.0,25.0,21.665,25.0,53.335,0,RR(cost=1.0),[36],0.0,0.21606600328103073,0.43971349274619487,0.5002865072538051,0.5302865072538051,0.30000000000000004,0.0,False,False,False,False,df984540-4135-4fe7-8efb-f1e485c5b038
3,normal,85,19,discrete,paper,2,MTC,1.4336000000000002,2560.0,1792.0,663.8,2728.0,50.0,50.0,10.0,53.34000000000002,21.665,25.0,53.335,0,RR(cost=1.0),[36],0.0,0.21606600328103073,0.43971349274619487,0.5002865072538051,0.5302865072538051,0.30000000000000004,0.0,False,False,False,False,df984540-4135-4fe7-8efb-f1e485c5b038
3,normal,85,20,discrete,paper,0,eMBB,25.6704,84040.0,32088.0,249575.8,358556.0,63.636,36.364,35.0,16.66,16.665,45.0,38.334999999999994,0,RR(cost=1.0),[15],0.0,0.1860181177632616,0.41306091750675034,0.5269390824932496,0.5569390824932497,0.20000000000000004,0.0,False,True,False,False,df984540-4135-4fe7-8efb-f1e485c5b038
3,normal,85,20,discrete,paper,1,URLLC,1.4976,1950.0,1872.0,185.4,579.0,20.0,80.0,5.0,45.0,16.665,45.0,38.334999999999994,0,RR(cost=1.0),[15],0.0,0.1860181177632616,0.41306091750675034,0.5269390824932496,0.5569390824932497,0.20000000000000004,0.0,False,False,False,False,df984540-4135-4fe7-8efb-f1e485c5b038
3,normal,85,20,discrete,paper,2,MTC,1.2288,3840.0,1536.0,712.7,2728.0,60.0,40.0,18.0,38.32999999999999,16.665,45.0,38.334999999999994,0,RR(cost=1.0),[15],0.0,0.1860181177632616,0.41306091750675034,0.5269390824932496,0.5569390824932497,0.20000000000000004,0.0,False,False,False,False,df984540-4135-4fe7-8efb-f1e485c5b038
3,normal,85,21,discrete,paper,0,eMBB,30.56,91680.0,38200.0,248962.4,358810.0,60.0,40.0,36.0,31.660000000000004,31.665,30.000000000000004,38.334999999999994,2,BCQI(cost=2.0),[98],0.0,0.2607195692207136,0.5423881703236322,0.39761182967636777,0.4276118296763679,0.14999999999999997,0.0,False,True,False,False,df984540-4135-4fe7-8efb-f1e485c5b038
3,normal,85,21,discrete,paper,1,URLLC,1.248,1950.0,1560.0,87.0,87.0,20.0,80.0,5.0,30.0,31.665,30.000000000000004,38.334999999999994,2,BCQI(cost=2.0),[98],0.0,0.2607195692207136,0.5423881703236322,0.39761182967636777,0.4276118296763679,0.14999999999999997,0.0,False,False,False,False,df984540-4135-4fe7-8efb-f1e485c5b038
3,normal,85,21,discrete,paper,2,MTC,1.2288,2560.0,1536.0,718.8,2728.0,60.0,40.0,12.0,38.32999999999999,31.665,30.000000000000004,38.334999999999994,2,BCQI(cost=2.0),[98],0.0,0.2607195692207136,0.5423881703236322,0.39761182967636777,0.4276118296763679,0.14999999999999997,0.0,False,False,False,False,df984540-4135-4fe7-8efb-f1e485c5b038
3,normal,85,22,discrete,paper,0,eMBB,24.448,91680.0,30560.0,269985.2,392839.0,66.666,33.334,40.0,16.66,16.665,45.0,38.334999999999994,0,RR(cost=1.0),[15],0.0,0.1585900098054796,0.42126077399636574,0.5187392260036342,0.5487392260036343,0.14999999999999997,0.0,False,True,False,False,df984540-4135-4fe7-8efb-f1e485c5b038
3,normal,85,22,discrete,paper,1,URLLC,1.248,1950.0,1560.0,169.0,497.0,20.0,80.0,5.0,45.0,16.665,45.0,38.334999999999994,0,RR(cost=1.0),[15],0.0,0.1585900098054796,0.42126077399636574,0.5187392260036342,0.5487392260036343,0.14999999999999997,0.0,False,False,False,False,df984540-4135-4fe7-8efb-f1e485c5b038
3,normal,85,22,discrete,paper,2,MTC,0.8192,3840.0,1024.0,1021.3,5571.0,73.33200000000001,26.667999999999992,22.0,38.32999999999999,16.665,45.0,38.334999999999994,0,RR(cost=1.0),[15],0.0,0.1585900098054796,0.42126077399636574,0.5187392260036342,0.5487392260036343,0.14999999999999997,0.0,False,False,False,False,df984540-4135-4fe7-8efb-f1e485c5b038
3,normal,85,23,discrete,paper,0,eMBB,19.5584,84040.0,24448.0,277211.4,398643.0,70.908,29.092,39.0,16.66,16.665,45.0,38.334999999999994,0,RR(cost=1.0),[15],0.0,0.15165143476371343,0.39477599904987204,0.5452240009501279,0.575224000950128,0.0,0.0,False,True,False,False,df984540-4135-4fe7-8efb-f1e485c5b038
3,normal,85,23,discrete,paper,1,URLLC,1.248,1950.0,1560.0,195.4,629.0,20.0,80.0,5.0,45.0,16.665,45.0,38.334999999999994,0,RR(cost=1.0),[15],0.0,0.15165143476371343,0.39477599904987204,0.5452240009501279,0.575224000950128,0.0,0.0,False,False,False,False,df984540-4135-4fe7-8efb-f1e485c5b038
3,normal,85,23,discrete,paper,2,MTC,1.2288,2560.0,1536.0,980.8,5571.0,60.0,40.0,12.0,38.32999999999999,16.665,45.0,38.334999999999994,0,RR(cost=1.0),[15],0.0,0.15165143476371343,0.39477599904987204,0.5452240009501279,0.575224000950128,0.0,0.0,False,False,False,False,df984540-4135-4fe7-8efb-f1e485c5b038
3,normal,85,24,discrete,paper,0,eMBB,31.7824,91680.0,39728.0,289202.0,422926.0,61.666,38.334,37.0,31.660000000000004,31.665,30.000000000000004,38.334999999999994,2,BCQI(cost=2.0),[98],0.0,0.2564289617557129,0.5680318193038921,0.3719681806961078,0.40196818069610796,0.14999999999999997,0.0,False,True,False,False,df984540-4135-4fe7-8efb-f1e485c5b038
3,normal,85,24,discrete,paper,1,URLLC,1.248,1950.0,1560.0,195.4,629.0,20.0,80.0,5.0,30.0,31.665,30.000000000000004,38.334999999999994,2,BCQI(cost=2.0),[98],0.0,0.2564289617557129,0.5680318193038921,0.3719681806961078,0.40196818069610796,0.14999999999999997,0.0,False,False,False,False,df984540-4135-4fe7-8efb-f1e485c5b038
3,normal,85,24,discrete,paper,2,MTC,0.8192,3840.0,1024.0,704.2,5571.0,73.33200000000001,26.667999999999992,22.0,38.32999999999999,31.665,30.000000000000004,38.334999999999994,2,BCQI(cost=2.0),[98],0.0,0.2564289617557129,0.5680318193038921,0.3719681806961078,0.40196818069610796,0.14999999999999997,0.0,False,False,False,False,df984540-4135-4fe7-8efb-f1e485c5b038
3,normal,85,25,discrete,paper,0,eMBB,34.227199999999996,91680.0,42784.0,297286.8,436523.0,60.0,40.0,36.0,31.660000000000004,31.665,30.000000000000004,38.334999999999994,2,BCQI(cost=2.0),[98],0.0,0.2615881510154303,0.5451259275485592,0.39487407245144085,0.4248740724514408,0.0,0.0,False,True,False,False,df984540-4135-4fe7-8efb-f1e485c5b038
3,normal,85,25,discrete,paper,1,URLLC,0.9984,1950.0,1248.0,87.0,87.0,36.0,64.0,9.0,30.0,31.665,30.000000000000004,38.334999999999994,2,BCQI(cost=2.0),[98],0.0,0.2615881510154303,0.5451259275485592,0.39487407245144085,0.4248740724514408,0.0,0.0,False,False,False,False,df984540-4135-4fe7-8efb-f1e485c5b038
3,normal,85,25,discrete,paper,2,MTC,0.8192,2560.0,1024.0,632.6,4565.0,60.0,40.0,12.0,38.32999999999999,31.665,30.000000000000004,38.334999999999994,2,BCQI(cost=2.0),[98],0.0,0.2615881510154303,0.5451259275485592,0.39487407245144085,0.4248740724514408,0.0,0.0,False,False,False,False,df984540-4135-4fe7-8efb-f1e485c5b038
3,normal,85,26,discrete,paper,0,eMBB,30.56,84040.0,38200.0,308499.2,464455.0,60.0,40.0,33.0,31.660000000000004,31.665,30.000000000000004,38.334999999999994,2,BCQI(cost=2.0),[98],0.0,0.29979331952927396,0.5406548484588869,0.399345151541113,0.4293451515411131,0.0,0.0,False,True,False,False,df984540-4135-4fe7-8efb-f1e485c5b038
3,normal,85,26,discrete,paper,1,URLLC,1.248,1950.0,1560.0,87.0,87.0,20.0,80.0,5.0,30.0,31.665,30.000000000000004,38.334999999999994,2,BCQI(cost=2.0),[98],0.0,0.29979331952927396,0.5406548484588869,0.399345151541113,0.4293451515411131,0.0,0.0,False,False,False,False,df984540-4135-4fe7-8efb-f1e485c5b038
3,normal,85,26,discrete,paper,2,MTC,4.1983999999999995,3840.0,5248.0,632.6,4565.0,50.0,50.0,15.0,38.32999999999999,31.665,30.000000000000004,38.334999999999994,2,BCQI(cost=2.0),[98],0.0,0.29979331952927396,0.5406548484588869,0.399345151541113,0.4293451515411131,0.0,0.0,False,False,False,False,df984540-4135-4fe7-8efb-f1e485c5b038
3,normal,85,27,discrete,paper,0,eMBB,30.56,91680.0,38200.0,317225.2,480742.0,60.0,40.0,36.0,31.660000000000004,31.665,30.000000000000004,38.334999999999994,2,BCQI(cost=2.0),[98],0.0,0.26611484869291596,0.5354123865831562,0.40458761341684374,0.4345876134168438,0.0,0.0,False,True,False,False,df984540-4135-4fe7-8efb-f1e485c5b038
3,normal,85,27,discrete,paper,1,URLLC,1.4976,1950.0,1872.0,185.4,579.0,20.0,80.0,5.0,30.0,31.665,30.000000000000004,38.334999999999994,2,BCQI(cost=2.0),[98],0.0,0.26611484869291596,0.5354123865831562,0.40458761341684374,0.4345876134168438,0.0,0.0,False,False,False,False,df984540-4135-4fe7-8efb-f1e485c5b038
3,normal,85,27,discrete,paper,2,MTC,1.2288,2560.0,1536.0,632.6,4565.0,60.0,40.0,12.0,38.32999999999999,31.665,30.000000000000004,38.334999999999994,2,BCQI(cost=2.0),[98],0.0,0.26611484869291596,0.5354123865831562,0.40458761341684374,0.4345876134168438,0.0,0.0,False,False,False,False,df984540-4135-4fe7-8efb-f1e485c5b038
3,normal,85,28,discrete,paper,0,eMBB,36.672,91680.0,45840.0,326036.8,493870.0,60.0,40.0,36.0,31.660000000000004,31.665,30.000000000000004,38.334999999999994,2,BCQI(cost=2.0),[98],0.0,0.2802302011558473,0.5575056223209064,0.38249437767909356,0.4124943776790937,0.0,0.0,False,True,False,False,df984540-4135-4fe7-8efb-f1e485c5b038
3,normal,85,28,discrete,paper,1,URLLC,1.248,1950.0,1560.0,103.4,169.0,20.0,80.0,5.0,30.0,31.665,30.000000000000004,38.334999999999994,2,BCQI(cost=2.0),[98],0.0,0.2802302011558473,0.5575056223209064,0.38249437767909356,0.4124943776790937,0.0,0.0,False,False,False,False,df984540-4135-4fe7-8efb-f1e485c5b038
3,normal,85,28,discrete,paper,2,MTC,0.8192,3840.0,1024.0,632.6,4565.0,73.33200000000001,26.667999999999992,22.0,38.32999999999999,31.665,30.000000000000004,38.334999999999994,2,BCQI(cost=2.0),[98],0.0,0.2802302011558473,0.5575056223209064,0.38249437767909356,0.4124943776790937,0.0,0.0,False,False,False,False,df984540-4135-4fe7-8efb-f1e485c5b038
3,normal,85,29,discrete,paper,0,eMBB,34.227199999999996,84040.0,42784.0,330436.8,504569.0,58.181999999999995,41.818000000000005,32.0,31.660000000000004,31.665,30.000000000000004,38.334999999999994,2,BCQI(cost=2.0),[98],0.0,0.304910587503247,0.5198615464674815,0.42013845353251844,0.45013845353251847,0.0,0.0,False,True,False,False,df984540-4135-4fe7-8efb-f1e485c5b038
3,normal,85,29,discrete,paper,1,URLLC,1.248,1950.0,1560.0,162.6,465.0,20.0,80.0,5.0,30.0,31.665,30.000000000000004,38.334999999999994,2,BCQI(cost=2.0),[98],0.0,0.304910587503247,0.5198615464674815,0.42013845353251844,0.45013845353251847,0.0,0.0,False,False,False,False,df984540-4135-4fe7-8efb-f1e485c5b038
3,normal,85,29,discrete,paper,2,MTC,7.9872,2560.0,9984.0,779.3,5629.0,40.0,60.0,8.0,38.32999999999999,31.665,30.000000000000004,38.334999999999994,2,BCQI(cost=2.0),[98],0.0,0.304910587503247,0.5198615464674815,0.42013845353251844,0.45013845353251847,0.0,0.0,False,False,False,False,df984540-4135-4fe7-8efb-f1e485c5b038
3,normal,85,30,discrete,paper,0,eMBB,30.56,91680.0,38200.0,339543.6,528225.0,60.0,40.0,36.0,31.660000000000004,31.665,30.000000000000004,38.334999999999994,2,BCQI(cost=2.0),[98],0.0,0.24696613784954166,0.5503172360645339,0.3896827639354661,0.4196827639354661,0.0,0.0,False,True,False,False,df984540-4135-4fe7-8efb-f1e485c5b038
3,normal,85,30,discrete,paper,1,URLLC,1.248,1950.0,1560.0,162.6,465.0,20.0,80.0,5.0,30.0,31.665,30.000000000000004,38.334999999999994,2,BCQI(cost=2.0),[98],0.0,0.24696613784954166,0.5503172360645339,0.3896827639354661,0.4196827639354661,0.0,0.0,False,False,False,False,df984540-4135-4fe7-8efb-f1e485c5b038
3,normal,85,30,discrete,paper,2,MTC,1.024,3840.0,1280.0,667.2,4619.0,66.665,33.334999999999994,20.0,38.32999999999999,31.665,30.000000000000004,38.334999999999994,2,BCQI(cost=2.0),[98],0.0,0.24696613784954166,0.5503172360645339,0.3896827639354661,0.4196827639354661,0.0,0.0,False,False,False,False,df984540-4135-4fe7-8efb-f1e485c5b038
3,normal,85,31,discrete,paper,0,eMBB,26.8928,91680.0,33616.0,355328.0,547651.0,65.0,35.0,39.0,36.67,36.665000000000006,50.0,13.334999999999999,1,PF(cost=2.0),[133],0.0,0.2524167649586905,0.5767014781663282,0.36329852183367184,0.39329852183367175,0.25,0.0,False,True,False,False,df984540-4135-4fe7-8efb-f1e485c5b038
3,normal,85,31,discrete,paper,1,URLLC,1.248,1950.0,1560.0,118.0,242.0,20.0,80.0,5.0,50.0,36.665000000000006,50.0,13.334999999999999,1,PF(cost=2.0),[133],0.0,0.2524167649586905,0.5767014781663282,0.36329852183367184,0.39329852183367175,0.25,0.0,False,False,False,False,df984540-4135-4fe7-8efb-f1e485c5b038
3,normal,85,31,discrete,paper,2,MTC,1.2288,2560.0,1536.0,463.1,2312.0,60.0,40.0,12.0,13.330000000000002,36.665000000000006,50.0,13.334999999999999,1,PF(cost=2.0),[133],0.0,0.2524167649586905,0.5767014781663282,0.36329852183367184,0.39329852183367175,0.25,0.0,False,False,False,False,df984540-4135-4fe7-8efb-f1e485c5b038
3,normal,85,32,discrete,paper,0,eMBB,29.3376,84040.0,36672.0,360065.0,557225.0,60.0,40.0,33.0,16.66,16.665,30.000000000000004,53.335,2,BCQI(cost=2.0),[8],0.0,0.17785439672643513,0.40506115692953026,0.5349388430704697,0.5649388430704697,0.4,0.0,False,True,False,False,df984540-4135-4fe7-8efb-f1e485c5b038
3,normal,85,32,discrete,paper,1,URLLC,0.9984,1950.0,1248.0,118.0,242.0,36.0,64.0,9.0,30.0,16.665,30.000000000000004,53.335,2,BCQI(cost=2.0),[8],0.0,0.17785439672643513,0.40506115692953026,0.5349388430704697,0.5649388430704697,0.4,0.0,False,False,False,False,df984540-4135-4fe7-8efb-f1e485c5b038
3,normal,85,32,discrete,paper,2,MTC,0.8192,3840.0,1024.0,524.0,2312.0,73.33200000000001,26.667999999999992,22.0,53.34000000000002,16.665,30.000000000000004,53.335,2,BCQI(cost=2.0),[8],0.0,0.17785439672643513,0.40506115692953026,0.5349388430704697,0.5649388430704697,0.4,0.0,False,False,False,False,df984540-4135-4fe7-8efb-f1e485c5b038
3,normal,85,33,discrete,paper,0,eMBB,33.004799999999996,91680.0,41256.0,370647.0,570997.0,60.0,40.0,36.0,46.66,46.665,40.0,13.334999999999999,0,RR(cost=1.0),[165],0.0,0.3267612349667203,0.676064798488414,0.2639352015115859,0.2939352015115859,0.4,0.0,False,True,False,False,df984540-4135-4fe7-8efb-f1e485c5b038
3,normal,85,33,discrete,paper,1,URLLC,1.248,1950.0,1560.0,87.0,87.0,20.0,80.0,5.0,40.0,46.665,40.0,13.334999999999999,0,RR(cost=1.0),[165],0.0,0.3267612349667203,0.676064798488414,0.2639352015115859,0.2939352015115859,0.4,0.0,False,False,False,False,df984540-4135-4fe7-8efb-f1e485c5b038
3,normal,85,33,discrete,paper,2,MTC,0.8192,2560.0,1024.0,543.7,2527.0,60.0,40.0,12.0,13.330000000000002,46.665,40.0,13.334999999999999,0,RR(cost=1.0),[165],0.0,0.3267612349667203,0.676064798488414,0.2639352015115859,0.2939352015115859,0.4,0.0,False,False,False,False,df984540-4135-4fe7-8efb-f1e485c5b038
3,normal,85,34,discrete,paper,0,eMBB,36.672,91680.0,45840.0,383901.2,588853.0,60.0,40.0,36.0,36.67,36.665000000000006,25.0,38.334999999999994,2,BCQI(cost=2.0),[119],0.0,0.3169858148306378,0.5881541685166641,0.35184583148333587,0.38184583148333595,0.24999999999999994,0.0,False,True,False,False,df984540-4135-4fe7-8efb-f1e485c5b038
3,normal,85,34,discrete,paper,1,URLLC,1.4976,1950.0,1872.0,87.0,87.0,20.0,80.0,5.0,25.0,36.665000000000006,25.0,38.334999999999994,2,BCQI(cost=2.0),[119],0.0,0.3169858148306378,0.5881541685166641,0.35184583148333587,0.38184583148333595,0.24999999999999994,0.0,False,False,False,False,df984540-4135-4fe7-8efb-f1e485c5b038
3,normal,85,34,discrete,paper,2,MTC,1.2288,3840.0,1536.0,620.6,2742.0,60.0,40.0,18.0,38.32999999999999,36.665000000000006,25.0,38.334999999999994,2,BCQI(cost=2.0),[119],0.0,0.3169858148306378,0.5881541685166641,0.35184583148333587,0.38184583148333595,0.24999999999999994,0.0,False,False,False,False,df984540-4135-4fe7-8efb-f1e485c5b038
3,normal,85,35,discrete,paper,0,eMBB,39.1168,84040.0,48896.0,387901.0,611808.0,60.0,40.0,33.0,61.67,61.665000000000006,25.0,13.334999999999999,2,BCQI(cost=2.0),[194],0.0,0.5007398377840921,0.8243640206347979,0.1156359793652022,0.14563597936520215,0.24999999999999994,0.0,False,True,False,False,df984540-4135-4fe7-8efb-f1e485c5b038
3,normal,85,35,discrete,paper,1,URLLC,1.248,1950.0,1560.0,87.0,87.0,20.0,80.0,5.0,25.0,61.665000000000006,25.0,13.334999999999999,2,BCQI(cost=2.0),[194],0.0,0.5007398377840921,0.8243640206347979,0.1156359793652022,0.14563597936520215,0.24999999999999994,0.0,False,False,False,False,df984540-4135-4fe7-8efb-f1e485c5b038
3,normal,85,35,discrete,paper,2,MTC,1.2288,2560.0,1536.0,670.8,2742.0,60.0,40.0,12.0,13.330000000000002,61.665000000000006,25.0,13.334999999999999,2,BCQI(cost=2.0),[194],0.0,0.5007398377840921,0.8243640206347979,0.1156359793652022,0.14563597936520215,0.24999999999999994,0.0,False,False,False,False,df984540-4135-4fe7-8efb-f1e485c5b038
3,normal,85,36,discrete,paper,0,eMBB,33.004799999999996,91680.0,41256.0,394206.4,622751.0,60.0,40.0,36.0,16.67,16.665000000000003,35.0,48.335,2,BCQI(cost=2.0),[11],0.0,0.20588440916734338,0.38557373351585444,0.5544262664841455,0.5844262664841455,0.44999999999999996,0.0,False,True,False,False,df984540-4135-4fe7-8efb-f1e485c5b038
3,normal,85,36,discrete,paper,1,URLLC,1.248,1950.0,1560.0,87.0,87.0,20.0,80.0,5.0,35.0,16.665000000000003,35.0,48.335,2,BCQI(cost=2.0),[11],0.0,0.20588440916734338,0.38557373351585444,0.5544262664841455,0.5844262664841455,0.44999999999999996,0.0,False,False,False,False,df984540-4135-4fe7-8efb-f1e485c5b038
3,normal,85,36,discrete,paper,2,MTC,2.6624000000000003,3840.0,3328.0,617.4,2716.0,63.33200000000001,36.66799999999999,19.0,48.34000000000001,16.665000000000003,35.0,48.335,2,BCQI(cost=2.0),[11],0.0,0.20588440916734338,0.38557373351585444,0.5544262664841455,0.5844262664841455,0.44999999999999996,0.0,False,False,False,False,df984540-4135-4fe7-8efb-f1e485c5b038
3,normal,85,37,discrete,paper,0,eMBB,30.560000000000002,91680.0,38200.0,407746.4,648429.0,61.666,38.334,37.0,46.66,46.665,20.0,33.335,2,BCQI(cost=2.0),[155],0.0,0.31918239177160784,0.6708061991521062,0.2691938008478938,0.2991938008478937,0.29999999999999993,0.0,False,True,False,False,df984540-4135-4fe7-8efb-f1e485c5b038
3,normal,85,37,discrete,paper,1,URLLC,1.248,1950.0,1560.0,87.0,87.0,20.0,80.0,5.0,20.0,46.665,20.0,33.335,2,BCQI(cost=2.0),[155],0.0,0.31918239177160784,0.6708061991521062,0.2691938008478938,0.2991938008478937,0.29999999999999993,0.0,False,False,False,False,df984540-4135-4fe7-8efb-f1e485c5b038
3,normal,85,37,discrete,paper,2,MTC,1.2288,2560.0,1536.0,448.9,1843.0,60.0,40.0,12.0,33.34000000000001,46.665,20.0,33.335,2,BCQI(cost=2.0),[155],0.0,0.31918239177160784,0.6708061991521062,0.2691938008478938,0.2991938008478937,0.29999999999999993,0.0,False,False,False,False,df984540-4135-4fe7-8efb-f1e485c5b038
3,normal,85,38,discrete,paper,0,eMBB,25.6704,84040.0,32088.0,418099.2,659388.0,61.818000000000005,38.181999999999995,34.0,16.66,16.665,50.0,33.335,0,RR(cost=1.0),[18],0.0,0.16237185244193206,0.38857093304930723,0.5514290669506927,0.5814290669506927,0.30000000000000004,0.0,False,True,False,False,df984540-4135-4fe7-8efb-f1e485c5b038
3,normal,85,38,discrete,paper,1,URLLC,1.248,1950.0,1560.0,87.0,87.0,20.0,80.0,5.0,50.0,16.665,50.0,33.335,0,RR(cost=1.0),[18],0.0,0.16237185244193206,0.38857093304930723,0.5514290669506927,0.5814290669506927,0.30000000000000004,0.0,False,False,False,False,df984540-4135-4fe7-8efb-f1e485c5b038
3,normal,85,38,discrete,paper,2,MTC,0.9216,3840.0,1152.0,395.9,1490.0,69.999,30.001000000000005,21.0,33.34000000000001,16.665,50.0,33.335,0,RR(cost=1.0),[18],0.0,0.16237185244193206,0.38857093304930723,0.5514290669506927,0.5814290669506927,0.30000000000000004,0.0,False,False,False,False,df984540-4135-4fe7-8efb-f1e485c5b038
3,normal,85,39,discrete,paper,0,eMBB,31.7824,91680.0,39728.0,425024.6,674435.0,58.334,41.666,35.0,41.66,41.665,45.00000000000001,13.335000000000003,2,BCQI(cost=2.0),[152],0.0,0.31214619630980117,0.6202132780839587,0.31978672191604135,0.34978672191604143,0.24999999999999997,0.0,False,True,False,False,df984540-4135-4fe7-8efb-f1e485c5b038
3,normal,85,39,discrete,paper,1,URLLC,0.9984,1950.0,1248.0,87.0,87.0,36.0,64.0,9.0,45.0,41.665,45.00000000000001,13.335000000000003,2,BCQI(cost=2.0),[152],0.0,0.31214619630980117,0.6202132780839587,0.31978672191604135,0.34978672191604143,0.24999999999999997,0.0,False,False,False,False,df984540-4135-4fe7-8efb-f1e485c5b038
3,normal,85,39,discrete,paper,2,MTC,1.9456000000000002,2560.0,2432.0,385.3,1490.0,50.0,50.0,10.0,13.34,41.665,45.00000000000001,13.335000000000003,2,BCQI(cost=2.0),[152],0.0,0.31214619630980117,0.6202132780839587,0.31978672191604135,0.34978672191604143,0.24999999999999997,0.0,False,False,False,False,df984540-4135-4fe7-8efb-f1e485c5b038
3,normal,85,40,discrete,paper,0,eMBB,39.1168,91680.0,48896.0,437888.0,697648.0,60.0,40.0,36.0,51.67,51.665000000000006,35.0,13.335000000000003,1,PF(cost=2.0),[178],0.0,0.424016640248435,0.7243089689540119,0.21569103104598808,0.24569103104598813,0.10000000000000003,0.0,False,True,False,False,df984540-4135-4fe7-8efb-f1e485c5b038
3,normal,85,40,discrete,paper,1,URLLC,1.248,1950.0,1560.0,152.6,415.0,20.0,80.0,5.0,35.0,51.665000000000006,35.0,13.335000000000003,1,PF(cost=2.0),[178],0.0,0.424016640248435,0.7243089689540119,0.21569103104598808,0.24569103104598813,0.10000000000000003,0.0,False,False,False,False,df984540-4135-4fe7-8efb-f1e485c5b038
3,normal,85,40,discrete,paper,2,MTC,2.3552,3840.0,2944.0,403.2,1490.0,50.0,50.0,15.0,13.34,51.665000000000006,35.0,13.335000000000003,1,PF(cost=2.0),[178],0.0,0.424016640248435,0.7243089689540119,0.21569103104598808,0.24569103104598813,0.10000000000000003,0.0,False,False,False,False,df984540-4135-4fe7-8efb-f1e485c5b038
3,normal,85,41,discrete,paper,0,eMBB,29.3376,84040.0,36672.0,446715.0,720202.0,60.0,40.0,33.0,16.67,16.665000000000003,35.0,48.335,2,BCQI(cost=2.0),[11],0.0,0.18737461826912716,0.36849157394505294,0.571508426054947,0.601508426054947,0.35,0.0,False,True,False,False,df984540-4135-4fe7-8efb-f1e485c5b038
3,normal,85,41,discrete,paper,1,URLLC,1.4976,1950.0,1872.0,152.6,415.0,20.0,80.0,5.0,35.0,16.665000000000003,35.0,48.335,2,BCQI(cost=2.0),[11],0.0,0.18737461826912716,0.36849157394505294,0.571508426054947,0.601508426054947,0.35,0.0,False,False,False,False,df984540-4135-4fe7-8efb-f1e485c5b038
3,normal,85,41,discrete,paper,2,MTC,1.2288,2560.0,1536.0,406.6,1490.0,60.0,40.0,12.0,48.34000000000001,16.665000000000003,35.0,48.335,2,BCQI(cost=2.0),[11],0.0,0.18737461826912716,0.36849157394505294,0.571508426054947,0.601508426054947,0.35,0.0,False,False,False,False,df984540-4135-4fe7-8efb-f1e485c5b038
3,normal,85,42,discrete,paper,0,eMBB,35.4496,91680.0,44312.0,456033.0,731516.0,60.0,40.0,36.0,46.66,46.665,35.0,18.335,0,RR(cost=1.0),[162],0.0,0.3387385502537118,0.6862655940978997,0.2537344059021003,0.2837344059021003,0.3,0.0,False,True,False,False,df984540-4135-4fe7-8efb-f1e485c5b038
3,normal,85,42,discrete,paper,1,URLLC,1.248,1950.0,1560.0,189.6,600.0,20.0,80.0,5.0,35.0,46.665,35.0,18.335,0,RR(cost=1.0),[162],0.0,0.3387385502537118,0.6862655940978997,0.2537344059021003,0.2837344059021003,0.3,0.0,False,False,False,False,df984540-4135-4fe7-8efb-f1e485c5b038
3,normal,85,42,discrete,paper,2,MTC,0.8192,3840.0,1024.0,429.7,1522.0,73.33200000000001,26.667999999999992,22.0,18.34,46.665,35.0,18.335,0,RR(cost=1.0),[162],0.0,0.3387385502537118,0.6862655940978997,0.2537344059021003,0.2837344059021003,0.3,0.0,False,False,False,False,df984540-4135-4fe7-8efb-f1e485c5b038
3,normal,85,43,discrete,paper,0,eMBB,23.2256,91680.0,29032.0,464702.4,736530.0,68.332,31.668000000000006,41.0,16.67,16.665000000000003,35.0,48.335,2,BCQI(cost=2.0),[11],0.0,0.14479151900490916,0.36666481531612005,0.57333518468388,0.6033351846838799,0.3,0.0,False,True,False,False,df984540-4135-4fe7-8efb-f1e485c5b038
3,normal,85,43,discrete,paper,1,URLLC,1.248,1950.0,1560.0,87.0,87.0,20.0,80.0,5.0,35.0,16.665000000000003,35.0,48.335,2,BCQI(cost=2.0),[11],0.0,0.14479151900490916,0.36666481531612005,0.57333518468388,0.6033351846838799,0.3,0.0,False,False,False,False,df984540-4135-4fe7-8efb-f1e485c5b038
3,normal,85,43,discrete,paper,2,MTC,1.2288,2560.0,1536.0,333.9,1522.0,60.0,40.0,12.0,48.34000000000001,16.665000000000003,35.0,48.335,2,BCQI(cost=2.0),[11],0.0,0.14479151900490916,0.36666481531612005,0.57333518468388,0.6033351846838799,0.3,0.0,False,False,False,False,df984540-4135-4fe7-8efb-f1e485c5b038
3,normal,85,44,discrete,paper,0,eMBB,30.56,84040.0,38200.0,474057.8,760855.0,60.0,40.0,33.0,21.66,21.665,65.0,13.334999999999999,1,PF(cost=2.0),[61],0.0,0.22168737940166353,0.42853675972016325,0.5124162344104639,0.5414632402798367,0.35,0.0,False,True,False,False,df984540-4135-4fe7-8efb-f1e485c5b038
3,normal,85,44,discrete,paper,1,URLLC,1.248,1950.0,1560.0,87.0,87.0,20.0,80.0,5.0,65.0,21.665,65.0,13.334999999999999,1,PF(cost=2.0),[61],0.0,0.22168737940166353,0.42853675972016325,0.5124162344104639,0.5414632402798367,0.35,0.0,False,False,False,False,df984540-4135-4fe7-8efb-f1e485c5b038
3,normal,85,44,discrete,paper,2,MTC,2.1504,3840.0,2688.0,529.7,1952.0,63.33200000000001,36.66799999999999,19.0,13.330000000000002,21.665,65.0,13.334999999999999,1,PF(cost=2.0),[61],0.0,0.22168737940166353,0.42853675972016325,0.5124162344104639,0.5414632402798367,0.35,0.0,False,False,False,False,df984540-4135-4fe7-8efb-f1e485c5b038
3,normal,85,45,discrete,paper,0,eMBB,35.449600000000004,91680.0,44312.0,485994.4,780717.0,63.334,36.666,38.0,61.67,61.665000000000006,25.0,13.334999999999999,2,BCQI(cost=2.0),[194],0.0,0.4313359240204306,0.8164852048480886,0.12351479515191136,0.15351479515191127,0.4,0.0,False,True,False,False,df984540-4135-4fe7-8efb-f1e485c5b038
3,normal,85,45,discrete,paper,1,URLLC,1.248,1950.0,1560.0,185.4,579.0,20.0,80.0,5.0,25.0,61.665000000000006,25.0,13.334999999999999,2,BCQI(cost=2.0),[194],0.0,0.4313359240204306,0.8164852048480886,0.12351479515191136,0.15351479515191127,0.4,0.0,False,False,False,False,df984540-4135-4fe7-8efb-f1e485c5b038
3,normal,85,45,discrete,paper,2,MTC,1.2288,2560.0,1536.0,515.2,1952.0,60.0,40.0,12.0,13.330000000000002,61.665000000000006,25.0,13.334999999999999,2,BCQI(cost=2.0),[194],0.0,0.4313359240204306,0.8164852048480886,0.12351479515191136,0.15351479515191127,0.4,0.0,False,False,False,False,df984540-4135-4fe7-8efb-f1e485c5b038
3,normal,85,46,discrete,paper,0,eMBB,33.004799999999996,91680.0,41256.0,498081.0,803339.0,60.0,40.0,36.0,16.67,16.665000000000003,35.0,48.335,2,BCQI(cost=2.0),[11],0.0,0.18096607888577484,0.38248210592403775,0.5575178940759622,0.5875178940759622,0.44999999999999996,0.0,False,True,False,False,df984540-4135-4fe7-8efb-f1e485c5b038
3,normal,85,46,discrete,paper,1,URLLC,0.9984,1950.0,1248.0,247.6,890.0,36.0,64.0,9.0,35.0,16.665000000000003,35.0,48.335,2,BCQI(cost=2.0),[11],0.0,0.18096607888577484,0.38248210592403775,0.5575178940759622,0.5875178940759622,0.44999999999999996,0.0,False,False,False,False,df984540-4135-4fe7-8efb-f1e485c5b038
3,normal,85,46,discrete,paper,2,MTC,1.4336000000000002,3840.0,1792.0,584.6,2200.0,63.33200000000001,36.66799999999999,19.0,48.34000000000001,16.665000000000003,35.0,48.335,2,BCQI(cost=2.0),[11],0.0,0.18096607888577484,0.38248210592403775,0.5575178940759622,0.5875178940759622,0.44999999999999996,0.0,False,False,False,False,df984540-4135-4fe7-8efb-f1e485c5b038
3,normal,85,47,discrete,paper,0,eMBB,33.004799999999996,84040.0,41256.0,504880.2,823014.0,60.0,40.0,33.0,26.660000000000004,26.665,45.0,28.335,1,PF(cost=2.0),[79],0.0,0.24065833484669402,0.4663767712948379,0.47362322870516205,0.5036232287051621,0.2,0.0,False,True,False,False,df984540-4135-4fe7-8efb-f1e485c5b038
3,normal,85,47,discrete,paper,1,URLLC,1.248,1950.0,1560.0,213.6,720.0,20.0,80.0,5.0,45.0,26.665,45.0,28.335,1,PF(cost=2.0),[79],0.0,0.24065833484669402,0.4663767712948379,0.47362322870516205,0.5036232287051621,0.2,0.0,False,False,False,False,df984540-4135-4fe7-8efb-f1e485c5b038
3,normal,85,47,discrete,paper,2,MTC,0.8192,2560.0,1024.0,716.4,2200.0,60.0,40.0,12.0,28.339999999999996,26.665,45.0,28.335,1,PF(cost=2.0),[79],0.0,0.24065833484669402,0.4663767712948379,0.47362322870516205,0.5036232287051621,0.2,0.0,False,False,False,False,df984540-4135-4fe7-8efb-f1e485c5b038
3,normal,85,48,discrete,paper,0,eMBB,29.3376,91680.0,36672.0,515107.6,834379.0,60.0,40.0,36.0,26.660000000000004,26.664999999999996,60.0,13.334999999999997,2,BCQI(cost=2.0),[89],0.0,0.21829133103581735,0.47465259218623557,0.4653474078137644,0.4953474078137645,0.15000000000000002,0.0,False,True,False,False,df984540-4135-4fe7-8efb-f1e485c5b038
3,normal,85,48,discrete,paper,1,URLLC,1.4976,1950.0,1872.0,87.0,87.0,20.0,80.0,5.0,60.0,26.664999999999996,60.0,13.334999999999997,2,BCQI(cost=2.0),[89],0.0,0.21829133103581735,0.47465259218623557,0.4653474078137644,0.4953474078137645,0.15000000000000002,0.0,False,False,False,False,df984540-4135-4fe7-8efb-f1e485c5b038
3,normal,85,48,discrete,paper,2,MTC,1.2288,3840.0,1536.0,703.9,2200.0,60.0,40.0,18.0,13.330000000000002,26.664999999999996,60.0,13.334999999999997,2,BCQI(cost=2.0),[89],0.0,0.21829133103581735,0.47465259218623557,0.4653474078137644,0.4953474078137645,0.15000000000000002,0.0,False,False,False,False,df984540-4135-4fe7-8efb-f1e485c5b038
3,normal,85,49,discrete,paper,0,eMBB,39.1168,91680.0,48896.0,520283.8,845610.0,55.0,45.0,33.0,26.670000000000005,26.665000000000006,35.0,38.335,1,PF(cost=2.0),[73],0.0,0.27702260116054384,0.46010734336793724,0.47989265663206276,0.5098926566320627,0.2500000000000001,0.0,False,True,False,False,df984540-4135-4fe7-8efb-f1e485c5b038
3,normal,85,49,discrete,paper,1,URLLC,1.248,1950.0,1560.0,169.0,497.0,20.0,80.0,5.0,35.0,26.665000000000006,35.0,38.335,1,PF(cost=2.0),[73],0.0,0.27702260116054384,0.46010734336793724,0.47989265663206276,0.5098926566320627,0.2500000000000001,0.0,False,False,False,False,df984540-4135-4fe7-8efb-f1e485c5b038
3,normal,85,49,discrete,paper,2,MTC,3.5839999999999996,2560.0,4480.0,633.2,2200.0,50.0,50.0,10.0,38.34000000000001,26.665000000000006,35.0,38.335,1,PF(cost=2.0),[73],0.0,0.27702260116054384,0.46010734336793724,0.47989265663206276,0.5098926566320627,0.2500000000000001,0.0,False,False,False,False,df984540-4135-4fe7-8efb-f1e485c5b038
3,normal,85,50,discrete,paper,0,eMBB,30.56,84040.0,38200.0,524831.8,856975.0,60.0,40.0,33.0,26.660000000000004,26.664999999999996,60.0,13.334999999999997,2,BCQI(cost=2.0),[89],0.0,0.25956572146879037,0.47485689468172165,0.46514310531827835,0.49514310531827843,0.2500000000000001,0.0,False,True,False,False,df984540-4135-4fe7-8efb-f1e485c5b038
3,normal,85,50,discrete,paper,1,URLLC,1.248,1950.0,1560.0,169.0,497.0,20.0,80.0,5.0,60.0,26.664999999999996,60.0,13.334999999999997,2,BCQI(cost=2.0),[89],0.0,0.25956572146879037,0.47485689468172165,0.46514310531827835,0.49514310531827843,0.2500000000000001,0.0,False,False,False,False,df984540-4135-4fe7-8efb-f1e485c5b038
3,normal,85,50,discrete,paper,2,MTC,3.2768,3840.0,4096.0,734.2,3301.0,63.33200000000001,36.66799999999999,19.0,13.330000000000002,26.664999999999996,60.0,13.334999999999997,2,BCQI(cost=2.0),[89],0.0,0.25956572146879037,0.47485689468172165,0.46514310531827835,0.49514310531827843,0.2500000000000001,0.0,False,False,False,False,df984540-4135-4fe7-8efb-f1e485c5b038
3,normal,85,51,discrete,paper,0,eMBB,28.1152,91680.0,35144.0,534822.4,886746.0,61.668000000000006,38.331999999999994,37.0,26.660000000000004,26.665,45.0,28.335,1,PF(cost=2.0),[79],0.0,0.20826077164850726,0.4649985709199207,0.47500142908007925,0.5050014290800793,0.15000000000000002,0.0,False,True,False,False,df984540-4135-4fe7-8efb-f1e485c5b038
3,normal,85,51,discrete,paper,1,URLLC,1.248,1950.0,1560.0,251.0,907.0,20.0,80.0,5.0,45.0,26.665,45.0,28.335,1,PF(cost=2.0),[79],0.0,0.20826077164850726,0.4649985709199207,0.47500142908007925,0.5050014290800793,0.15000000000000002,0.0,False,False,False,False,df984540-4135-4fe7-8efb-f1e485c5b038
3,normal,85,51,discrete,paper,2,MTC,1.2288,2560.0,1536.0,699.3,3301.0,60.0,40.0,12.0,28.339999999999996,26.665,45.0,28.335,1,PF(cost=2.0),[79],0.0,0.20826077164850726,0.4649985709199207,0.47500142908007925,0.5050014290800793,0.15000000000000002,0.0,False,False,False,False,df984540-4135-4fe7-8efb-f1e485c5b038
3,normal,85,52,discrete,paper,0,eMBB,22.0032,91680.0,27504.0,555124.2,898976.0,70.0,30.0,42.0,26.660000000000004,26.664999999999996,60.0,13.334999999999997,2,BCQI(cost=2.0),[89],0.0,0.16765760752368186,0.47881206500022755,0.46270250046259165,0.49118793499977254,0.15000000000000002,0.0,False,True,False,False,df984540-4135-4fe7-8efb-f1e485c5b038
3,normal,85,52,discrete,paper,1,URLLC,1.248,1950.0,1560.0,216.0,732.0,20.0,80.0,5.0,60.0,26.664999999999996,60.0,13.334999999999997,2,BCQI(cost=2.0),[89],0.0,0.16765760752368186,0.47881206500022755,0.46270250046259165,0.49118793499977254,0.15000000000000002,0.0,False,False,False,False,df984540-4135-4fe7-8efb-f1e485c5b038
3,normal,85,52,discrete,paper,2,MTC,0.8192,3840.0,1024.0,592.0,2306.0,73.33200000000001,26.667999999999992,22.0,13.330000000000002,26.664999999999996,60.0,13.334999999999997,2,BCQI(cost=2.0),[89],0.0,0.16765760752368186,0.47881206500022755,0.46270250046259165,0.49118793499977254,0.15000000000000002,0.0,False,False,False,False,df984540-4135-4fe7-8efb-f1e485c5b038
3,normal,85,53,discrete,paper,0,eMBB,34.227199999999996,84040.0,42784.0,557107.2,908055.0,60.0,40.0,33.0,26.660000000000004,26.664999999999996,60.0,13.334999999999997,2,BCQI(cost=2.0),[89],0.0,0.24110938458124204,0.4692974513933218,0.47070254860667804,0.5007025486066783,0.0,0.0,False,True,False,False,df984540-4135-4fe7-8efb-f1e485c5b038
3,normal,85,53,discrete,paper,1,URLLC,0.9984,1950.0,1248.0,216.0,732.0,36.0,64.0,9.0,60.0,26.664999999999996,60.0,13.334999999999997,2,BCQI(cost=2.0),[89],0.0,0.24110938458124204,0.4692974513933218,0.47070254860667804,0.5007025486066783,0.0,0.0,False,False,False,False,df984540-4135-4fe7-8efb-f1e485c5b038
3,normal,85,53,discrete,paper,2,MTC,0.8192,2560.0,1024.0,753.0,3813.0,60.0,40.0,12.0,13.330000000000002,26.664999999999996,60.0,13.334999999999997,2,BCQI(cost=2.0),[89],0.0,0.24110938458124204,0.4692974513933218,0.47070254860667804,0.5007025486066783,0.0,0.0,False,False,False,False,df984540-4135-4fe7-8efb-f1e485c5b038
3,normal,85,54,discrete,paper,0,eMBB,35.4496,91680.0,44312.0,566917.6,924619.0,60.0,40.0,36.0,31.660000000000004,31.665,45.0,23.335,2,BCQI(cost=2.0),[107],0.0,0.2665112508617882,0.523617448652343,0.4163825513476569,0.4463825513476569,0.15000000000000002,0.0,False,True,False,False,df984540-4135-4fe7-8efb-f1e485c5b038
3,normal,85,54,discrete,paper,1,URLLC,1.248,1950.0,1560.0,216.0,732.0,20.0,80.0,5.0,45.0,31.665,45.0,23.335,2,BCQI(cost=2.0),[107],0.0,0.2665112508617882,0.523617448652343,0.4163825513476569,0.4463825513476569,0.15000000000000002,0.0,False,False,False,False,df984540-4135-4fe7-8efb-f1e485c5b038
3,normal,85,54,discrete,paper,2,MTC,1.2288,3840.0,1536.0,734.7,3813.0,60.0,40.0,18.0,23.34,31.665,45.0,23.335,2,BCQI(cost=2.0),[107],0.0,0.2665112508617882,0.523617448652343,0.4163825513476569,0.4463825513476569,0.15000000000000002,0.0,False,False,False,False,df984540-4135-4fe7-8efb-f1e485c5b038
3,normal,85,55,discrete,paper,0,eMBB,33.0048,91680.0,41256.0,580595.2,951829.0,60.0,40.0,36.0,41.66,41.665,30.000000000000004,28.335,0,RR(cost=1.0),[141],0.0,0.31808166514104197,0.6138693953218892,0.32613060467811084,0.35613060467811086,0.14999999999999997,0.0,False,True,False,False,df984540-4135-4fe7-8efb-f1e485c5b038
3,normal,85,55,discrete,paper,1,URLLC,1.4976,1950.0,1872.0,216.0,732.0,20.0,80.0,5.0,30.0,41.665,30.000000000000004,28.335,0,RR(cost=1.0),[141],0.0,0.31808166514104197,0.6138693953218892,0.32613060467811084,0.35613060467811086,0.14999999999999997,0.0,False,False,False,False,df984540-4135-4fe7-8efb-f1e485c5b038
3,normal,85,55,discrete,paper,2,MTC,1.2288,2560.0,1536.0,777.7,4243.0,60.0,40.0,12.0,28.339999999999996,41.665,30.000000000000004,28.335,0,RR(cost=1.0),[141],0.0,0.31808166514104197,0.6138693953218892,0.32613060467811084,0.35613060467811086,0.14999999999999997,0.0,False,False,False,False,df984540-4135-4fe7-8efb-f1e485c5b038
3,normal,85,56,discrete,paper,0,eMBB,33.004799999999996,84040.0,41256.0,584146.8,961224.0,60.0,40.0,33.0,26.660000000000004,26.664999999999996,60.0,13.334999999999997,2,BCQI(cost=2.0),[89],0.0,0.2706872916241393,0.47168579468074856,0.46831420531925133,0.4983142053192514,0.3,0.0,False,True,False,False,df984540-4135-4fe7-8efb-f1e485c5b038
3,normal,85,56,discrete,paper,1,URLLC,1.248,1950.0,1560.0,216.0,732.0,20.0,80.0,5.0,60.0,26.664999999999996,60.0,13.334999999999997,2,BCQI(cost=2.0),[89],0.0,0.2706872916241393,0.47168579468074856,0.46831420531925133,0.4983142053192514,0.3,0.0,False,False,False,False,df984540-4135-4fe7-8efb-f1e485c5b038
3,normal,85,56,discrete,paper,2,MTC,3.4816000000000003,3840.0,4352.0,790.3,3936.0,63.33200000000001,36.66799999999999,19.0,13.330000000000002,26.664999999999996,60.0,13.334999999999997,2,BCQI(cost=2.0),[89],0.0,0.2706872916241393,0.47168579468074856,0.46831420531925133,0.4983142053192514,0.3,0.0,False,False,False,False,df984540-4135-4fe7-8efb-f1e485c5b038
3,normal,85,57,discrete,paper,0,eMBB,29.337600000000002,91680.0,36672.0,598286.0,986157.0,61.666,38.334,37.0,26.660000000000004,26.664999999999996,60.0,13.334999999999997,2,BCQI(cost=2.0),[89],0.0,0.2141504867782541,0.4642852493960754,0.47571475060392454,0.5057147506039247,0.0,0.0,False,True,False,False,df984540-4135-4fe7-8efb-f1e485c5b038
3,normal,85,57,discrete,paper,1,URLLC,1.248,1950.0,1560.0,480.6,2055.0,20.0,80.0,5.0,60.0,26.664999999999996,60.0,13.334999999999997,2,BCQI(cost=2.0),[89],0.0,0.2141504867782541,0.4642852493960754,0.47571475060392454,0.5057147506039247,0.0,0.0,False,False,False,False,df984540-4135-4fe7-8efb-f1e485c5b038
3,normal,85,57,discrete,paper,2,MTC,1.2288,2560.0,1536.0,1142.0,3936.0,60.0,40.0,12.0,13.330000000000002,26.664999999999996,60.0,13.334999999999997,2,BCQI(cost=2.0),[89],0.0,0.2141504867782541,0.4642852493960754,0.47571475060392454,0.5057147506039247,0.0,0.0,False,False,False,False,df984540-4135-4fe7-8efb-f1e485c5b038
3,normal,85,58,discrete,paper,0,eMBB,26.8928,91680.0,33616.0,599756.8,987046.0,63.334,36.666,38.0,31.660000000000004,31.665,40.0,28.335,1,PF(cost=2.0),[103],0.0,0.21177323680102206,0.5264461819802805,0.4135538180197196,0.4435538180197195,0.2,0.0,False,True,False,False,df984540-4135-4fe7-8efb-f1e485c5b038
3,normal,85,58,discrete,paper,1,URLLC,1.248,1950.0,1560.0,103.4,169.0,20.0,80.0,5.0,40.0,31.665,40.0,28.335,1,PF(cost=2.0),[103],0.0,0.21177323680102206,0.5264461819802805,0.4135538180197196,0.4435538180197195,0.2,0.0,False,False,False,False,df984540-4135-4fe7-8efb-f1e485c5b038
3,normal,85,58,discrete,paper,2,MTC,0.8192,3840.0,1024.0,1156.8,3936.0,73.33200000000001,26.667999999999992,22.0,28.339999999999996,31.665,40.0,28.335,1,PF(cost=2.0),[103],0.0,0.21177323680102206,0.5264461819802805,0.4135538180197196,0.4435538180197195,0.2,0.0,False,False,False,False,df984540-4135-4fe7-8efb-f1e485c5b038
3,normal,85,59,discrete,paper,0,eMBB,30.560000000000002,84040.0,38200.0,610920.0,1017931.0,56.364,43.636,31.0,16.66,16.665,45.0,38.334999999999994,1,PF(cost=2.0),[16],0.0,0.18386309736199485,0.3588669187338631,0.5811330812661368,0.611133081266137,0.14999999999999997,0.0,False,True,False,False,df984540-4135-4fe7-8efb-f1e485c5b038
3,normal,85,59,discrete,paper,1,URLLC,1.248,1950.0,1560.0,103.4,169.0,20.0,80.0,5.0,45.0,16.665,45.0,38.334999999999994,1,PF(cost=2.0),[16],0.0,0.18386309736199485,0.3588669187338631,0.5811330812661368,0.611133081266137,0.14999999999999997,0.0,False,False,False,False,df984540-4135-4fe7-8efb-f1e485c5b038
3,normal,85,59,discrete,paper,2,MTC,1.4335999999999998,2560.0,1792.0,941.4,3936.0,50.0,50.0,10.0,38.32999999999999,16.665,45.0,38.334999999999994,1,PF(cost=2.0),[16],0.0,0.18386309736199485,0.3588669187338631,0.5811330812661368,0.611133081266137,0.14999999999999997,0.0,False,False,False,False,df984540-4135-4fe7-8efb-f1e485c5b038
3,normal,85,60,discrete,paper,0,eMBB,35.4496,91680.0,44312.0,617840.0,1031053.0,60.0,40.0,36.0,26.660000000000004,26.664999999999996,60.0,13.334999999999997,2,BCQI(cost=2.0),[89],0.0,0.2597116564711905,0.4723547110950974,0.46764528890490253,0.49764528890490256,0.24999999999999994,0.0,False,True,False,False,df984540-4135-4fe7-8efb-f1e485c5b038
3,normal,85,60,discrete,paper,1,URLLC,0.9984,1950.0,1248.0,267.4,989.0,36.0,64.0,9.0,60.0,26.664999999999996,60.0,13.334999999999997,2,BCQI(cost=2.0),[89],0.0,0.2597116564711905,0.4723547110950974,0.46764528890490253,0.49764528890490256,0.24999999999999994,0.0,False,False,False,False,df984540-4135-4fe7-8efb-f1e485c5b038
3,normal,85,60,discrete,paper,2,MTC,3.9936000000000003,3840.0,4992.0,918.7,3936.0,63.33200000000001,36.66799999999999,19.0,13.330000000000002,26.664999999999996,60.0,13.334999999999997,2,BCQI(cost=2.0),[89],0.0,0.2597116564711905,0.4723547110950974,0.46764528890490253,0.49764528890490256,0.24999999999999994,0.0,False,False,False,False,df984540-4135-4fe7-8efb-f1e485c5b038
3,normal,85,61,discrete,paper,0,eMBB,35.4496,91680.0,44312.0,619756.0,1048441.0,60.0,40.0,36.0,41.66,41.665,25.0,33.335,0,RR(cost=1.0),[138],0.0,0.31192707738493275,0.6118247808976806,0.3281752191023194,0.3581752191023194,0.35000000000000003,0.0,False,True,False,False,df984540-4135-4fe7-8efb-f1e485c5b038
3,normal,85,61,discrete,paper,1,URLLC,1.248,1950.0,1560.0,267.4,989.0,20.0,80.0,5.0,25.0,41.665,25.0,33.335,0,RR(cost=1.0),[138],0.0,0.31192707738493275,0.6118247808976806,0.3281752191023194,0.3581752191023194,0.35000000000000003,0.0,False,False,False,False,df984540-4135-4fe7-8efb-f1e485c5b038
3,normal,85,61,discrete,paper,2,MTC,0.8192,2560.0,1024.0,939.1,3936.0,60.0,40.0,12.0,33.34000000000001,41.665,25.0,33.335,0,RR(cost=1.0),[138],0.0,0.31192707738493275,0.6118247808976806,0.3281752191023194,0.3581752191023194,0.35000000000000003,0.0,False,False,False,False,df984540-4135-4fe7-8efb-f1e485c5b038
3,normal,85,62,discrete,paper,0,eMBB,33.004799999999996,84040.0,41256.0,642022.6,1061624.0,60.0,40.0,33.0,16.66,16.665,45.0,38.334999999999994,1,PF(cost=2.0),[16],0.0,0.19805858327277406,0.3675575245672992,0.5724424754327008,0.6024424754327009,0.24999999999999994,0.0,False,True,False,False,df984540-4135-4fe7-8efb-f1e485c5b038
3,normal,85,62,discrete,paper,1,URLLC,1.4976,1950.0,1872.0,302.0,1162.0,20.0,80.0,5.0,45.0,16.665,45.0,38.334999999999994,1,PF(cost=2.0),[16],0.0,0.19805858327277406,0.3675575245672992,0.5724424754327008,0.6024424754327009,0.24999999999999994,0.0,False,False,False,False,df984540-4135-4fe7-8efb-f1e485c5b038
3,normal,85,62,discrete,paper,2,MTC,1.4335999999999998,3840.0,1792.0,1054.0,3936.0,53.33299999999999,46.66700000000001,16.0,38.32999999999999,16.665,45.0,38.334999999999994,1,PF(cost=2.0),[16],0.0,0.19805858327277406,0.3675575245672992,0.5724424754327008,0.6024424754327009,0.24999999999999994,0.0,False,False,False,False,df984540-4135-4fe7-8efb-f1e485c5b038
3,normal,85,63,discrete,paper,0,eMBB,33.0048,91680.0,41256.0,645883.8,1081091.0,60.0,40.0,36.0,46.66,46.665,35.0,18.335,0,RR(cost=1.0),[162],0.0,0.33292726392318556,0.6597133746604459,0.2802866253395542,0.3102866253395541,0.3,0.0,False,True,False,False,df984540-4135-4fe7-8efb-f1e485c5b038
3,normal,85,63,discrete,paper,1,URLLC,1.248,1950.0,1560.0,302.0,1162.0,20.0,80.0,5.0,35.0,46.665,35.0,18.335,0,RR(cost=1.0),[162],0.0,0.33292726392318556,0.6597133746604459,0.2802866253395542,0.3102866253395541,0.3,0.0,False,False,False,False,df984540-4135-4fe7-8efb-f1e485c5b038
3,normal,85,63,discrete,paper,2,MTC,1.3312,2560.0,1664.0,1070.0,3936.0,55.0,45.0,11.0,18.34,46.665,35.0,18.335,0,RR(cost=1.0),[162],0.0,0.33292726392318556,0.6597133746604459,0.2802866253395542,0.3102866253395541,0.3,0.0,False,False,False,False,df984540-4135-4fe7-8efb-f1e485c5b038
3,normal,85,64,discrete,paper,0,eMBB,28.1152,91680.0,35144.0,660797.8,1098272.0,61.666,38.334,37.0,21.66,21.665,65.0,13.334999999999999,1,PF(cost=2.0),[61],0.0,0.17663532996645598,0.42434755218724574,0.5156524478127543,0.5456524478127542,0.30000000000000004,0.0,False,True,False,False,df984540-4135-4fe7-8efb-f1e485c5b038
3,normal,85,64,discrete,paper,1,URLLC,1.248,1950.0,1560.0,381.6,1560.0,20.0,80.0,5.0,65.0,21.665,65.0,13.334999999999999,1,PF(cost=2.0),[61],0.0,0.17663532996645598,0.42434755218724574,0.5156524478127543,0.5456524478127542,0.30000000000000004,0.0,False,False,False,False,df984540-4135-4fe7-8efb-f1e485c5b038
3,normal,85,64,discrete,paper,2,MTC,0.8192,3840.0,1024.0,935.4,3936.0,73.33200000000001,26.667999999999992,22.0,13.330000000000002,21.665,65.0,13.334999999999999,1,PF(cost=2.0),[61],0.0,0.17663532996645598,0.42434755218724574,0.5156524478127543,0.5456524478127542,0.30000000000000004,0.0,False,False,False,False,df984540-4135-4fe7-8efb-f1e485c5b038
3,normal,85,65,discrete,paper,0,eMBB,29.3376,84040.0,36672.0,667130.2,1107683.0,60.0,40.0,33.0,41.66,41.665,25.0,33.335,0,RR(cost=1.0),[138],0.0,0.30043181827060567,0.6131542760522212,0.32684572394777883,0.3568457239477788,0.4,0.0,False,True,False,False,df984540-4135-4fe7-8efb-f1e485c5b038
3,normal,85,65,discrete,paper,1,URLLC,1.248,1950.0,1560.0,381.6,1560.0,20.0,80.0,5.0,25.0,41.665,25.0,33.335,0,RR(cost=1.0),[138],0.0,0.30043181827060567,0.6131542760522212,0.32684572394777883,0.3568457239477788,0.4,0.0,False,False,False,False,df984540-4135-4fe7-8efb-f1e485c5b038
3,normal,85,65,discrete,paper,2,MTC,1.2288,2560.0,1536.0,1009.9,6440.0,60.0,40.0,12.0,33.34000000000001,41.665,25.0,33.335,0,RR(cost=1.0),[138],0.0,0.30043181827060567,0.6131542760522212,0.32684572394777883,0.3568457239477788,0.4,0.0,False,False,False,False,df984540-4135-4fe7-8efb-f1e485c5b038
3,normal,85,66,discrete,paper,0,eMBB,31.7824,91680.0,39728.0,680377.0,1132966.0,63.334,36.666,38.0,46.66,46.665,35.0,18.335,0,RR(cost=1.0),[162],0.0,0.3504037059464532,0.6669137300313407,0.27308626996865937,0.3030862699686593,0.15000000000000002,0.0,False,True,False,False,df984540-4135-4fe7-8efb-f1e485c5b038
3,normal,85,66,discrete,paper,1,URLLC,1.248,1950.0,1560.0,381.6,1560.0,20.0,80.0,5.0,35.0,46.665,35.0,18.335,0,RR(cost=1.0),[162],0.0,0.3504037059464532,0.6669137300313407,0.27308626996865937,0.3030862699686593,0.15000000000000002,0.0,False,False,False,False,df984540-4135-4fe7-8efb-f1e485c5b038
3,normal,85,66,discrete,paper,2,MTC,4.096,3840.0,5120.0,810.8,4349.0,63.33200000000001,36.66799999999999,19.0,18.34,46.665,35.0,18.335,0,RR(cost=1.0),[162],0.0,0.3504037059464532,0.6669137300313407,0.27308626996865937,0.3030862699686593,0.15000000000000002,0.0,False,False,False,False,df984540-4135-4fe7-8efb-f1e485c5b038
3,normal,85,67,discrete,paper,0,eMBB,35.4496,91680.0,44312.0,682164.4,1132966.0,60.0,40.0,36.0,41.66,41.665,25.0,33.335,0,RR(cost=1.0),[138],0.0,0.30711432108773906,0.6117185430895221,0.3282814569104779,0.35828145691047786,0.15000000000000002,0.0,False,True,False,False,df984540-4135-4fe7-8efb-f1e485c5b038
3,normal,85,67,discrete,paper,1,URLLC,0.9984,1950.0,1248.0,381.6,1560.0,36.0,64.0,9.0,25.0,41.665,25.0,33.335,0,RR(cost=1.0),[138],0.0,0.30711432108773906,0.6117185430895221,0.3282814569104779,0.35828145691047786,0.15000000000000002,0.0,False,False,False,False,df984540-4135-4fe7-8efb-f1e485c5b038
3,normal,85,67,discrete,paper,2,MTC,1.024,2560.0,1280.0,837.8,4349.0,50.0,50.0,10.0,33.34000000000001,41.665,25.0,33.335,0,RR(cost=1.0),[138],0.0,0.30711432108773906,0.6117185430895221,0.3282814569104779,0.35828145691047786,0.15000000000000002,0.0,False,False,False,False,df984540-4135-4fe7-8efb-f1e485c5b038
3,normal,85,68,discrete,paper,0,eMBB,36.672,84040.0,45840.0,698323.4,1167158.0,60.0,40.0,33.0,46.66,46.665,35.0,18.335,0,RR(cost=1.0),[162],0.0,0.3750932119178852,0.6672236433212495,0.27277635667875044,0.30277635667875047,0.15000000000000002,0.0,False,True,False,False,df984540-4135-4fe7-8efb-f1e485c5b038
3,normal,85,68,discrete,paper,1,URLLC,1.248,1950.0,1560.0,381.6,1560.0,20.0,80.0,5.0,35.0,46.665,35.0,18.335,0,RR(cost=1.0),[162],0.0,0.3750932119178852,0.6672236433212495,0.27277635667875044,0.30277635667875047,0.15000000000000002,0.0,False,False,False,False,df984540-4135-4fe7-8efb-f1e485c5b038
3,normal,85,68,discrete,paper,2,MTC,1.3312,3840.0,1664.0,1036.0,4845.0,56.666999999999994,43.333000000000006,17.0,18.34,46.665,35.0,18.335,0,RR(cost=1.0),[162],0.0,0.3750932119178852,0.6672236433212495,0.27277635667875044,0.30277635667875047,0.15000000000000002,0.0,False,False,False,False,df984540-4135-4fe7-8efb-f1e485c5b038
3,normal,85,69,discrete,paper,0,eMBB,31.782400000000003,91680.0,39728.0,708657.4,1184365.0,56.666,43.334,34.0,26.670000000000005,26.665000000000006,35.0,38.335,0,RR(cost=1.0),[72],0.0,0.243573293603795,0.4547344869919825,0.48526551300801746,0.5152655130080174,0.19999999999999998,0.0,False,True,False,False,df984540-4135-4fe7-8efb-f1e485c5b038
3,normal,85,69,discrete,paper,1,URLLC,1.4976,1950.0,1872.0,381.6,1560.0,20.0,80.0,5.0,35.0,26.665000000000006,35.0,38.335,0,RR(cost=1.0),[72],0.0,0.243573293603795,0.4547344869919825,0.48526551300801746,0.5152655130080174,0.19999999999999998,0.0,False,False,False,False,df984540-4135-4fe7-8efb-f1e485c5b038
3,normal,85,69,discrete,paper,2,MTC,2.7647999999999997,2560.0,3456.0,1036.4,4845.0,40.0,60.0,8.0,38.34000000000001,26.665000000000006,35.0,38.335,0,RR(cost=1.0),[72],0.0,0.243573293603795,0.4547344869919825,0.48526551300801746,0.5152655130080174,0.19999999999999998,0.0,False,False,False,False,df984540-4135-4fe7-8efb-f1e485c5b038
3,normal,85,70,discrete,paper,0,eMBB,34.227199999999996,91680.0,42784.0,713393.8,1197841.0,60.0,40.0,36.0,16.66,16.665,45.0,38.334999999999994,1,PF(cost=2.0),[16],0.0,0.17957892164891046,0.3722377715272678,0.5677622284727323,0.5977622284727323,0.1000000000000001,0.0,False,True,False,False,df984540-4135-4fe7-8efb-f1e485c5b038
3,normal,85,70,discrete,paper,1,URLLC,1.248,1950.0,1560.0,381.6,1560.0,20.0,80.0,5.0,45.0,16.665,45.0,38.334999999999994,1,PF(cost=2.0),[16],0.0,0.17957892164891046,0.3722377715272678,0.5677622284727323,0.5977622284727323,0.1000000000000001,0.0,False,False,False,False,df984540-4135-4fe7-8efb-f1e485c5b038
3,normal,85,70,discrete,paper,2,MTC,0.8192,3840.0,1024.0,903.7,4935.0,73.33200000000001,26.667999999999992,22.0,38.32999999999999,16.665,45.0,38.334999999999994,1,PF(cost=2.0),[16],0.0,0.17957892164891046,0.3722377715272678,0.5677622284727323,0.5977622284727323,0.1000000000000001,0.0,False,False,False,False,df984540-4135-4fe7-8efb-f1e485c5b038
3,normal,85,71,discrete,paper,0,eMBB,35.4496,84040.0,44312.0,718273.4,1197975.0,60.0,40.0,33.0,51.67,51.665000000000006,30.000000000000004,18.335,0,RR(cost=1.0),[174],0.0,0.40699065164903553,0.7076245900143538,0.23237540998564601,0.2623754099856461,0.35,0.0,False,True,False,False,df984540-4135-4fe7-8efb-f1e485c5b038
3,normal,85,71,discrete,paper,1,URLLC,1.248,1950.0,1560.0,381.6,1560.0,20.0,80.0,5.0,30.0,51.665000000000006,30.000000000000004,18.335,0,RR(cost=1.0),[174],0.0,0.40699065164903553,0.7076245900143538,0.23237540998564601,0.2623754099856461,0.35,0.0,False,False,False,False,df984540-4135-4fe7-8efb-f1e485c5b038
3,normal,85,71,discrete,paper,2,MTC,1.5359999999999998,2560.0,1920.0,930.1,4935.0,50.0,50.0,10.0,18.34,51.665000000000006,30.000000000000004,18.335,0,RR(cost=1.0),[174],0.0,0.40699065164903553,0.7076245900143538,0.23237540998564601,0.2623754099856461,0.35,0.0,False,False,False,False,df984540-4135-4fe7-8efb-f1e485c5b038
3,normal,85,72,discrete,paper,0,eMBB,28.1152,91680.0,35144.0,726524.6,1226648.0,61.66600000000001,38.33399999999999,37.0,26.670000000000005,26.665000000000006,35.0,38.335,0,RR(cost=1.0),[72],0.0,0.21324519070536355,0.4685624897882994,0.4714375102117006,0.5014375102117006,0.24999999999999994,0.0,False,True,False,False,df984540-4135-4fe7-8efb-f1e485c5b038
3,normal,85,72,discrete,paper,1,URLLC,1.248,1950.0,1560.0,897.6,4140.0,20.0,80.0,5.0,35.0,26.665000000000006,35.0,38.335,0,RR(cost=1.0),[72],0.0,0.21324519070536355,0.4685624897882994,0.4714375102117006,0.5014375102117006,0.24999999999999994,0.0,False,False,False,False,df984540-4135-4fe7-8efb-f1e485c5b038
3,normal,85,72,discrete,paper,2,MTC,2.048,3840.0,2560.0,973.7,4935.0,59.999,40.001,18.0,38.34000000000001,26.665000000000006,35.0,38.335,0,RR(cost=1.0),[72],0.0,0.21324519070536355,0.4685624897882994,0.4714375102117006,0.5014375102117006,0.24999999999999994,0.0,False,False,False,False,df984540-4135-4fe7-8efb-f1e485c5b038
3,normal,85,73,discrete,paper,0,eMBB,24.448,91680.0,30560.0,734590.0,1250741.0,66.66600000000001,33.33399999999999,40.0,16.66,16.665,45.0,38.334999999999994,1,PF(cost=2.0),[16],0.0,0.14909679627301525,0.359333408778015,0.5806665912219849,0.6106665912219851,0.1000000000000001,0.0,False,True,False,False,df984540-4135-4fe7-8efb-f1e485c5b038
3,normal,85,73,discrete,paper,1,URLLC,1.248,1950.0,1560.0,949.6,4400.0,20.0,80.0,5.0,45.0,16.665,45.0,38.334999999999994,1,PF(cost=2.0),[16],0.0,0.14909679627301525,0.359333408778015,0.5806665912219849,0.6106665912219851,0.1000000000000001,0.0,False,False,False,False,df984540-4135-4fe7-8efb-f1e485c5b038
3,normal,85,73,discrete,paper,2,MTC,1.4335999999999998,2560.0,1792.0,1047.5,4935.0,50.0,50.0,10.0,38.32999999999999,16.665,45.0,38.334999999999994,1,PF(cost=2.0),[16],0.0,0.14909679627301525,0.359333408778015,0.5806665912219849,0.6106665912219851,0.1000000000000001,0.0,False,False,False,False,df984540-4135-4fe7-8efb-f1e485c5b038
3,normal,85,74,discrete,paper,0,eMBB,29.3376,84040.0,36672.0,747961.0,1253866.0,60.0,40.0,33.0,16.66,16.665,45.0,38.334999999999994,1,PF(cost=2.0),[16],0.0,0.1666933062765512,0.37419513592586395,0.565804864074136,0.595804864074136,0.0,0.0,False,True,False,False,df984540-4135-4fe7-8efb-f1e485c5b038
3,normal,85,74,discrete,paper,1,URLLC,0.9984,1950.0,1248.0,486.6,2085.0,36.0,64.0,9.0,45.0,16.665,45.0,38.334999999999994,1,PF(cost=2.0),[16],0.0,0.1666933062765512,0.37419513592586395,0.565804864074136,0.595804864074136,0.0,0.0,False,False,False,False,df984540-4135-4fe7-8efb-f1e485c5b038
3,normal,85,74,discrete,paper,2,MTC,0.9216,3840.0,1152.0,1196.7,6163.0,69.999,30.001000000000005,21.0,38.32999999999999,16.665,45.0,38.334999999999994,1,PF(cost=2.0),[16],0.0,0.1666933062765512,0.37419513592586395,0.565804864074136,0.595804864074136,0.0,0.0,False,False,False,False,df984540-4135-4fe7-8efb-f1e485c5b038
3,normal,85,75,discrete,paper,0,eMBB,29.3376,91680.0,36672.0,756562.6,1282424.0,60.0,40.0,36.0,21.66,21.665,35.0,43.335,1,PF(cost=2.0),[43],0.0,0.1838305705613331,0.4075138344665419,0.5324861655334581,0.5624861655334581,0.10000000000000006,0.0,False,True,False,False,df984540-4135-4fe7-8efb-f1e485c5b038
3,normal,85,75,discrete,paper,1,URLLC,1.248,1950.0,1560.0,447.0,1887.0,20.0,80.0,5.0,35.0,21.665,35.0,43.335,1,PF(cost=2.0),[43],0.0,0.1838305705613331,0.4075138344665419,0.5324861655334581,0.5624861655334581,0.10000000000000006,0.0,False,False,False,False,df984540-4135-4fe7-8efb-f1e485c5b038
3,normal,85,75,discrete,paper,2,MTC,1.024,2560.0,1280.0,1225.1,6163.0,50.0,50.0,10.0,43.34000000000001,21.665,35.0,43.335,1,PF(cost=2.0),[43],0.0,0.1838305705613331,0.4075138344665419,0.5324861655334581,0.5624861655334581,0.10000000000000006,0.0,False,False,False,False,df984540-4135-4fe7-8efb-f1e485c5b038
3,normal,85,76,discrete,paper,0,eMBB,29.337600000000002,91680.0,36672.0,761799.6,1294332.0,61.66600000000001,38.33399999999999,37.0,21.66,21.665,35.0,43.335,1,PF(cost=2.0),[43],0.0,0.19140147889216316,0.41637696703953453,0.5236230329604654,0.5536230329604654,0.0,0.0,False,True,False,False,df984540-4135-4fe7-8efb-f1e485c5b038
3,normal,85,76,discrete,paper,1,URLLC,1.4976,1950.0,1872.0,447.0,1887.0,20.0,80.0,5.0,35.0,21.665,35.0,43.335,1,PF(cost=2.0),[43],0.0,0.19140147889216316,0.41637696703953453,0.5236230329604654,0.5536230329604654,0.0,0.0,False,False,False,False,df984540-4135-4fe7-8efb-f1e485c5b038
3,normal,85,76,discrete,paper,2,MTC,1.2288,3840.0,1536.0,1159.1,6163.0,60.0,40.0,18.0,43.34000000000001,21.665,35.0,43.335,1,PF(cost=2.0),[43],0.0,0.19140147889216316,0.41637696703953453,0.5236230329604654,0.5536230329604654,0.0,0.0,False,False,False,False,df984540-4135-4fe7-8efb-f1e485c5b038
3,normal,85,77,discrete,paper,0,eMBB,25.6704,84040.0,32088.0,765281.4,1294332.0,63.636,36.364,35.0,21.66,21.665,35.0,43.335,1,PF(cost=2.0),[43],0.0,0.1825974320609867,0.4099388116370779,0.530061188362922,0.5600611883629221,0.0,0.0,False,True,False,False,df984540-4135-4fe7-8efb-f1e485c5b038
3,normal,85,77,discrete,paper,1,URLLC,1.248,1950.0,1560.0,544.6,2375.0,20.0,80.0,5.0,35.0,21.665,35.0,43.335,1,PF(cost=2.0),[43],0.0,0.1825974320609867,0.4099388116370779,0.530061188362922,0.5600611883629221,0.0,0.0,False,False,False,False,df984540-4135-4fe7-8efb-f1e485c5b038
3,normal,85,77,discrete,paper,2,MTC,1.2288,2560.0,1536.0,1056.0,6163.0,60.0,40.0,12.0,43.34000000000001,21.665,35.0,43.335,1,PF(cost=2.0),[43],0.0,0.1825974320609867,0.4099388116370779,0.530061188362922,0.5600611883629221,0.0,0.0,False,False,False,False,df984540-4135-4fe7-8efb-f1e485c5b038
3,normal,85,78,discrete,paper,0,eMBB,31.782400000000003,91680.0,39728.0,788128.0,1332862.0,60.0,40.0,36.0,21.66,21.665,35.0,43.335,1,PF(cost=2.0),[43],0.0,0.19110761948897068,0.41920488075657136,0.5207951192434286,0.5507951192434286,0.0,0.0,False,True,False,False,df984540-4135-4fe7-8efb-f1e485c5b038
3,normal,85,78,discrete,paper,1,URLLC,1.248,1950.0,1560.0,279.0,1047.0,20.0,80.0,5.0,35.0,21.665,35.0,43.335,1,PF(cost=2.0),[43],0.0,0.19110761948897068,0.41920488075657136,0.5207951192434286,0.5507951192434286,0.0,0.0,False,False,False,False,df984540-4135-4fe7-8efb-f1e485c5b038
3,normal,85,78,discrete,paper,2,MTC,0.8192,3840.0,1024.0,1108.2,6163.0,73.33200000000001,26.667999999999992,22.0,43.34000000000001,21.665,35.0,43.335,1,PF(cost=2.0),[43],0.0,0.19110761948897068,0.41920488075657136,0.5207951192434286,0.5507951192434286,0.0,0.0,False,False,False,False,df984540-4135-4fe7-8efb-f1e485c5b038
3,normal,85,79,discrete,paper,0,eMBB,28.1152,91680.0,35144.0,800521.6,1350810.0,61.668000000000006,38.331999999999994,37.0,21.66,21.665,35.0,43.335,1,PF(cost=2.0),[43],0.0,0.19178376741999764,0.4023152466123796,0.5376847533876203,0.5676847533876204,0.0,0.0,False,True,False,False,df984540-4135-4fe7-8efb-f1e485c5b038
3,normal,85,79,discrete,paper,1,URLLC,1.248,1950.0,1560.0,279.0,1047.0,20.0,80.0,5.0,35.0,21.665,35.0,43.335,1,PF(cost=2.0),[43],0.0,0.19178376741999764,0.4023152466123796,0.5376847533876203,0.5676847533876204,0.0,0.0,False,False,False,False,df984540-4135-4fe7-8efb-f1e485c5b038
3,normal,85,79,discrete,paper,2,MTC,3.5839999999999996,2560.0,4480.0,791.9,6163.0,40.0,60.0,8.0,43.34000000000001,21.665,35.0,43.335,1,PF(cost=2.0),[43],0.0,0.19178376741999764,0.4023152466123796,0.5376847533876203,0.5676847533876204,0.0,0.0,False,False,False,False,df984540-4135-4fe7-8efb-f1e485c5b038
3,normal,85,80,discrete,paper,0,eMBB,23.2256,84040.0,29032.0,803718.4,1364916.0,65.454,34.54600000000001,36.0,21.66,21.665,35.0,43.335,1,PF(cost=2.0),[43],0.0,0.16572050101757085,0.41583608800826455,0.5241639119917355,0.5541639119917354,0.0,0.0,False,True,False,False,df984540-4135-4fe7-8efb-f1e485c5b038
3,normal,85,80,discrete,paper,1,URLLC,1.248,1950.0,1560.0,279.0,1047.0,20.0,80.0,5.0,35.0,21.665,35.0,43.335,1,PF(cost=2.0),[43],0.0,0.16572050101757085,0.41583608800826455,0.5241639119917355,0.5541639119917354,0.0,0.0,False,False,False,False,df984540-4135-4fe7-8efb-f1e485c5b038
3,normal,85,80,discrete,paper,2,MTC,1.2288000000000001,3840.0,1536.0,854.0,6976.0,63.33200000000001,36.66799999999999,19.0,43.34000000000001,21.665,35.0,43.335,1,PF(cost=2.0),[43],0.0,0.16572050101757085,0.41583608800826455,0.5241639119917355,0.5541639119917354,0.0,0.0,False,False,False,False,df984540-4135-4fe7-8efb-f1e485c5b038
3,normal,85,81,discrete,paper,0,eMBB,31.782400000000003,91680.0,39728.0,816965.8,1380496.0,60.0,40.0,36.0,21.66,21.665,35.0,43.335,1,PF(cost=2.0),[43],0.0,0.19050174286477528,0.4091503475186403,0.5308496524813596,0.5608496524813597,0.0,0.0,False,True,False,False,df984540-4135-4fe7-8efb-f1e485c5b038
3,normal,85,81,discrete,paper,1,URLLC,0.9984,1950.0,1248.0,425.0,1777.0,36.0,64.0,9.0,35.0,21.665,35.0,43.335,1,PF(cost=2.0),[43],0.0,0.19050174286477528,0.4091503475186403,0.5308496524813596,0.5608496524813597,0.0,0.0,False,False,False,False,df984540-4135-4fe7-8efb-f1e485c5b038
3,normal,85,81,discrete,paper,2,MTC,1.1264,2560.0,1408.0,834.1,6976.0,50.0,50.0,10.0,43.34000000000001,21.665,35.0,43.335,1,PF(cost=2.0),[43],0.0,0.19050174286477528,0.4091503475186403,0.5308496524813596,0.5608496524813597,0.0,0.0,False,False,False,False,df984540-4135-4fe7-8efb-f1e485c5b038
3,normal,85,82,discrete,paper,0,eMBB,31.782400000000003,91680.0,39728.0,832907.0,1402245.0,60.0,40.0,36.0,21.66,21.665,35.0,43.335,1,PF(cost=2.0),[43],0.0,0.21123425900669787,0.40647166608205576,0.5335283339179442,0.5635283339179442,0.0,0.0,False,True,False,False,df984540-4135-4fe7-8efb-f1e485c5b038
3,normal,85,82,discrete,paper,1,URLLC,1.248,1950.0,1560.0,425.0,1777.0,20.0,80.0,5.0,35.0,21.665,35.0,43.335,1,PF(cost=2.0),[43],0.0,0.21123425900669787,0.40647166608205576,0.5335283339179442,0.5635283339179442,0.0,0.0,False,False,False,False,df984540-4135-4fe7-8efb-f1e485c5b038
3,normal,85,82,discrete,paper,2,MTC,4.8128,3840.0,6016.0,900.1,6976.0,40.0,60.0,12.0,43.34000000000001,21.665,35.0,43.335,1,PF(cost=2.0),[43],0.0,0.21123425900669787,0.40647166608205576,0.5335283339179442,0.5635283339179442,0.0,0.0,False,False,False,False,df984540-4135-4fe7-8efb-f1e485c5b038
3,normal,85,83,discrete,paper,0,eMBB,26.8928,84040.0,33616.0,840254.8,1427986.0,61.818000000000005,38.181999999999995,34.0,21.66,21.665,35.0,43.335,1,PF(cost=2.0),[43],0.0,0.1953619343151986,0.4038572204834623,0.5361427795165377,0.5661427795165377,0.0,0.0,False,True,False,False,df984540-4135-4fe7-8efb-f1e485c5b038
3,normal,85,83,discrete,paper,1,URLLC,1.4976,1950.0,1872.0,425.0,1777.0,20.0,80.0,5.0,35.0,21.665,35.0,43.335,1,PF(cost=2.0),[43],0.0,0.1953619343151986,0.4038572204834623,0.5361427795165377,0.5661427795165377,0.0,0.0,False,False,False,False,df984540-4135-4fe7-8efb-f1e485c5b038
3,normal,85,83,discrete,paper,2,MTC,1.4335999999999998,2560.0,1792.0,560.4,4137.0,50.0,50.0,10.0,43.34000000000001,21.665,35.0,43.335,1,PF(cost=2.0),[43],0.0,0.1953619343151986,0.4038572204834623,0.5361427795165377,0.5661427795165377,0.0,0.0,False,False,False,False,df984540-4135-4fe7-8efb-f1e485c5b038
3,normal,85,84,discrete,paper,0,eMBB,33.0048,91680.0,41256.0,846192.4,1438893.0,60.0,40.0,36.0,21.66,21.665,35.0,43.335,1,PF(cost=2.0),[43],0.0,0.200644651981892,0.4106990283377714,0.5293009716622286,0.5593009716622286,0.0,0.0,False,True,False,False,df984540-4135-4fe7-8efb-f1e485c5b038
3,normal,85,84,discrete,paper,1,URLLC,1.248,1950.0,1560.0,425.0,1777.0,20.0,80.0,5.0,35.0,21.665,35.0,43.335,1,PF(cost=2.0),[43],0.0,0.200644651981892,0.4106990283377714,0.5293009716622286,0.5593009716622286,0.0,0.0,False,False,False,False,df984540-4135-4fe7-8efb-f1e485c5b038
3,normal,85,84,discrete,paper,2,MTC,1.4336000000000002,3840.0,1792.0,531.2,3581.0,56.665000000000006,43.334999999999994,17.0,43.34000000000001,21.665,35.0,43.335,1,PF(cost=2.0),[43],0.0,0.200644651981892,0.4106990283377714,0.5293009716622286,0.5593009716622286,0.0,0.0,False,False,False,False,df984540-4135-4fe7-8efb-f1e485c5b038
3,normal,85,85,discrete,paper,0,eMBB,26.8928,91680.0,33616.0,854703.0,1458461.0,63.331999999999994,36.668000000000006,38.0,31.660000000000004,31.665,40.0,28.335,2,BCQI(cost=2.0),[104],0.0,0.2256346550571964,0.5009245613989026,0.4390754386010973,0.46907543860109735,0.15000000000000002,0.0,False,True,False,False,df984540-4135-4fe7-8efb-f1e485c5b038
3,normal,85,85,discrete,paper,1,URLLC,1.248,1950.0,1560.0,425.0,1777.0,20.0,80.0,5.0,40.0,31.665,40.0,28.335,2,BCQI(cost=2.0),[104],0.0,0.2256346550571964,0.5009245613989026,0.4390754386010973,0.46907543860109735,0.15000000000000002,0.0,False,False,False,False,df984540-4135-4fe7-8efb-f1e485c5b038
3,normal,85,85,discrete,paper,2,MTC,1.7408,2560.0,2176.0,691.4,3569.0,40.0,60.0,8.0,28.339999999999996,31.665,40.0,28.335,2,BCQI(cost=2.0),[104],0.0,0.2256346550571964,0.5009245613989026,0.4390754386010973,0.46907543860109735,0.15000000000000002,0.0,False,False,False,False,df984540-4135-4fe7-8efb-f1e485c5b038
3,normal,85,86,discrete,paper,0,eMBB,25.6704,84040.0,32088.0,870846.0,1468157.0,63.636,36.364,35.0,16.67,16.665000000000003,35.0,48.335,2,BCQI(cost=2.0),[11],0.0,0.1536617500947648,0.36178806489022275,0.5782119351097772,0.6082119351097772,0.2,0.0,False,True,False,False,df984540-4135-4fe7-8efb-f1e485c5b038
3,normal,85,86,discrete,paper,1,URLLC,1.248,1950.0,1560.0,425.0,1777.0,20.0,80.0,5.0,35.0,16.665000000000003,35.0,48.335,2,BCQI(cost=2.0),[11],0.0,0.1536617500947648,0.36178806489022275,0.5782119351097772,0.6082119351097772,0.2,0.0,False,False,False,False,df984540-4135-4fe7-8efb-f1e485c5b038
3,normal,85,86,discrete,paper,2,MTC,1.1264,3840.0,1408.0,590.4,2500.0,63.33200000000001,36.66799999999999,19.0,48.34000000000001,16.665000000000003,35.0,48.335,2,BCQI(cost=2.0),[11],0.0,0.1536617500947648,0.36178806489022275,0.5782119351097772,0.6082119351097772,0.2,0.0,False,False,False,False,df984540-4135-4fe7-8efb-f1e485c5b038
3,normal,85,87,discrete,paper,0,eMBB,26.8928,91680.0,33616.0,874161.6,1488860.0,65.0,35.0,39.0,21.66,21.665,35.0,43.335,1,PF(cost=2.0),[43],0.0,0.1831046696877729,0.40000784389320077,0.5399921561067992,0.5699921561067992,0.049999999999999975,0.0,False,True,False,False,df984540-4135-4fe7-8efb-f1e485c5b038
3,normal,85,87,discrete,paper,1,URLLC,1.248,1950.0,1560.0,425.0,1777.0,20.0,80.0,5.0,35.0,21.665,35.0,43.335,1,PF(cost=2.0),[43],0.0,0.1831046696877729,0.40000784389320077,0.5399921561067992,0.5699921561067992,0.049999999999999975,0.0,False,False,False,False,df984540-4135-4fe7-8efb-f1e485c5b038
3,normal,85,87,discrete,paper,2,MTC,1.9455999999999998,2560.0,2432.0,423.5,1252.0,45.0,55.0,9.0,43.34000000000001,21.665,35.0,43.335,1,PF(cost=2.0),[43],0.0,0.1831046696877729,0.40000784389320077,0.5399921561067992,0.5699921561067992,0.049999999999999975,0.0,False,False,False,False,df984540-4135-4fe7-8efb-f1e485c5b038
3,normal,85,88,discrete,paper,0,eMBB,30.56,91680.0,38200.0,889087.6,1491202.0,60.0,40.0,36.0,21.66,21.665,35.0,43.335,1,PF(cost=2.0),[43],0.0,0.17937119849086447,0.4138075318143667,0.5261924681856331,0.5561924681856333,0.0,0.0,False,True,False,False,df984540-4135-4fe7-8efb-f1e485c5b038
3,normal,85,88,discrete,paper,1,URLLC,0.9984,1950.0,1248.0,425.0,1777.0,36.0,64.0,9.0,35.0,21.665,35.0,43.335,1,PF(cost=2.0),[43],0.0,0.17937119849086447,0.4138075318143667,0.5261924681856331,0.5561924681856333,0.0,0.0,False,False,False,False,df984540-4135-4fe7-8efb-f1e485c5b038
3,normal,85,88,discrete,paper,2,MTC,1.024,3840.0,1280.0,278.9,908.0,66.665,33.334999999999994,20.0,43.34000000000001,21.665,35.0,43.335,1,PF(cost=2.0),[43],0.0,0.17937119849086447,0.4138075318143667,0.5261924681856331,0.5561924681856333,0.0,0.0,False,False,False,False,df984540-4135-4fe7-8efb-f1e485c5b038
3,normal,85,89,discrete,paper,0,eMBB,30.56,84040.0,38200.0,901800.0,1521494.0,60.0,40.0,33.0,41.66,41.665,20.000000000000004,38.335,0,RR(cost=1.0),[135],0.0,0.3182640849313305,0.5979346450693663,0.34206535493063367,0.37206535493063364,0.19999999999999996,0.0,False,True,False,False,df984540-4135-4fe7-8efb-f1e485c5b038
3,normal,85,89,discrete,paper,1,URLLC,1.248,1950.0,1560.0,425.0,1777.0,20.0,80.0,5.0,20.0,41.665,20.000000000000004,38.335,0,RR(cost=1.0),[135],0.0,0.3182640849313305,0.5979346450693663,0.34206535493063367,0.37206535493063364,0.19999999999999996,0.0,False,False,False,False,df984540-4135-4fe7-8efb-f1e485c5b038
3,normal,85,89,discrete,paper,2,MTC,4.3008,2560.0,5376.0,224.3,908.0,40.0,60.0,8.0,38.34000000000001,41.665,20.000000000000004,38.335,0,RR(cost=1.0),[135],0.0,0.3182640849313305,0.5979346450693663,0.34206535493063367,0.37206535493063364,0.19999999999999996,0.0,False,False,False,False,df984540-4135-4fe7-8efb-f1e485c5b038
3,normal,85,90,discrete,paper,0,eMBB,24.448,91680.0,30560.0,908087.0,1540693.0,66.666,33.334,40.0,16.66,16.665,55.00000000000001,28.335,1,PF(cost=2.0),[22],0.0,0.14865770681674967,0.3564883052931057,0.5835116947068942,0.6135116947068943,0.35,0.0,False,True,False,False,df984540-4135-4fe7-8efb-f1e485c5b038
3,normal,85,90,discrete,paper,1,URLLC,1.4976,1950.0,1872.0,782.6,3565.0,20.0,80.0,5.0,55.0,16.665,55.00000000000001,28.335,1,PF(cost=2.0),[22],0.0,0.14865770681674967,0.3564883052931057,0.5835116947068942,0.6135116947068943,0.35,0.0,False,False,False,False,df984540-4135-4fe7-8efb-f1e485c5b038
3,normal,85,90,discrete,paper,2,MTC,1.6383999999999999,3840.0,2048.0,326.2,1501.0,46.666,53.334,14.0,28.339999999999996,16.665,55.00000000000001,28.335,1,PF(cost=2.0),[22],0.0,0.14865770681674967,0.3564883052931057,0.5835116947068942,0.6135116947068943,0.35,0.0,False,False,False,False,df984540-4135-4fe7-8efb-f1e485c5b038
3,normal,85,91,discrete,paper,0,eMBB,34.227199999999996,91680.0,42784.0,913559.4,1543454.0,60.0,40.0,36.0,36.67,36.665000000000006,40.0,23.335,1,PF(cost=2.0),[127],0.0,0.2843318607609986,0.5541401390697457,0.3858598609302544,0.4158598609302543,0.20000000000000007,0.0,False,True,False,False,df984540-4135-4fe7-8efb-f1e485c5b038
3,normal,85,91,discrete,paper,1,URLLC,1.248,1950.0,1560.0,791.6,3610.0,20.0,80.0,5.0,40.0,36.665000000000006,40.0,23.335,1,PF(cost=2.0),[127],0.0,0.2843318607609986,0.5541401390697457,0.3858598609302544,0.4158598609302543,0.20000000000000007,0.0,False,False,False,False,df984540-4135-4fe7-8efb-f1e485c5b038
3,normal,85,91,discrete,paper,2,MTC,1.2288,2560.0,1536.0,328.6,1370.0,60.0,40.0,12.0,23.34,36.665000000000006,40.0,23.335,1,PF(cost=2.0),[127],0.0,0.2843318607609986,0.5541401390697457,0.3858598609302544,0.4158598609302543,0.20000000000000007,0.0,False,False,False,False,df984540-4135-4fe7-8efb-f1e485c5b038
3,normal,85,92,discrete,paper,0,eMBB,26.8928,84040.0,33616.0,924617.6,1570295.0,61.818000000000005,38.181999999999995,34.0,31.660000000000004,31.665,55.00000000000001,13.334999999999999,1,PF(cost=2.0),[112],0.0,0.22924400999212088,0.5080057601505158,0.4319942398494842,0.4619942398494842,0.15000000000000008,0.0,False,True,False,False,df984540-4135-4fe7-8efb-f1e485c5b038
3,normal,85,92,discrete,paper,1,URLLC,1.248,1950.0,1560.0,791.6,3610.0,20.0,80.0,5.0,55.0,31.665,55.00000000000001,13.334999999999999,1,PF(cost=2.0),[112],0.0,0.22924400999212088,0.5080057601505158,0.4319942398494842,0.4619942398494842,0.15000000000000008,0.0,False,False,False,False,df984540-4135-4fe7-8efb-f1e485c5b038
3,normal,85,92,discrete,paper,2,MTC,1.5360000000000003,3840.0,1920.0,311.3,1220.0,53.331999999999994,46.668000000000006,16.0,13.330000000000002,31.665,55.00000000000001,13.334999999999999,1,PF(cost=2.0),[112],0.0,0.22924400999212088,0.5080057601505158,0.4319942398494842,0.4619942398494842,0.15000000000000008,0.0,False,False,False,False,df984540-4135-4fe7-8efb-f1e485c5b038
3,normal,85,93,discrete,paper,0,eMBB,28.1152,91680.0,35144.0,937723.6,1589783.0,61.66600000000001,38.33399999999999,37.0,31.660000000000004,31.665,55.00000000000001,13.334999999999999,1,PF(cost=2.0),[112],0.0,0.2354109589566438,0.49976445764276056,0.44023554235723944,0.4702355423572394,0.0,0.0,False,True,False,False,df984540-4135-4fe7-8efb-f1e485c5b038
3,normal,85,93,discrete,paper,1,URLLC,1.248,1950.0,1560.0,789.0,3597.0,20.0,80.0,5.0,55.0,31.665,55.00000000000001,13.334999999999999,1,PF(cost=2.0),[112],0.0,0.2354109589566438,0.49976445764276056,0.44023554235723944,0.4702355423572394,0.0,0.0,False,False,False,False,df984540-4135-4fe7-8efb-f1e485c5b038
3,normal,85,93,discrete,paper,2,MTC,1.9455999999999998,2560.0,2432.0,319.3,1325.0,40.0,60.0,8.0,13.330000000000002,31.665,55.00000000000001,13.334999999999999,1,PF(cost=2.0),[112],0.0,0.2354109589566438,0.49976445764276056,0.44023554235723944,0.4702355423572394,0.0,0.0,False,False,False,False,df984540-4135-4fe7-8efb-f1e485c5b038
3,normal,85,94,discrete,paper,0,eMBB,25.6704,91680.0,32088.0,952851.6,1606120.0,65.0,35.0,39.0,26.660000000000004,26.665,55.00000000000001,18.335,2,BCQI(cost=2.0),[86],0.0,0.18280194804415656,0.4609490267345935,0.47905097326540647,0.5090509732654065,0.05,0.0,False,True,False,False,df984540-4135-4fe7-8efb-f1e485c5b038
3,normal,85,94,discrete,paper,1,URLLC,1.248,1950.0,1560.0,765.2,3478.0,20.0,80.0,5.0,55.0,26.665,55.00000000000001,18.335,2,BCQI(cost=2.0),[86],0.0,0.18280194804415656,0.4609490267345935,0.47905097326540647,0.5090509732654065,0.05,0.0,False,False,False,False,df984540-4135-4fe7-8efb-f1e485c5b038
3,normal,85,94,discrete,paper,2,MTC,1.024,3840.0,1280.0,443.6,1193.0,66.666,33.334,20.0,18.34,26.665,55.00000000000001,18.335,2,BCQI(cost=2.0),[86],0.0,0.18280194804415656,0.4609490267345935,0.47905097326540647,0.5090509732654065,0.05,0.0,False,False,False,False,df984540-4135-4fe7-8efb-f1e485c5b038
3,normal,85,95,discrete,paper,0,eMBB,29.3376,84040.0,36672.0,959838.0,1621039.0,60.0,40.0,33.0,31.660000000000004,31.665,55.00000000000001,13.334999999999999,1,PF(cost=2.0),[112],0.0,0.2422048311634599,0.5020085417113113,0.4379914582886887,0.4679914582886887,0.05,0.0,False,True,False,False,df984540-4135-4fe7-8efb-f1e485c5b038
3,normal,85,95,discrete,paper,1,URLLC,0.9984,1950.0,1248.0,765.2,3478.0,36.0,64.0,9.0,55.0,31.665,55.00000000000001,13.334999999999999,1,PF(cost=2.0),[112],0.0,0.2422048311634599,0.5020085417113113,0.4379914582886887,0.4679914582886887,0.05,0.0,False,False,False,False,df984540-4135-4fe7-8efb-f1e485c5b038
3,normal,85,95,discrete,paper,2,MTC,1.5360000000000003,2560.0,1920.0,500.6,1193.0,40.0,60.0,8.0,13.330000000000002,31.665,55.00000000000001,13.334999999999999,1,PF(cost=2.0),[112],0.0,0.2422048311634599,0.5020085417113113,0.4379914582886887,0.4679914582886887,0.05,0.0,False,False,False,False,df984540-4135-4fe7-8efb-f1e485c5b038
3,normal,85,96,discrete,paper,0,eMBB,29.3376,91680.0,36672.0,973805.4,1643347.0,60.0,40.0,36.0,41.66,41.665,35.0,23.335,2,BCQI(cost=2.0),[146],0.0,0.27486912187177565,0.605872040464998,0.334127959535002,0.3641279595350021,0.2,0.0,False,True,False,False,df984540-4135-4fe7-8efb-f1e485c5b038
3,normal,85,96,discrete,paper,1,URLLC,1.248,1950.0,1560.0,765.2,3478.0,20.0,80.0,5.0,35.0,41.665,35.0,23.335,2,BCQI(cost=2.0),[146],0.0,0.27486912187177565,0.605872040464998,0.334127959535002,0.3641279595350021,0.2,0.0,False,False,False,False,df984540-4135-4fe7-8efb-f1e485c5b038
3,normal,85,96,discrete,paper,2,MTC,1.6383999999999999,3840.0,2048.0,421.8,1193.0,50.0,50.0,15.0,23.34,41.665,35.0,23.335,2,BCQI(cost=2.0),[146],0.0,0.27486912187177565,0.605872040464998,0.334127959535002,0.3641279595350021,0.2,0.0,False,False,False,False,df984540-4135-4fe7-8efb-f1e485c5b038
3,normal,85,97,discrete,paper,0,eMBB,29.3376,91680.0,36672.0,980657.6,1648846.0,60.0,40.0,36.0,16.67,16.665000000000003,70.0,13.335000000000003,1,PF(cost=2.0),[31],0.0,0.1767659083131048,0.3496696146784406,0.5903303853215593,0.6203303853215594,0.35,0.0,False,True,False,False,df984540-4135-4fe7-8efb-f1e485c5b038
3,normal,85,97,discrete,paper,1,URLLC,1.4976,1950.0,1872.0,892.6,4115.0,20.0,80.0,5.0,70.0,16.665000000000003,70.0,13.335000000000003,1,PF(cost=2.0),[31],0.0,0.1767659083131048,0.3496696146784406,0.5903303853215593,0.6203303853215594,0.35,0.0,False,False,False,False,df984540-4135-4fe7-8efb-f1e485c5b038
3,normal,85,97,discrete,paper,2,MTC,2.2527999999999997,2560.0,2816.0,467.0,1513.0,40.0,60.0,8.0,13.34,16.665000000000003,70.0,13.335000000000003,1,PF(cost=2.0),[31],0.0,0.1767659083131048,0.3496696146784406,0.5903303853215593,0.6203303853215594,0.35,0.0,False,False,False,False,df984540-4135-4fe7-8efb-f1e485c5b038
3,normal,85,98,discrete,paper,0,eMBB,31.7824,84040.0,39728.0,993881.4,1673170.0,60.0,40.0,33.0,36.67,36.665000000000006,40.0,23.335,1,PF(cost=2.0),[127],0.0,0.27784912084762803,0.5606910209167346,0.3793089790832655,0.40930897908326547,0.3,0.0,False,True,False,False,df984540-4135-4fe7-8efb-f1e485c5b038
3,normal,85,98,discrete,paper,1,URLLC,1.248,1950.0,1560.0,840.0,3852.0,20.0,80.0,5.0,40.0,36.665000000000006,40.0,23.335,1,PF(cost=2.0),[127],0.0,0.27784912084762803,0.5606910209167346,0.3793089790832655,0.40930897908326547,0.3,0.0,False,False,False,False,df984540-4135-4fe7-8efb-f1e485c5b038
3,normal,85,98,discrete,paper,2,MTC,1.024,3840.0,1280.0,553.4,1545.0,66.665,33.334999999999994,20.0,23.34,36.665000000000006,40.0,23.335,1,PF(cost=2.0),[127],0.0,0.27784912084762803,0.5606910209167346,0.3793089790832655,0.40930897908326547,0.3,0.0,False,False,False,False,df984540-4135-4fe7-8efb-f1e485c5b038
3,normal,85,99,discrete,paper,0,eMBB,28.1152,91680.0,35144.0,997352.8,1673170.0,61.66600000000001,38.33399999999999,37.0,51.67,51.665000000000006,35.0,13.335000000000003,2,BCQI(cost=2.0),[179],0.0,0.32402379228183514,0.6994153825768628,0.24058461742313716,0.2705846174231372,0.14999999999999997,0.0,False,True,False,False,df984540-4135-4fe7-8efb-f1e485c5b038
3,normal,85,99,discrete,paper,1,URLLC,1.248,1950.0,1560.0,840.0,3852.0,20.0,80.0,5.0,35.0,51.665000000000006,35.0,13.335000000000003,2,BCQI(cost=2.0),[179],0.0,0.32402379228183514,0.6994153825768628,0.24058461742313716,0.2705846174231372,0.14999999999999997,0.0,False,False,False,False,df984540-4135-4fe7-8efb-f1e485c5b038
3,normal,85,99,discrete,paper,2,MTC,1.7407999999999997,2560.0,2176.0,510.5,1545.0,40.0,60.0,8.0,13.34,51.665000000000006,35.0,13.335000000000003,2,BCQI(cost=2.0),[179],0.0,0.32402379228183514,0.6994153825768628,0.24058461742313716,0.2705846174231372,0.14999999999999997,0.0,False,False,False,False,df984540-4135-4fe7-8efb-f1e485c5b038
3,normal,85,100,discrete,paper,0,eMBB,25.6704,91680.0,32088.0,1008813.8,1698755.0,65.0,35.0,39.0,26.660000000000004,26.665,55.00000000000001,18.335,2,BCQI(cost=2.0),[86],0.0,0.1878733398850749,0.4575042084935329,0.48249579150646715,0.512495791506467,0.25,0.0,False,True,False,True,df984540-4135-4fe7-8efb-f1e485c5b038
3,normal,85,100,discrete,paper,1,URLLC,1.248,1950.0,1560.0,840.0,3852.0,20.0,80.0,5.0,55.0,26.665,55.00000000000001,18.335,2,BCQI(cost=2.0),[86],0.0,0.1878733398850749,0.4575042084935329,0.48249579150646715,0.512495791506467,0.25,0.0,False,False,False,True,df984540-4135-4fe7-8efb-f1e485c5b038
3,normal,85,100,discrete,paper,2,MTC,1.5360000000000003,3840.0,1920.0,534.0,1885.0,56.665000000000006,43.334999999999994,17.0,18.34,26.665,55.00000000000001,18.335,2,BCQI(cost=2.0),[86],0.0,0.1878733398850749,0.4575042084935329,0.48249579150646715,0.512495791506467,0.25,0.0,False,False,False,True,df984540-4135-4fe7-8efb-f1e485c5b038
