timestamp_ms,ue_id,slice,thr_mbps,tx_bytes_delta,rx_bytes_delta,tx_packets_delta,rx_packets_delta,loss_pct_interval,buffer_bytes,dropped_packets_delta,rsh_configured_pct
510,1,eMBB,8.5568,33616,10696,22,7,0.00,3069,0,33.33
510,2,eMBB,0.0000,33616,0,22,0,0.00,3069,0,33.33
510,3,URLLC,0.0000,936,0,12,0,0.00,87,0,40.00
510,4,URLLC,0.1248,936,156,12,2,0.00,87,0,40.00
510,5,MTC,0.0000,256,0,2,0,0.00,0,0,26.67
510,6,MTC,0.0000,256,0,2,0,0.00,0,0,26.67
510,7,MTC,0.0000,256,0,2,0,0.00,0,0,26.67
510,8,MTC,0.0000,256,0,2,0,0.00,0,0,26.67
510,9,MTC,0.0000,256,0,2,0,0.00,0,0,26.67
510,10,MTC,0.0000,256,0,2,0,0.00,0,0,26.67
520,1,eMBB,0.0000,35144,0,23,0,0.00,3069,0,33.55
520,2,eMBB,0.0000,35144,0,23,0,0.00,3069,0,33.55
520,3,URLLC,0.0000,936,0,12,0,0.00,87,0,46.25
520,4,URLLC,0.1248,936,156,12,2,0.00,87,0,46.25
520,5,MTC,0.0000,256,0,2,0,0.00,0,0,20.20
520,6,MTC,0.0000,256,0,2,0,0.00,0,0,20.20
520,7,MTC,0.0000,256,0,2,0,0.00,0,0,20.20
520,8,MTC,0.0000,256,0,2,0,0.00,0,0,20.20
520,9,MTC,0.0000,256,0,2,0,0.00,0,0,20.20
520,10,MTC,0.0000,256,0,2,0,0.00,0,0,20.20
530,1,eMBB,11.0016,35144,13752,23,9,0.00,67758,0,37.29
530,2,eMBB,0.0000,35144,0,23,0,0.00,82722,0,37.29
530,3,URLLC,0.0000,1014,0,13,0,0.00,87,0,43.23
530,4,URLLC,1.8096,1014,2262,13,29,0.00,87,0,43.23
530,5,MTC,0.0000,256,0,2,0,0.00,311,0,19.47
530,6,MTC,0.5120,256,640,2,5,0.00,195,0,19.47
530,7,MTC,0.5120,256,640,2,5,0.00,192,0,19.47
530,8,MTC,0.5120,256,640,2,5,0.00,192,0,19.47
530,9,MTC,0.5120,256,640,2,5,0.00,192,0,19.47
530,10,MTC,0.0000,256,0,2,0,0.00,308,0,19.47
540,1,eMBB,13.4464,35144,16808,23,11,0.00,67758,0,34.00
540,2,eMBB,0.0000,35144,0,23,0,0.00,82722,0,34.00
540,3,URLLC,0.0000,936,0,12,0,0.00,87,0,37.27
540,4,URLLC,0.0624,936,78,12,1,0.00,87,0,37.27
540,5,MTC,0.0000,256,0,2,0,0.00,311,0,28.73
540,6,MTC,0.0000,256,0,2,0,0.00,195,0,28.73
540,7,MTC,0.0000,256,0,2,0,0.00,192,0,28.73
540,8,MTC,0.0000,256,0,2,0,0.00,192,0,28.73
540,9,MTC,0.0000,256,0,2,0,0.00,192,0,28.73
540,10,MTC,0.0000,256,0,2,0,0.00,308,0,28.73
550,1,eMBB,0.0000,35144,0,23,0,0.00,67758,0,48.75
550,2,eMBB,0.0000,35144,0,23,0,0.00,82722,0,48.75
550,3,URLLC,0.0000,1014,0,13,0,0.00,87,0,31.11
550,4,URLLC,0.0000,1014,0,13,0,0.00,87,0,31.11
550,5,MTC,0.0000,256,0,2,0,0.00,311,0,20.14
550,6,MTC,0.0000,256,0,2,0,0.00,195,0,20.14
550,7,MTC,0.0000,256,0,2,0,0.00,192,0,20.14
550,8,MTC,0.0000,256,0,2,0,0.00,192,0,20.14
550,9,MTC,0.0000,256,0,2,0,0.00,192,0,20.14
550,10,MTC,0.0000,256,0,2,0,0.00,308,0,20.14
560,1,eMBB,8.5568,35144,10696,23,7,0.00,147153,0,43.47
560,2,eMBB,0.0000,35144,0,23,0,0.00,183188,0,43.47
560,3,URLLC,0.0000,936,0,12,0,0.00,1717,0,32.37
560,4,URLLC,1.2480,936,1560,12,20,0.00,87,0,32.37
560,5,MTC,0.0000,256,0,2,0,0.00,797,0,24.16
560,6,MTC,0.5120,256,640,2,5,0.00,202,0,24.16
560,7,MTC,0.5120,256,640,2,5,0.00,194,0,24.16
560,8,MTC,0.5120,256,640,2,5,0.00,194,0,24.16
560,9,MTC,0.5120,256,640,2,5,0.00,202,0,24.16
560,10,MTC,0.0000,256,0,2,0,0.00,797,0,24.16
570,1,eMBB,15.8912,35144,19864,23,13,0.00,143176,0,45.47
570,2,eMBB,0.0000,35144,0,23,0,0.00,183467,0,45.47
570,3,URLLC,0.0000,1014,0,13,0,0.00,87,0,33.39
570,4,URLLC,1.1232,1014,1404,13,18,0.00,87,0,33.39
570,5,MTC,0.0000,256,0,2,0,0.00,905,0,21.15
570,6,MTC,0.2048,256,256,2,2,0.00,202,0,21.15
570,7,MTC,0.2048,256,256,2,2,0.00,194,0,21.15
570,8,MTC,0.2048,256,256,2,2,0.00,194,0,21.15
570,9,MTC,0.2048,256,256,2,2,0.00,202,0,21.15
570,10,MTC,0.0000,256,0,2,0,0.00,905,0,21.15
580,1,eMBB,1.2224,35144,1528,23,1,0.00,195093,0,31.70
580,2,eMBB,0.0000,35144,0,23,0,0.00,238952,0,31.70
580,3,URLLC,0.0000,936,0,12,0,0.00,1605,0,33.15
580,4,URLLC,0.0000,936,0,12,0,0.00,1635,0,33.15
580,5,MTC,0.0000,256,0,2,0,0.00,353,0,35.14
580,6,MTC,0.2048,256,256,2,2,0.00,129,0,35.14
580,7,MTC,0.2048,256,256,2,2,0.00,137,0,35.14
580,8,MTC,0.2048,256,256,2,2,0.00,137,0,35.14
580,9,MTC,0.2048,256,256,2,2,0.00,129,0,35.14
580,10,MTC,0.0000,256,0,2,0,0.00,353,0,35.14
590,1,eMBB,14.6688,35144,18336,23,12,0.00,214100,0,33.04
590,2,eMBB,0.0000,35144,0,23,0,0.00,273462,0,33.04
590,3,URLLC,0.0000,1014,0,13,0,0.00,87,0,46.15
590,4,URLLC,1.4352,1014,1794,13,23,0.00,87,0,46.15
590,5,MTC,0.0000,256,0,2,0,0.00,137,0,20.81
590,6,MTC,0.4096,256,512,2,4,0.00,137,0,20.81
590,7,MTC,0.4096,256,512,2,4,0.00,137,0,20.81
590,8,MTC,0.4096,256,512,2,4,0.00,137,0,20.81
590,9,MTC,0.4096,256,512,2,4,0.00,137,0,20.81
590,10,MTC,0.0000,256,0,2,0,0.00,80,0,20.81
600,1,eMBB,11.0016,35144,13752,23,9,0.00,226041,0,23.96
600,2,eMBB,0.0000,35144,0,23,0,0.00,299591,0,23.96
600,3,URLLC,0.0000,936,0,12,0,0.00,251,0,51.84
600,4,URLLC,1.0608,936,1326,12,17,0.00,87,0,51.84
600,5,MTC,0.0000,256,0,2,0,0.00,80,0,24.20
600,6,MTC,0.2048,256,256,2,2,0.00,137,0,24.20
600,7,MTC,0.2048,256,256,2,2,0.00,137,0,24.20
600,8,MTC,0.2048,256,256,2,2,0.00,137,0,24.20
600,9,MTC,0.2048,256,256,2,2,0.00,137,0,24.20
600,10,MTC,0.0000,256,0,2,0,0.00,80,0,24.20
610,1,eMBB,36.6720,35144,45840,23,30,0.00,222507,0,47.14
610,2,eMBB,0.0000,35144,0,23,0,0.00,343649,0,47.14
610,3,URLLC,0.0000,1014,0,13,0,0.00,333,0,26.19
610,4,URLLC,0.0000,1014,0,13,0,0.00,87,0,26.19
610,5,MTC,0.0000,256,0,2,0,0.00,56,0,26.66
610,6,MTC,0.2048,256,256,2,2,0.00,137,0,26.66
610,7,MTC,0.2048,256,256,2,2,0.00,137,0,26.66
610,8,MTC,0.2048,256,256,2,2,0.00,137,0,26.66
610,9,MTC,0.2048,256,256,2,2,0.00,137,0,26.66
610,10,MTC,0.0000,256,0,2,0,0.00,137,0,26.66
620,1,eMBB,53.7856,33616,67232,22,44,0.00,193349,0,23.67
620,2,eMBB,0.0000,33616,0,22,0,0.00,377847,0,23.67
620,3,URLLC,0.0000,936,0,12,0,0.00,711,0,30.48
620,4,URLLC,0.8736,936,1092,12,14,0.00,87,0,30.48
620,5,MTC,0.0000,256,0,2,0,0.00,137,0,45.85
620,6,MTC,0.2048,256,256,2,2,0.00,137,0,45.85
620,7,MTC,0.2048,256,256,2,2,0.00,137,0,45.85
620,8,MTC,0.2048,256,256,2,2,0.00,137,0,45.85
620,9,MTC,0.2048,256,256,2,2,0.00,137,0,45.85
620,10,MTC,0.0000,256,0,2,0,0.00,137,0,45.85
630,1,eMBB,44.0064,35144,55008,23,36,0.00,172348,0,29.72
630,2,eMBB,0.0000,35144,0,23,0,0.00,389838,0,29.72
630,3,URLLC,0.0000,1014,0,13,0,0.00,1399,0,33.82
630,4,URLLC,0.0000,1014,0,13,0,0.00,87,0,33.82
630,5,MTC,0.0000,384,0,3,0,0.00,137,0,36.46
630,6,MTC,0.2048,384,256,3,2,0.00,137,0,36.46
630,7,MTC,0.2048,384,256,3,2,0.00,137,0,36.46
630,8,MTC,0.2048,384,256,3,2,0.00,137,0,36.46
630,9,MTC,0.2048,384,256,3,2,0.00,137,0,36.46
630,10,MTC,0.0000,384,0,3,0,0.00,137,0,36.46
640,1,eMBB,58.6752,35144,73344,23,48,0.00,137415,0,33.51
640,2,eMBB,0.0000,35144,0,23,0,0.00,440514,0,33.51
640,3,URLLC,0.0000,936,0,12,0,0.00,1399,0,45.76
640,4,URLLC,0.0000,936,0,12,0,0.00,251,0,45.76
640,5,MTC,0.0000,256,0,2,0,0.00,137,0,20.73
640,6,MTC,0.2048,256,256,2,2,0.00,137,0,20.73
640,7,MTC,0.2048,256,256,2,2,0.00,137,0,20.73
640,8,MTC,0.2048,256,256,2,2,0.00,137,0,20.73
640,9,MTC,0.2048,256,256,2,2,0.00,137,0,20.73
640,10,MTC,0.0000,256,0,2,0,0.00,137,0,20.73
650,1,eMBB,84.3456,35144,105432,23,69,0.00,68174,0,43.12
650,2,eMBB,0.0000,35144,0,23,0,0.00,477605,0,43.12
650,3,URLLC,0.0000,1014,0,13,0,0.00,2691,0,30.07
650,4,URLLC,0.0000,1014,0,13,0,0.00,333,0,30.07
650,5,MTC,0.0000,256,0,2,0,0.00,70,0,26.81
650,6,MTC,0.2048,256,256,2,2,0.00,137,0,26.81
650,7,MTC,0.2048,256,256,2,2,0.00,137,0,26.81
650,8,MTC,0.2048,256,256,2,2,0.00,137,0,26.81
650,9,MTC,0.2048,256,256,2,2,0.00,137,0,26.81
650,10,MTC,0.0000,256,0,2,0,0.00,411,0,26.81
660,1,eMBB,33.0048,35144,41256,23,27,0.00,55521,0,24.37
660,2,eMBB,0.0000,35144,0,23,0,0.00,484690,0,24.37
660,3,URLLC,0.0000,936,0,12,0,0.00,2691,0,54.81
660,4,URLLC,0.0000,936,0,12,0,0.00,87,0,54.81
660,5,MTC,0.1024,256,128,2,1,0.00,137,0,20.82
660,6,MTC,0.2048,256,256,2,2,0.00,137,0,20.82
660,7,MTC,0.2048,256,256,2,2,0.00,137,0,20.82
660,8,MTC,0.2048,256,256,2,2,0.00,137,0,20.82
660,9,MTC,0.2048,256,256,2,2,0.00,137,0,20.82
660,10,MTC,0.0000,256,0,2,0,0.00,411,0,20.82
670,1,eMBB,67.2320,35144,84040,23,55,0.00,1537,0,41.86
670,2,eMBB,0.0000,35144,0,23,0,0.00,538886,0,41.86
670,3,URLLC,0.0000,1014,0,13,0,0.00,3390,0,32.77
670,4,URLLC,0.0000,1014,0,13,0,0.00,87,0,32.77
670,5,MTC,0.0000,256,0,2,0,0.00,137,0,25.36
670,6,MTC,0.2048,256,256,2,2,0.00,137,0,25.36
670,7,MTC,0.2048,256,256,2,2,0.00,137,0,25.36
670,8,MTC,0.2048,256,256,2,2,0.00,137,0,25.36
670,9,MTC,0.2048,256,256,2,2,0.00,137,0,25.36
670,10,MTC,0.0000,256,0,2,0,0.00,401,0,25.36
680,1,eMBB,30.5600,35144,38200,23,25,0.00,3069,0,40.98
680,2,eMBB,0.0000,35144,0,23,0,0.00,566886,0,40.98
680,3,URLLC,0.0000,936,0,12,0,0.00,1965,0,31.01
680,4,URLLC,0.0000,936,0,12,0,0.00,87,0,31.01
680,5,MTC,0.0000,256,0,2,0,0.00,137,0,28.01
680,6,MTC,0.2048,256,256,2,2,0.00,137,0,28.01
680,7,MTC,0.2048,256,256,2,2,0.00,137,0,28.01
680,8,MTC,0.2048,256,256,2,2,0.00,137,0,28.01
680,9,MTC,0.2048,256,256,2,2,0.00,137,0,28.01
680,10,MTC,0.0000,256,0,2,0,0.00,401,0,28.01
690,1,eMBB,26.8928,35144,33616,23,22,0.00,2171,0,24.83
690,2,eMBB,0.0000,35144,0,23,0,0.00,599119,0,24.83
690,3,URLLC,0.0000,1014,0,13,0,0.00,1965,0,31.60
690,4,URLLC,0.0000,1014,0,13,0,0.00,251,0,31.60
690,5,MTC,0.0000,256,0,2,0,0.00,137,0,43.56
690,6,MTC,0.2048,256,256,2,2,0.00,137,0,43.56
690,7,MTC,0.2048,256,256,2,2,0.00,137,0,43.56
690,8,MTC,0.2048,256,256,2,2,0.00,137,0,43.56
690,9,MTC,0.2048,256,256,2,2,0.00,137,0,43.56
690,10,MTC,0.0000,256,0,2,0,0.00,832,0,43.56
700,1,eMBB,29.3376,35144,36672,23,24,0.00,4539,0,26.14
700,2,eMBB,0.0000,35144,0,23,0,0.00,623328,0,26.14
700,3,URLLC,0.0000,936,0,12,0,0.00,1674,0,41.66
700,4,URLLC,0.0000,936,0,12,0,0.00,251,0,41.66
700,5,MTC,0.0000,256,0,2,0,0.00,137,0,32.20
700,6,MTC,0.2048,256,256,2,2,0.00,137,0,32.20
700,7,MTC,0.2048,256,256,2,2,0.00,137,0,32.20
700,8,MTC,0.2048,256,256,2,2,0.00,137,0,32.20
700,9,MTC,0.2048,256,256,2,2,0.00,137,0,32.20
700,10,MTC,0.0000,256,0,2,0,0.00,832,0,32.20
710,1,eMBB,29.3376,35144,36672,23,24,0.00,6133,0,38.73
710,2,eMBB,0.0000,35144,0,23,0,0.00,650979,0,38.73
710,3,URLLC,0.0000,1014,0,13,0,0.00,1674,0,25.50
710,4,URLLC,0.0000,1014,0,13,0,0.00,169,0,25.50
710,5,MTC,0.0000,256,0,2,0,0.00,137,0,35.76
710,6,MTC,0.3072,256,384,2,3,0.00,137,0,35.76
710,7,MTC,0.3072,256,384,2,3,0.00,137,0,35.76
710,8,MTC,0.3072,256,384,2,3,0.00,137,0,35.76
710,9,MTC,0.3072,256,384,2,3,0.00,137,0,35.76
710,10,MTC,0.0000,256,0,2,0,0.00,665,0,35.76
720,1,eMBB,28.1152,35144,35144,23,23,0.00,4329,0,24.38
720,2,eMBB,0.0000,35144,0,23,0,0.00,678950,0,24.38
720,3,URLLC,0.0000,936,0,12,0,0.00,87,0,47.56
720,4,URLLC,0.6240,936,780,12,10,0.00,87,0,47.56
720,5,MTC,0.0000,256,0,2,0,0.00,137,0,28.06
720,6,MTC,0.2048,256,256,2,2,0.00,137,0,28.06
720,7,MTC,0.2048,256,256,2,2,0.00,137,0,28.06
720,8,MTC,0.2048,256,256,2,2,0.00,137,0,28.06
720,9,MTC,0.2048,256,256,2,2,0.00,137,0,28.06
720,10,MTC,0.0000,256,0,2,0,0.00,137,0,28.06
730,1,eMBB,29.3376,35144,36672,23,24,0.00,1537,0,31.37
730,2,eMBB,0.0000,35144,0,23,0,0.00,714655,0,31.37
730,3,URLLC,0.0000,1014,0,13,0,0.00,579,0,35.08
730,4,URLLC,0.0000,1014,0,13,0,0.00,87,0,35.08
730,5,MTC,0.0000,256,0,2,0,0.00,137,0,33.56
730,6,MTC,0.2048,256,256,2,2,0.00,137,0,33.56
730,7,MTC,0.2048,256,256,2,2,0.00,137,0,33.56
730,8,MTC,0.2048,256,256,2,2,0.00,137,0,33.56
730,9,MTC,0.2048,256,256,2,2,0.00,137,0,33.56
730,10,MTC,0.0000,256,0,2,0,0.00,137,0,33.56
740,1,eMBB,26.8928,33616,33616,22,22,0.00,1537,0,21.18
740,2,eMBB,0.0000,33616,0,22,0,0.00,742347,0,21.18
740,3,URLLC,0.0000,936,0,12,0,0.00,579,0,37.80
740,4,URLLC,0.0000,936,0,12,0,0.00,333,0,37.80
740,5,MTC,0.0000,256,0,2,0,0.00,137,0,41.02
740,6,MTC,0.2048,256,256,2,2,0.00,137,0,41.02
740,7,MTC,0.2048,256,256,2,2,0.00,137,0,41.02
740,8,MTC,0.2048,256,256,2,2,0.00,137,0,41.02
740,9,MTC,0.2048,256,256,2,2,0.00,137,0,41.02
740,10,MTC,0.0000,256,0,2,0,0.00,137,0,41.02
750,1,eMBB,26.8928,35144,33616,23,22,0.00,1537,0,28.55
750,2,eMBB,0.0000,35144,0,23,0,0.00,760614,0,28.55
750,3,URLLC,0.0000,1014,0,13,0,0.00,1481,0,45.65
750,4,URLLC,0.0000,1014,0,13,0,0.00,87,0,45.65
750,5,MTC,0.0000,384,0,3,0,0.00,137,0,25.80
750,6,MTC,0.2048,384,256,3,2,0.00,137,0,25.80
750,7,MTC,0.2048,384,256,3,2,0.00,137,0,25.80
750,8,MTC,0.2048,384,256,3,2,0.00,137,0,25.80
750,9,MTC,0.2048,384,256,3,2,0.00,137,0,25.80
750,10,MTC,0.0000,384,0,3,0,0.00,269,0,25.80
760,1,eMBB,25.6704,35144,32088,23,21,0.00,1537,0,30.46
760,2,eMBB,0.0000,35144,0,23,0,0.00,811802,0,30.46
760,3,URLLC,0.0000,936,0,12,0,0.00,251,0,32.29
760,4,URLLC,0.0000,936,0,12,0,0.00,87,0,32.29
760,5,MTC,0.0000,256,0,2,0,0.00,269,0,37.25
760,6,MTC,0.2048,256,256,2,2,0.00,137,0,37.25
760,7,MTC,0.2048,256,256,2,2,0.00,137,0,37.25
760,8,MTC,0.2048,256,256,2,2,0.00,137,0,37.25
760,9,MTC,0.2048,256,256,2,2,0.00,137,0,37.25
760,10,MTC,0.0000,256,0,2,0,0.00,401,0,37.25
770,1,eMBB,29.3376,35144,36672,23,24,0.00,4597,0,32.68
770,2,eMBB,0.0000,35144,0,23,0,0.00,833632,0,32.68
770,3,URLLC,0.0000,1014,0,13,0,0.00,87,0,44.64
770,4,URLLC,0.0000,1014,0,13,0,0.00,251,0,44.64
770,5,MTC,0.0000,256,0,2,0,0.00,196,0,22.68
770,6,MTC,0.2048,256,256,2,2,0.00,137,0,22.68
770,7,MTC,0.2048,256,256,2,2,0.00,137,0,22.68
770,8,MTC,0.2048,256,256,2,2,0.00,137,0,22.68
770,9,MTC,0.2048,256,256,2,2,0.00,137,0,22.68
770,10,MTC,0.0000,256,0,2,0,0.00,401,0,22.68
780,1,eMBB,29.3376,35144,36672,23,24,0.00,7665,0,32.60
780,2,eMBB,0.0000,35144,0,23,0,0.00,878094,0,32.60
780,3,URLLC,0.0000,936,0,12,0,0.00,87,0,36.54
780,4,URLLC,0.0000,936,0,12,0,0.00,333,0,36.54
780,5,MTC,0.0000,256,0,2,0,0.00,401,0,30.85
780,6,MTC,0.2048,256,256,2,2,0.00,137,0,30.85
780,7,MTC,0.2048,256,256,2,2,0.00,137,0,30.85
780,8,MTC,0.2048,256,256,2,2,0.00,137,0,30.85
780,9,MTC,0.2048,256,256,2,2,0.00,137,0,30.85
780,10,MTC,0.0000,256,0,2,0,0.00,137,0,30.85
790,1,eMBB,29.3376,35144,36672,23,24,0.00,1537,0,23.26
790,2,eMBB,0.0000,35144,0,23,0,0.00,906426,0,23.26
790,3,URLLC,0.0000,1014,0,13,0,0.00,169,0,33.05
790,4,URLLC,0.0000,1014,0,13,0,0.00,333,0,33.05
790,5,MTC,0.0000,256,0,2,0,0.00,137,0,43.69
790,6,MTC,0.2048,256,256,2,2,0.00,137,0,43.69
790,7,MTC,0.2048,256,256,2,2,0.00,137,0,43.69
790,8,MTC,0.2048,256,256,2,2,0.00,137,0,43.69
790,9,MTC,0.2048,256,256,2,2,0.00,137,0,43.69
790,10,MTC,0.0000,256,0,2,0,0.00,269,0,43.69
800,1,eMBB,28.1152,35144,35144,23,23,0.00,1537,0,39.53
800,2,eMBB,0.0000,35144,0,23,0,0.00,933313,0,39.53
800,3,URLLC,0.0000,936,0,12,0,0.00,169,0,39.94
800,4,URLLC,0.0000,936,0,12,0,0.00,251,0,39.94
800,5,MTC,0.0000,256,0,2,0,0.00,137,0,20.53
800,6,MTC,0.2048,256,256,2,2,0.00,137,0,20.53
800,7,MTC,0.2048,256,256,2,2,0.00,137,0,20.53
800,8,MTC,0.2048,256,256,2,2,0.00,137,0,20.53
800,9,MTC,0.2048,256,256,2,2,0.00,137,0,20.53
800,10,MTC,0.0000,256,0,2,0,0.00,137,0,20.53
810,1,eMBB,28.1152,35144,35144,23,23,0.00,1537,0,29.36
810,2,eMBB,0.0000,35144,0,23,0,0.00,970788,0,29.36
810,3,URLLC,0.0000,1014,0,13,0,0.00,825,0,36.65
810,4,URLLC,0.0000,1014,0,13,0,0.00,87,0,36.65
810,5,MTC,0.0000,256,0,2,0,0.00,269,0,33.99
810,6,MTC,0.2048,256,256,2,2,0.00,137,0,33.99
810,7,MTC,0.2048,256,256,2,2,0.00,137,0,33.99
810,8,MTC,0.2048,256,256,2,2,0.00,137,0,33.99
810,9,MTC,0.2048,256,256,2,2,0.00,137,0,33.99
810,10,MTC,0.0000,256,0,2,0,0.00,137,0,33.99
820,1,eMBB,23.2256,35144,29032,23,19,0.00,1537,0,33.54
820,2,eMBB,0.0000,35144,0,23,0,0.00,999208,0,33.54
820,3,URLLC,0.0000,936,0,12,0,0.00,579,0,26.52
820,4,URLLC,11.1072,936,13884,12,178,0.00,541,0,26.52
820,5,MTC,0.0000,256,0,2,0,0.00,137,0,39.94
820,6,MTC,0.3072,256,384,2,3,0.00,137,0,39.94
820,7,MTC,0.3072,256,384,2,3,0.00,137,0,39.94
820,8,MTC,0.3072,256,384,2,3,0.00,137,0,39.94
820,9,MTC,0.3072,256,384,2,3,0.00,137,0,39.94
820,10,MTC,0.0000,256,0,2,0,0.00,137,0,39.94
830,1,eMBB,28.1152,35144,35144,23,23,0.00,1537,0,49.90
830,2,eMBB,0.0000,35144,0,23,0,0.00,1022927,0,49.90
830,3,URLLC,0.0000,1014,0,13,0,0.00,1481,0,29.76
830,4,URLLC,0.0000,1014,0,13,0,0.00,251,0,29.76
830,5,MTC,0.0000,256,0,2,0,0.00,269,0,20.34
830,6,MTC,0.1024,256,128,2,1,0.00,137,0,20.34
830,7,MTC,0.1024,256,128,2,1,0.00,137,0,20.34
830,8,MTC,0.1024,256,128,2,1,0.00,137,0,20.34
830,9,MTC,0.1024,256,128,2,1,0.00,137,0,20.34
830,10,MTC,0.0000,256,0,2,0,0.00,401,0,20.34
840,1,eMBB,29.3376,35144,36672,23,24,0.00,5072,0,34.17
840,2,eMBB,0.0000,35144,0,23,0,0.00,1057339,0,34.17
840,3,URLLC,0.0000,936,0,12,0,0.00,579,0,31.99
840,4,URLLC,0.0000,936,0,12,0,0.00,251,0,31.99
840,5,MTC,0.0000,256,0,2,0,0.00,269,0,33.83
840,6,MTC,0.2048,256,256,2,2,0.00,137,0,33.83
840,7,MTC,0.2048,256,256,2,2,0.00,137,0,33.83
840,8,MTC,0.2048,256,256,2,2,0.00,137,0,33.83
840,9,MTC,0.2048,256,256,2,2,0.00,137,0,33.83
840,10,MTC,0.0000,256,0,2,0,0.00,139,0,33.83
850,1,eMBB,30.5600,35144,38200,23,25,0.00,6133,0,40.61
850,2,eMBB,0.0000,35144,0,23,0,0.00,1087053,0,40.61
850,3,URLLC,0.0000,1014,0,13,0,0.00,333,0,26.83
850,4,URLLC,0.0000,1014,0,13,0,0.00,251,0,26.83
850,5,MTC,0.0000,256,0,2,0,0.00,424,0,32.56
850,6,MTC,0.3072,256,384,2,3,0.00,137,0,32.56
850,7,MTC,0.3072,256,384,2,3,0.00,137,0,32.56
850,8,MTC,0.3072,256,384,2,3,0.00,137,0,32.56
850,9,MTC,0.3072,256,384,2,3,0.00,137,0,32.56
850,10,MTC,0.0000,256,0,2,0,0.00,401,0,32.56
860,1,eMBB,29.3376,33616,36672,22,24,0.00,3069,0,22.49
860,2,eMBB,0.0000,33616,0,22,0,0.00,1087053,0,22.49
860,3,URLLC,0.0000,936,0,12,0,0.00,1481,0,42.31
860,4,URLLC,0.0000,936,0,12,0,0.00,87,0,42.31
860,5,MTC,0.0000,256,0,2,0,0.00,404,0,35.21
860,6,MTC,0.2048,256,256,2,2,0.00,137,0,35.21
860,7,MTC,0.2048,256,256,2,2,0.00,137,0,35.21
860,8,MTC,0.2048,256,256,2,2,0.00,137,0,35.21
860,9,MTC,0.2048,256,256,2,2,0.00,137,0,35.21
860,10,MTC,0.0000,256,0,2,0,0.00,401,0,35.21
870,1,eMBB,28.1152,35144,35144,23,23,0.00,1537,0,28.33
870,2,eMBB,0.0000,35144,0,23,0,0.00,1145377,0,28.33
870,3,URLLC,0.0000,1014,0,13,0,0.00,1071,0,38.11
870,4,URLLC,0.0000,1014,0,13,0,0.00,87,0,38.11
870,5,MTC,0.0000,384,0,3,0,0.00,137,0,33.56
870,6,MTC,0.2048,384,256,3,2,0.00,137,0,33.56
870,7,MTC,0.2048,384,256,3,2,0.00,137,0,33.56
870,8,MTC,0.2048,384,256,3,2,0.00,137,0,33.56
870,9,MTC,0.2048,384,256,3,2,0.00,137,0,33.56
870,10,MTC,0.0000,384,0,3,0,0.00,137,0,33.56
880,1,eMBB,26.8928,35144,33616,23,22,0.00,1537,0,52.01
880,2,eMBB,0.0000,35144,0,23,0,0.00,1193262,0,52.01
880,3,URLLC,0.0000,936,0,12,0,0.00,743,0,26.45
880,4,URLLC,0.0000,936,0,12,0,0.00,743,0,26.45
880,5,MTC,0.0000,256,0,2,0,0.00,137,0,21.54
880,6,MTC,0.2048,256,256,2,2,0.00,137,0,21.54
880,7,MTC,0.2048,256,256,2,2,0.00,137,0,21.54
880,8,MTC,0.2048,256,256,2,2,0.00,137,0,21.54
880,9,MTC,0.2048,256,256,2,2,0.00,137,0,21.54
880,10,MTC,0.0000,256,0,2,0,0.00,137,0,21.54
890,1,eMBB,26.8928,35144,33616,23,22,0.00,1537,0,23.50
890,2,eMBB,0.0000,35144,0,23,0,0.00,1209021,0,23.50
890,3,URLLC,0.0000,1014,0,13,0,0.00,333,0,28.65
890,4,URLLC,0.0000,1014,0,13,0,0.00,87,0,28.65
890,5,MTC,0.0000,256,0,2,0,0.00,137,0,47.86
890,6,MTC,0.2048,256,256,2,2,0.00,137,0,47.86
890,7,MTC,0.2048,256,256,2,2,0.00,137,0,47.86
890,8,MTC,0.2048,256,256,2,2,0.00,137,0,47.86
890,9,MTC,0.2048,256,256,2,2,0.00,137,0,47.86
890,10,MTC,0.0000,256,0,2,0,0.00,269,0,47.86
900,1,eMBB,25.6704,35144,32088,23,21,0.00,1537,0,31.27
900,2,eMBB,0.0000,35144,0,23,0,0.00,1241640,0,31.27
900,3,URLLC,0.0000,936,0,12,0,0.00,333,0,35.95
900,4,URLLC,0.0000,936,0,12,0,0.00,87,0,35.95
900,5,MTC,0.0000,256,0,2,0,0.00,137,0,32.78
900,6,MTC,0.2048,256,256,2,2,0.00,137,0,32.78
900,7,MTC,0.2048,256,256,2,2,0.00,137,0,32.78
900,8,MTC,0.2048,256,256,2,2,0.00,137,0,32.78
900,9,MTC,0.2048,256,256,2,2,0.00,137,0,32.78
900,10,MTC,0.0000,256,0,2,0,0.00,137,0,32.78
910,1,eMBB,29.3376,35144,36672,23,24,0.00,3069,0,43.66
910,2,eMBB,0.0000,35144,0,23,0,0.00,1275726,0,43.66
910,3,URLLC,0.0000,1014,0,13,0,0.00,333,0,38.28
910,4,URLLC,0.0000,1014,0,13,0,0.00,87,0,38.28
910,5,MTC,0.0000,256,0,2,0,0.00,401,0,18.06
910,6,MTC,0.2048,256,256,2,2,0.00,137,0,18.06
910,7,MTC,0.2048,256,256,2,2,0.00,137,0,18.06
910,8,MTC,0.2048,256,256,2,2,0.00,137,0,18.06
910,9,MTC,0.2048,256,256,2,2,0.00,137,0,18.06
910,10,MTC,0.0000,256,0,2,0,0.00,137,0,18.06
920,1,eMBB,29.3376,35144,36672,23,24,0.00,7665,0,40.29
920,2,eMBB,0.0000,35144,0,23,0,0.00,1305797,0,40.29
920,3,URLLC,0.0000,936,0,12,0,0.00,333,0,29.40
920,4,URLLC,9.6096,936,12012,12,154,0.00,333,0,29.40
920,5,MTC,0.0000,256,0,2,0,0.00,401,0,30.31
920,6,MTC,0.2048,256,256,2,2,0.00,137,0,30.31
920,7,MTC,0.2048,256,256,2,2,0.00,137,0,30.31
920,8,MTC,0.2048,256,256,2,2,0.00,137,0,30.31
920,9,MTC,0.2048,256,256,2,2,0.00,137,0,30.31
920,10,MTC,0.0000,256,0,2,0,0.00,137,0,30.31
930,1,eMBB,29.3376,35144,36672,23,24,0.00,1537,0,45.91
930,2,eMBB,0.0000,35144,0,23,0,0.00,1332348,0,45.91
930,3,URLLC,0.0000,1014,0,13,0,0.00,333,0,27.20
930,4,URLLC,0.6240,1014,780,13,10,0.00,333,0,27.20
930,5,MTC,0.0000,256,0,2,0,0.00,401,0,26.90
930,6,MTC,0.2048,256,256,2,2,0.00,137,0,26.90
930,7,MTC,0.2048,256,256,2,2,0.00,137,0,26.90
930,8,MTC,0.2048,256,256,2,2,0.00,137,0,26.90
930,9,MTC,0.2048,256,256,2,2,0.00,137,0,26.90
930,10,MTC,0.0000,256,0,2,0,0.00,401,0,26.90
940,1,eMBB,28.1152,35144,35144,23,23,0.00,1537,0,29.86
940,2,eMBB,0.0000,35144,0,23,0,0.00,1352889,0,29.86
940,3,URLLC,0.0000,936,0,12,0,0.00,333,0,39.85
940,4,URLLC,0.0000,936,0,12,0,0.00,333,0,39.85
940,5,MTC,0.0000,256,0,2,0,0.00,401,0,30.29
940,6,MTC,0.3072,256,384,2,3,0.00,137,0,30.29
940,7,MTC,0.3072,256,384,2,3,0.00,137,0,30.29
940,8,MTC,0.3072,256,384,2,3,0.00,137,0,30.29
940,9,MTC,0.3072,256,384,2,3,0.00,137,0,30.29
940,10,MTC,0.0000,256,0,2,0,0.00,401,0,30.29
950,1,eMBB,28.1152,35144,35144,23,23,0.00,1537,0,23.69
950,2,eMBB,0.0000,35144,0,23,0,0.00,1380120,0,23.69
950,3,URLLC,0.0000,1014,0,13,0,0.00,333,0,52.20
950,4,URLLC,0.8112,1014,1014,13,13,0.00,87,0,52.20
950,5,MTC,0.0000,256,0,2,0,0.00,401,0,24.11
950,6,MTC,0.2048,256,256,2,2,0.00,137,0,24.11
950,7,MTC,0.2048,256,256,2,2,0.00,137,0,24.11
950,8,MTC,0.2048,256,256,2,2,0.00,137,0,24.11
950,9,MTC,0.2048,256,256,2,2,0.00,137,0,24.11
950,10,MTC,0.0000,256,0,2,0,0.00,401,0,24.11
960,1,eMBB,22.0032,35144,27504,23,18,0.00,1537,0,22.87
960,2,eMBB,0.0000,35144,0,23,0,0.00,1423006,0,22.87
960,3,URLLC,0.0000,936,0,12,0,0.00,6483,0,57.15
960,4,URLLC,0.4992,936,624,12,8,0.00,87,0,57.15
960,5,MTC,0.0000,256,0,2,0,0.00,269,0,19.98
960,6,MTC,0.2048,256,256,2,2,0.00,137,0,19.98
960,7,MTC,0.2048,256,256,2,2,0.00,137,0,19.98
960,8,MTC,0.2048,256,256,2,2,0.00,137,0,19.98
960,9,MTC,0.2048,256,256,2,2,0.00,137,0,19.98
960,10,MTC,0.0000,256,0,2,0,0.00,137,0,19.98
970,1,eMBB,29.3376,35144,36672,23,24,0.00,1537,0,26.62
970,2,eMBB,0.0000,35144,0,23,0,0.00,1460762,0,26.62
970,3,URLLC,0.0000,1014,0,13,0,0.00,6483,0,28.20
970,4,URLLC,0.5616,1014,702,13,9,0.00,87,0,28.20
970,5,MTC,0.0000,256,0,2,0,0.00,269,0,45.19
970,6,MTC,0.1024,256,128,2,1,0.00,137,0,45.19
970,7,MTC,0.1024,256,128,2,1,0.00,137,0,45.19
970,8,MTC,0.1024,256,128,2,1,0.00,137,0,45.19
970,9,MTC,0.1024,256,128,2,1,0.00,137,0,45.19
970,10,MTC,0.0000,256,0,2,0,0.00,137,0,45.19
980,1,eMBB,29.3376,33616,36672,22,24,0.00,6707,0,29.33
980,2,eMBB,0.0000,33616,0,22,0,0.00,1487848,0,29.33
980,3,URLLC,0.0000,936,0,12,0,0.00,6483,0,41.65
980,4,URLLC,1.0608,936,1326,12,17,0.00,87,0,41.65
980,5,MTC,0.0000,256,0,2,0,0.00,477,0,29.02
980,6,MTC,0.3072,256,384,2,3,0.00,137,0,29.02
980,7,MTC,0.3072,256,384,2,3,0.00,137,0,29.02
980,8,MTC,0.3072,256,384,2,3,0.00,137,0,29.02
980,9,MTC,0.3072,256,384,2,3,0.00,137,0,29.02
980,10,MTC,0.0000,256,0,2,0,0.00,137,0,29.02
990,1,eMBB,29.3376,35144,36672,23,24,0.00,7665,0,24.49
990,2,eMBB,0.0000,35144,0,23,0,0.00,1512096,0,24.49
990,3,URLLC,0.0000,1014,0,13,0,0.00,8400,0,52.05
990,4,URLLC,2.3088,1014,2886,13,37,0.00,333,0,52.05
990,5,MTC,0.0000,384,0,3,0,0.00,269,0,23.46
990,6,MTC,0.2048,384,256,3,2,0.00,137,0,23.46
990,7,MTC,0.2048,384,256,3,2,0.00,137,0,23.46
990,8,MTC,0.2048,384,256,3,2,0.00,137,0,23.46
990,9,MTC,0.2048,384,256,3,2,0.00,137,0,23.46
990,10,MTC,0.0000,384,0,3,0,0.00,401,0,23.46
1000,1,eMBB,29.3376,35144,36672,23,24,0.00,1537,0,37.03
1000,2,eMBB,0.0000,35144,0,23,0,0.00,1544580,0,37.03
1000,3,URLLC,0.0000,936,0,12,0,0.00,7289,0,27.82
1000,4,URLLC,0.0000,936,0,12,0,0.00,251,0,27.82
1000,5,MTC,0.0000,256,0,2,0,0.00,445,0,35.14
1000,6,MTC,0.2048,256,256,2,2,0.00,137,0,35.14
1000,7,MTC,0.2048,256,256,2,2,0.00,137,0,35.14
1000,8,MTC,0.2048,256,256,2,2,0.00,137,0,35.14
1000,9,MTC,0.2048,256,256,2,2,0.00,137,0,35.14
1000,10,MTC,0.0000,256,0,2,0,0.00,577,0,35.14
1010,1,eMBB,28.1152,35144,35144,23,23,0.00,3069,0,25.34
1010,2,eMBB,0.0000,35144,0,23,0,0.00,1554084,0,25.34
1010,3,URLLC,0.0000,1014,0,13,0,0.00,2525,0,48.99
1010,4,URLLC,0.1872,1014,234,13,3,0.00,415,0,48.99
1010,5,MTC,0.0000,256,0,2,0,0.00,445,0,25.67
1010,6,MTC,0.2048,256,256,2,2,0.00,137,0,25.67
1010,7,MTC,0.2048,256,256,2,2,0.00,137,0,25.67
1010,8,MTC,0.2048,256,256,2,2,0.00,137,0,25.67
1010,9,MTC,0.2048,256,256,2,2,0.00,137,0,25.67
1010,10,MTC,0.0000,256,0,2,0,0.00,577,0,25.67
1020,1,eMBB,28.1152,35144,35144,23,23,0.00,3069,0,42.21
1020,2,eMBB,0.0000,35144,0,23,0,0.00,1599124,0,42.21
1020,3,URLLC,0.0000,936,0,12,0,0.00,87,0,33.81
1020,4,URLLC,0.6240,936,780,12,10,0.00,782,0,33.81
1020,5,MTC,0.0000,256,0,2,0,0.00,456,0,23.99
1020,6,MTC,0.2048,256,256,2,2,0.00,137,0,23.99
1020,7,MTC,0.2048,256,256,2,2,0.00,137,0,23.99
1020,8,MTC,0.2048,256,256,2,2,0.00,137,0,23.99
1020,9,MTC,0.2048,256,256,2,2,0.00,137,0,23.99
1020,10,MTC,0.0000,256,0,2,0,0.00,588,0,23.99
1030,1,eMBB,25.6704,35144,32088,23,21,0.00,3069,0,36.37
1030,2,eMBB,0.0000,35144,0,23,0,0.00,1645296,0,36.37
1030,3,URLLC,0.0000,1014,0,13,0,0.00,579,0,27.39
1030,4,URLLC,0.2496,1014,312,13,4,0.00,87,0,27.39
1030,5,MTC,0.0000,256,0,2,0,0.00,401,0,36.23
1030,6,MTC,0.2048,256,256,2,2,0.00,137,0,36.23
1030,7,MTC,0.2048,256,256,2,2,0.00,137,0,36.23
1030,8,MTC,0.2048,256,256,2,2,0.00,137,0,36.23
1030,9,MTC,0.2048,256,256,2,2,0.00,137,0,36.23
1030,10,MTC,0.0000,256,0,2,0,0.00,401,0,36.23
1040,1,eMBB,26.8928,35144,33616,23,22,0.00,4069,0,23.07
1040,2,eMBB,0.0000,35144,0,23,0,0.00,1681199,0,23.07
1040,3,URLLC,0.0000,936,0,12,0,0.00,87,0,31.86
1040,4,URLLC,0.7488,936,936,12,12,0.00,87,0,31.86
1040,5,MTC,0.0000,256,0,2,0,0.00,401,0,45.07
1040,6,MTC,0.2048,256,256,2,2,0.00,137,0,45.07
1040,7,MTC,0.2048,256,256,2,2,0.00,137,0,45.07
1040,8,MTC,0.2048,256,256,2,2,0.00,137,0,45.07
1040,9,MTC,0.2048,256,256,2,2,0.00,137,0,45.07
1040,10,MTC,0.0000,256,0,2,0,0.00,401,0,45.07
1050,1,eMBB,29.3376,35144,36672,23,24,0.00,3723,0,32.65
1050,2,eMBB,0.0000,35144,0,23,0,0.00,1716306,0,32.65
1050,3,URLLC,0.0000,1014,0,13,0,0.00,333,0,43.06
1050,4,URLLC,0.5616,1014,702,13,9,0.00,333,0,43.06
1050,5,MTC,0.0000,256,0,2,0,0.00,401,0,24.29
1050,6,MTC,0.2048,256,256,2,2,0.00,137,0,24.29
1050,7,MTC,0.2048,256,256,2,2,0.00,137,0,24.29
1050,8,MTC,0.2048,256,256,2,2,0.00,137,0,24.29
1050,9,MTC,0.2048,256,256,2,2,0.00,137,0,24.29
1050,10,MTC,0.0000,256,0,2,0,0.00,137,0,24.29
1060,1,eMBB,29.3376,35144,36672,23,24,0.00,6133,0,41.76
1060,2,eMBB,0.0000,35144,0,23,0,0.00,1737637,0,41.76
1060,3,URLLC,0.0000,936,0,12,0,0.00,87,0,37.97
1060,4,URLLC,0.8112,936,1014,12,13,0.00,333,0,37.97
1060,5,MTC,0.0000,256,0,2,0,0.00,269,0,20.27
1060,6,MTC,0.2048,256,256,2,2,0.00,137,0,20.27
1060,7,MTC,0.2048,256,256,2,2,0.00,137,0,20.27
1060,8,MTC,0.2048,256,256,2,2,0.00,137,0,20.27
1060,9,MTC,0.2048,256,256,2,2,0.00,137,0,20.27
1060,10,MTC,0.0000,256,0,2,0,0.00,137,0,20.27
1070,1,eMBB,29.3376,35144,36672,23,24,0.00,1537,0,34.68
1070,2,eMBB,0.0000,35144,0,23,0,0.00,1771517,0,34.68
1070,3,URLLC,0.0000,1014,0,13,0,0.00,195,0,43.33
1070,4,URLLC,1.6848,1014,2106,13,27,0.00,169,0,43.33
1070,5,MTC,0.0000,256,0,2,0,0.00,137,0,21.99
1070,6,MTC,0.3072,256,384,2,3,0.00,137,0,21.99
1070,7,MTC,0.3072,256,384,2,3,0.00,137,0,21.99
1070,8,MTC,0.3072,256,384,2,3,0.00,137,0,21.99
1070,9,MTC,0.3072,256,384,2,3,0.00,137,0,21.99
1070,10,MTC,0.0000,256,0,2,0,0.00,269,0,21.99
1080,1,eMBB,28.1152,35144,35144,23,23,0.00,1537,0,38.16
1080,2,eMBB,0.0000,35144,0,23,0,0.00,1798900,0,38.16
1080,3,URLLC,0.0000,936,0,12,0,0.00,195,0,40.57
1080,4,URLLC,0.0000,936,0,12,0,0.00,251,0,40.57
1080,5,MTC,0.0000,256,0,2,0,0.00,137,0,21.27
1080,6,MTC,0.2048,256,256,2,2,0.00,137,0,21.27
1080,7,MTC,0.2048,256,256,2,2,0.00,137,0,21.27
1080,8,MTC,0.2048,256,256,2,2,0.00,137,0,21.27
1080,9,MTC,0.2048,256,256,2,2,0.00,137,0,21.27
1080,10,MTC,0.0000,256,0,2,0,0.00,137,0,21.27
1090,1,eMBB,28.1152,35144,35144,23,23,0.00,1537,0,25.84
1090,2,eMBB,0.0000,35144,0,23,0,0.00,1835225,0,25.84
1090,3,URLLC,0.0000,1014,0,13,0,0.00,87,0,51.89
1090,4,URLLC,0.2496,1014,312,13,4,0.00,825,0,51.89
1090,5,MTC,0.0000,256,0,2,0,0.00,137,0,22.27
1090,6,MTC,0.2048,256,256,2,2,0.00,137,0,22.27
1090,7,MTC,0.2048,256,256,2,2,0.00,137,0,22.27
1090,8,MTC,0.2048,256,256,2,2,0.00,137,0,22.27
1090,9,MTC,0.2048,256,256,2,2,0.00,137,0,22.27
1090,10,MTC,0.0000,256,0,2,0,0.00,137,0,22.27
1100,1,eMBB,24.4480,33616,30560,22,20,0.00,1537,0,34.57
1100,2,eMBB,0.0000,33616,0,22,0,0.00,1867280,0,34.57
1100,3,URLLC,0.0000,936,0,12,0,0.00,87,0,24.88
1100,4,URLLC,1.0608,936,1326,12,17,0.00,140,0,24.88
1100,5,MTC,0.0000,256,0,2,0,0.00,137,0,40.56
1100,6,MTC,0.2048,256,256,2,2,0.00,137,0,40.56
1100,7,MTC,0.2048,256,256,2,2,0.00,137,0,40.56
1100,8,MTC,0.2048,256,256,2,2,0.00,137,0,40.56
1100,9,MTC,0.2048,256,256,2,2,0.00,137,0,40.56
1100,10,MTC,0.0000,256,0,2,0,0.00,137,0,40.56
1110,1,eMBB,26.8928,35144,33616,23,22,0.00,1537,0,23.02
1110,2,eMBB,0.0000,35144,0,23,0,0.00,1890981,0,23.02
1110,3,URLLC,0.0000,1014,0,13,0,0.00,1399,0,43.21
1110,4,URLLC,0.8112,1014,1014,13,13,0.00,87,0,43.21
1110,5,MTC,0.0000,384,0,3,0,0.00,665,0,33.77
1110,6,MTC,0.2048,384,256,3,2,0.00,137,0,33.77
1110,7,MTC,0.2048,384,256,3,2,0.00,137,0,33.77
1110,8,MTC,0.2048,384,256,3,2,0.00,137,0,33.77
1110,9,MTC,0.2048,384,256,3,2,0.00,137,0,33.77
1110,10,MTC,0.0000,384,0,3,0,0.00,269,0,33.77
1120,1,eMBB,29.3376,35144,36672,23,24,0.00,6297,0,36.85
1120,2,eMBB,0.0000,35144,0,23,0,0.00,1935306,0,36.85
1120,3,URLLC,0.0000,936,0,12,0,0.00,661,0,39.03
1120,4,URLLC,0.0000,936,0,12,0,0.00,333,0,39.03
1120,5,MTC,0.0000,256,0,2,0,0.00,665,0,24.12
1120,6,MTC,0.2048,256,256,2,2,0.00,137,0,24.12
1120,7,MTC,0.2048,256,256,2,2,0.00,137,0,24.12
1120,8,MTC,0.2048,256,256,2,2,0.00,137,0,24.12
1120,9,MTC,0.2048,256,256,2,2,0.00,137,0,24.12
1120,10,MTC,0.0000,256,0,2,0,0.00,269,0,24.12
1130,1,eMBB,29.3376,35144,36672,23,24,0.00,7665,0,33.11
1130,2,eMBB,0.0000,35144,0,23,0,0.00,1958668,0,33.11
1130,3,URLLC,0.0000,1014,0,13,0,0.00,579,0,34.33
1130,4,URLLC,1.3728,1014,1716,13,22,0.00,333,0,34.33
1130,5,MTC,0.0000,256,0,2,0,0.00,665,0,32.56
1130,6,MTC,0.2048,256,256,2,2,0.00,137,0,32.56
1130,7,MTC,0.2048,256,256,2,2,0.00,137,0,32.56
1130,8,MTC,0.2048,256,256,2,2,0.00,137,0,32.56
1130,9,MTC,0.2048,256,256,2,2,0.00,137,0,32.56
1130,10,MTC,0.0000,256,0,2,0,0.00,137,0,32.56
1140,1,eMBB,29.3376,35144,36672,23,24,0.00,1537,0,40.49
1140,2,eMBB,0.0000,35144,0,23,0,0.00,1982644,0,40.49
1140,3,URLLC,0.0000,936,0,12,0,0.00,1481,0,26.42
1140,4,URLLC,2.4336,936,3042,12,39,0.00,87,0,26.42
1140,5,MTC,0.0000,256,0,2,0,0.00,665,0,33.09
1140,6,MTC,0.2048,256,256,2,2,0.00,137,0,33.09
1140,7,MTC,0.2048,256,256,2,2,0.00,137,0,33.09
1140,8,MTC,0.2048,256,256,2,2,0.00,137,0,33.09
1140,9,MTC,0.2048,256,256,2,2,0.00,137,0,33.09
1140,10,MTC,0.0000,256,0,2,0,0.00,269,0,33.09
1150,1,eMBB,28.1152,35144,35144,23,23,0.00,1537,0,24.85
1150,2,eMBB,0.0000,35144,0,23,0,0.00,2031185,0,24.85
1150,3,URLLC,0.0000,1014,0,13,0,0.00,1481,0,26.77
1150,4,URLLC,0.0000,1014,0,13,0,0.00,87,0,26.77
1150,5,MTC,0.0000,256,0,2,0,0.00,137,0,48.37
1150,6,MTC,0.2048,256,256,2,2,0.00,137,0,48.37
1150,7,MTC,0.2048,256,256,2,2,0.00,137,0,48.37
1150,8,MTC,0.2048,256,256,2,2,0.00,137,0,48.37
1150,9,MTC,0.2048,256,256,2,2,0.00,137,0,48.37
1150,10,MTC,0.0000,256,0,2,0,0.00,269,0,48.37
1160,1,eMBB,28.1152,35144,35144,23,23,0.00,1537,0,49.78
1160,2,eMBB,0.0000,35144,0,23,0,0.00,2050641,0,49.78
1160,3,URLLC,0.0000,936,0,12,0,0.00,1393,0,31.46
1160,4,URLLC,1.1232,936,1404,12,18,0.00,87,0,31.46
1160,5,MTC,0.0000,256,0,2,0,0.00,137,0,18.76
1160,6,MTC,0.2048,256,256,2,2,0.00,137,0,18.76
1160,7,MTC,0.2048,256,256,2,2,0.00,137,0,18.76
1160,8,MTC,0.2048,256,256,2,2,0.00,137,0,18.76
1160,9,MTC,0.2048,256,256,2,2,0.00,137,0,18.76
1160,10,MTC,0.0000,256,0,2,0,0.00,137,0,18.76
1170,1,eMBB,25.6704,35144,32088,23,21,0.00,1537,0,37.31
1170,2,eMBB,0.0000,35144,0,23,0,0.00,2096680,0,37.31
1170,3,URLLC,0.0000,1014,0,13,0,0.00,1393,0,31.00
1170,4,URLLC,0.0000,1014,0,13,0,0.00,87,0,31.00
1170,5,MTC,0.0000,256,0,2,0,0.00,137,0,31.70
1170,6,MTC,0.2048,256,256,2,2,0.00,137,0,31.70
1170,7,MTC,0.2048,256,256,2,2,0.00,137,0,31.70
1170,8,MTC,0.2048,256,256,2,2,0.00,137,0,31.70
1170,9,MTC,0.2048,256,256,2,2,0.00,137,0,31.70
1170,10,MTC,0.0000,256,0,2,0,0.00,137,0,31.70
1180,1,eMBB,26.8928,35144,33616,23,22,0.00,1537,0,25.34
1180,2,eMBB,0.0000,35144,0,23,0,0.00,2121900,0,25.34
1180,3,URLLC,0.0000,936,0,12,0,0.00,1393,0,39.52
1180,4,URLLC,0.8112,936,1014,12,13,0.00,1071,0,39.52
1180,5,MTC,0.0000,256,0,2,0,0.00,269,0,35.14
1180,6,MTC,0.2048,256,256,2,2,0.00,137,0,35.14
1180,7,MTC,0.2048,256,256,2,2,0.00,137,0,35.14
1180,8,MTC,0.2048,256,256,2,2,0.00,137,0,35.14
1180,9,MTC,0.2048,256,256,2,2,0.00,137,0,35.14
1180,10,MTC,0.0000,256,0,2,0,0.00,137,0,35.14
1190,1,eMBB,29.3376,35144,36672,23,24,0.00,4628,0,25.18
1190,2,eMBB,0.0000,35144,0,23,0,0.00,2142523,0,25.18
1190,3,URLLC,0.0000,1014,0,13,0,0.00,3191,0,49.88
1190,4,URLLC,1.1856,1014,1482,13,19,0.00,333,0,49.88
1190,5,MTC,0.0000,256,0,2,0,0.00,137,0,24.94
1190,6,MTC,0.2048,256,256,2,2,0.00,137,0,24.94
1190,7,MTC,0.2048,256,256,2,2,0.00,137,0,24.94
1190,8,MTC,0.2048,256,256,2,2,0.00,137,0,24.94
1190,9,MTC,0.2048,256,256,2,2,0.00,137,0,24.94
1190,10,MTC,0.0000,256,0,2,0,0.00,137,0,24.94
1200,1,eMBB,29.3376,35144,36672,23,24,0.00,6133,0,29.29
1200,2,eMBB,0.0000,35144,0,23,0,0.00,2188795,0,29.29
1200,3,URLLC,0.0000,936,0,12,0,0.00,3002,0,40.55
1200,4,URLLC,1.2480,936,1560,12,20,0.00,87,0,40.55
1200,5,MTC,0.0000,256,0,2,0,0.00,137,0,30.16
1200,6,MTC,0.3072,256,384,2,3,0.00,137,0,30.16
1200,7,MTC,0.3072,256,384,2,3,0.00,137,0,30.16
1200,8,MTC,0.3072,256,384,2,3,0.00,137,0,30.16
1200,9,MTC,0.3072,256,384,2,3,0.00,137,0,30.16
1200,10,MTC,0.0000,256,0,2,0,0.00,137,0,30.16
1210,1,eMBB,29.3376,35144,36672,23,24,0.00,1537,0,27.48
1210,2,eMBB,0.0000,35144,0,23,0,0.00,2188795,0,27.48
1210,3,URLLC,0.0000,1014,0,13,0,0.00,2470,0,38.72
1210,4,URLLC,0.3120,1014,390,13,5,0.00,87,0,38.72
1210,5,MTC,0.0000,256,0,2,0,0.00,137,0,33.80
1210,6,MTC,0.2048,256,256,2,2,0.00,137,0,33.80
1210,7,MTC,0.2048,256,256,2,2,0.00,137,0,33.80
1210,8,MTC,0.2048,256,256,2,2,0.00,137,0,33.80
1210,9,MTC,0.2048,256,256,2,2,0.00,137,0,33.80
1210,10,MTC,0.0000,256,0,2,0,0.00,137,0,33.80
1220,1,eMBB,28.1152,33616,35144,22,23,0.00,1537,0,43.67
1220,2,eMBB,0.0000,33616,0,22,0,0.00,2249107,0,43.67
1220,3,URLLC,0.0000,936,0,12,0,0.00,169,0,34.54
1220,4,URLLC,0.0000,936,0,12,0,0.00,87,0,34.54
1220,5,MTC,0.0000,256,0,2,0,0.00,137,0,21.80
1220,6,MTC,0.2048,256,256,2,2,0.00,137,0,21.80
1220,7,MTC,0.2048,256,256,2,2,0.00,137,0,21.80
1220,8,MTC,0.2048,256,256,2,2,0.00,137,0,21.80
1220,9,MTC,0.2048,256,256,2,2,0.00,137,0,21.80
1220,10,MTC,0.0000,256,0,2,0,0.00,137,0,21.80
1230,1,eMBB,26.8928,35144,33616,23,22,0.00,1537,0,24.28
1230,2,eMBB,0.0000,35144,0,23,0,0.00,2291540,0,24.28
1230,3,URLLC,0.0000,1014,0,13,0,0.00,1071,0,52.51
1230,4,URLLC,0.8112,1014,1014,13,13,0.00,251,0,52.51
1230,5,MTC,0.0000,384,0,3,0,0.00,137,0,23.21
1230,6,MTC,0.2048,384,256,3,2,0.00,137,0,23.21
1230,7,MTC,0.2048,384,256,3,2,0.00,137,0,23.21
1230,8,MTC,0.2048,384,256,3,2,0.00,137,0,23.21
1230,9,MTC,0.2048,384,256,3,2,0.00,137,0,23.21
1230,10,MTC,0.0000,384,0,3,0,0.00,137,0,23.21
1240,1,eMBB,26.8928,35144,33616,23,22,0.00,1537,0,25.44
1240,2,eMBB,0.0000,35144,0,23,0,0.00,2319126,0,25.44
1240,3,URLLC,0.0000,936,0,12,0,0.00,825,0,36.61
1240,4,URLLC,1.9968,936,2496,12,32,0.00,251,0,36.61
1240,5,MTC,0.0000,256,0,2,0,0.00,137,0,37.95
1240,6,MTC,0.2048,256,256,2,2,0.00,137,0,37.95
1240,7,MTC,0.2048,256,256,2,2,0.00,137,0,37.95
1240,8,MTC,0.2048,256,256,2,2,0.00,137,0,37.95
1240,9,MTC,0.2048,256,256,2,2,0.00,137,0,37.95
1240,10,MTC,0.0000,256,0,2,0,0.00,137,0,37.95
1250,1,eMBB,25.6704,35144,32088,23,21,0.00,1537,0,25.37
1250,2,eMBB,0.0000,35144,0,23,0,0.00,2350072,0,25.37
1250,3,URLLC,0.0000,1014,0,13,0,0.00,1317,0,54.78
1250,4,URLLC,0.1872,1014,234,13,3,0.00,333,0,54.78
1250,5,MTC,0.0000,256,0,2,0,0.00,665,0,19.86
1250,6,MTC,0.2048,256,256,2,2,0.00,137,0,19.86
1250,7,MTC,0.2048,256,256,2,2,0.00,137,0,19.86
1250,8,MTC,0.2048,256,256,2,2,0.00,137,0,19.86
1250,9,MTC,0.2048,256,256,2,2,0.00,137,0,19.86
1250,10,MTC,0.0000,256,0,2,0,0.00,929,0,19.86
1260,1,eMBB,29.3376,35144,36672,23,24,0.00,6297,0,23.93
1260,2,eMBB,0.0000,35144,0,23,0,0.00,2371833,0,23.93
1260,3,URLLC,0.0000,936,0,12,0,0.00,1153,0,35.32
1260,4,URLLC,0.9360,936,1170,12,15,0.00,251,0,35.32
1260,5,MTC,0.0000,256,0,2,0,0.00,137,0,40.75
1260,6,MTC,0.2048,256,256,2,2,0.00,137,0,40.75
1260,7,MTC,0.2048,256,256,2,2,0.00,137,0,40.75
1260,8,MTC,0.2048,256,256,2,2,0.00,137,0,40.75
1260,9,MTC,0.2048,256,256,2,2,0.00,137,0,40.75
1260,10,MTC,0.0000,256,0,2,0,0.00,401,0,40.75
1270,1,eMBB,29.3376,35144,36672,23,24,0.00,7665,0,30.20
1270,2,eMBB,0.0000,35144,0,23,0,0.00,2391617,0,30.20
1270,3,URLLC,0.0000,1014,0,13,0,0.00,333,0,26.90
1270,4,URLLC,0.7488,1014,936,13,12,0.00,169,0,26.90
1270,5,MTC,0.0000,256,0,2,0,0.00,137,0,42.91
1270,6,MTC,0.2048,256,256,2,2,0.00,137,0,42.91
1270,7,MTC,0.2048,256,256,2,2,0.00,137,0,42.91
1270,8,MTC,0.2048,256,256,2,2,0.00,137,0,42.91
1270,9,MTC,0.2048,256,256,2,2,0.00,137,0,42.91
1270,10,MTC,0.0000,256,0,2,0,0.00,137,0,42.91
1280,1,eMBB,29.3376,35144,36672,23,24,0.00,1537,0,22.90
1280,2,eMBB,0.0000,35144,0,23,0,0.00,2436919,0,22.90
1280,3,URLLC,0.0000,936,0,12,0,0.00,415,0,51.93
1280,4,URLLC,0.8112,936,1014,12,13,0.00,90,0,51.93
1280,5,MTC,0.0000,256,0,2,0,0.00,533,0,25.16
1280,6,MTC,0.2048,256,256,2,2,0.00,137,0,25.16
1280,7,MTC,0.2048,256,256,2,2,0.00,137,0,25.16
1280,8,MTC,0.2048,256,256,2,2,0.00,137,0,25.16
1280,9,MTC,0.2048,256,256,2,2,0.00,137,0,25.16
1280,10,MTC,0.0000,256,0,2,0,0.00,137,0,25.16
1290,1,eMBB,28.1152,35144,35144,23,23,0.00,1537,0,38.44
1290,2,eMBB,0.0000,35144,0,23,0,0.00,2457147,0,38.44
1290,3,URLLC,0.0000,1014,0,13,0,0.00,1399,0,32.66
1290,4,URLLC,0.3120,1014,390,13,5,0.00,87,0,32.66
1290,5,MTC,0.0000,256,0,2,0,0.00,533,0,28.90
1290,6,MTC,0.2048,256,256,2,2,0.00,137,0,28.90
1290,7,MTC,0.2048,256,256,2,2,0.00,137,0,28.90
1290,8,MTC,0.2048,256,256,2,2,0.00,137,0,28.90
1290,9,MTC,0.2048,256,256,2,2,0.00,137,0,28.90
1290,10,MTC,0.0000,256,0,2,0,0.00,137,0,28.90
1300,1,eMBB,26.8928,35144,33616,23,22,0.00,1537,0,29.28
1300,2,eMBB,0.0000,35144,0,23,0,0.00,2504363,0,29.28
1300,3,URLLC,0.0000,936,0,12,0,0.00,1462,0,44.98
1300,4,URLLC,0.9984,936,1248,12,16,0.00,87,0,44.98
1300,5,MTC,0.0000,256,0,2,0,0.00,269,0,25.74
1300,6,MTC,0.3072,256,384,2,3,0.00,137,0,25.74
1300,7,MTC,0.3072,256,384,2,3,0.00,137,0,25.74
1300,8,MTC,0.3072,256,384,2,3,0.00,137,0,25.74
1300,9,MTC,0.3072,256,384,2,3,0.00,137,0,25.74
1300,10,MTC,0.0000,256,0,2,0,0.00,137,0,25.74
1310,1,eMBB,25.6704,35144,32088,23,21,0.00,1537,0,30.94
1310,2,eMBB,0.0000,35144,0,23,0,0.00,2523343,0,30.94
1310,3,URLLC,0.0000,1014,0,13,0,0.00,1462,0,32.30
1310,4,URLLC,0.0000,1014,0,13,0,0.00,333,0,32.30
1310,5,MTC,0.0000,256,0,2,0,0.00,269,0,36.76
1310,6,MTC,0.2048,256,256,2,2,0.00,137,0,36.76
1310,7,MTC,0.2048,256,256,2,2,0.00,137,0,36.76
1310,8,MTC,0.2048,256,256,2,2,0.00,137,0,36.76
1310,9,MTC,0.2048,256,256,2,2,0.00,137,0,36.76
1310,10,MTC,0.0000,256,0,2,0,0.00,797,0,36.76
1320,1,eMBB,26.8928,35144,33616,23,22,0.00,1663,0,26.93
1320,2,eMBB,0.0000,35144,0,23,0,0.00,2561401,0,26.93
1320,3,URLLC,0.0000,936,0,12,0,0.00,1610,0,29.09
1320,4,URLLC,0.8112,936,1014,12,13,0.00,87,0,29.09
1320,5,MTC,0.0000,256,0,2,0,0.00,269,0,43.98
1320,6,MTC,0.1024,256,128,2,1,0.00,137,0,43.98
1320,7,MTC,0.1024,256,128,2,1,0.00,137,0,43.98
1320,8,MTC,0.1024,256,128,2,1,0.00,137,0,43.98
1320,9,MTC,0.1024,256,128,2,1,0.00,137,0,43.98
1320,10,MTC,0.0000,256,0,2,0,0.00,797,0,43.98
1330,1,eMBB,29.3376,35144,36672,23,24,0.00,7114,0,24.45
1330,2,eMBB,0.0000,35144,0,23,0,0.00,2599218,0,24.45
1330,3,URLLC,0.0000,1014,0,13,0,0.00,1406,0,45.11
1330,4,URLLC,1.4976,1014,1872,13,24,0.00,87,0,45.11
1330,5,MTC,0.0000,256,0,2,0,0.00,401,0,30.45
1330,6,MTC,0.3072,256,384,2,3,0.00,137,0,30.45
1330,7,MTC,0.3072,256,384,2,3,0.00,137,0,30.45
1330,8,MTC,0.3072,256,384,2,3,0.00,137,0,30.45
1330,9,MTC,0.3072,256,384,2,3,0.00,137,0,30.45
1330,10,MTC,0.0000,256,0,2,0,0.00,665,0,30.45
1340,1,eMBB,29.3376,33616,36672,22,24,0.00,7665,0,24.46
1340,2,eMBB,0.0000,33616,0,22,0,0.00,2599218,0,24.46
1340,3,URLLC,0.0000,936,0,12,0,0.00,743,0,49.28
1340,4,URLLC,0.0000,936,0,12,0,0.00,251,0,49.28
1340,5,MTC,0.0000,256,0,2,0,0.00,196,0,26.26
1340,6,MTC,0.2048,256,256,2,2,0.00,137,0,26.26
1340,7,MTC,0.2048,256,256,2,2,0.00,137,0,26.26
1340,8,MTC,0.2048,256,256,2,2,0.00,137,0,26.26
1340,9,MTC,0.2048,256,256,2,2,0.00,137,0,26.26
1340,10,MTC,0.0000,256,0,2,0,0.00,634,0,26.26
1350,1,eMBB,30.5600,35144,38200,23,25,0.00,3069,0,42.52
1350,2,eMBB,0.0000,35144,0,23,0,0.00,2656296,0,42.52
1350,3,URLLC,0.0000,1014,0,13,0,0.00,825,0,33.01
1350,4,URLLC,1.3728,1014,1716,13,22,0.00,87,0,33.01
1350,5,MTC,0.0000,384,0,3,0,0.00,137,0,24.47
1350,6,MTC,0.2048,384,256,3,2,0.00,137,0,24.47
1350,7,MTC,0.2048,384,256,3,2,0.00,137,0,24.47
1350,8,MTC,0.2048,384,256,3,2,0.00,137,0,24.47
1350,9,MTC,0.2048,384,256,3,2,0.00,137,0,24.47
1350,10,MTC,0.0000,384,0,3,0,0.00,561,0,24.47
1360,1,eMBB,26.8928,35144,33616,23,22,0.00,3069,0,27.46
1360,2,eMBB,0.0000,35144,0,23,0,0.00,2677728,0,27.46
1360,3,URLLC,0.0000,936,0,12,0,0.00,87,0,42.42
1360,4,URLLC,0.1872,936,234,12,3,0.00,87,0,42.42
1360,5,MTC,0.0000,256,0,2,0,0.00,137,0,30.12
1360,6,MTC,0.2048,256,256,2,2,0.00,137,0,30.12
1360,7,MTC,0.2048,256,256,2,2,0.00,137,0,30.12
1360,8,MTC,0.2048,256,256,2,2,0.00,137,0,30.12
1360,9,MTC,0.2048,256,256,2,2,0.00,137,0,30.12
1360,10,MTC,0.0000,256,0,2,0,0.00,137,0,30.12
1370,1,eMBB,28.1152,35144,35144,23,23,0.00,2172,0,28.04
1370,2,eMBB,0.0000,35144,0,23,0,0.00,2727754,0,28.04
1370,3,URLLC,0.0000,1014,0,13,0,0.00,87,0,52.40
1370,4,URLLC,1.5600,1014,1950,13,25,0.00,87,0,52.40
1370,5,MTC,0.0000,256,0,2,0,0.00,137,0,19.56
1370,6,MTC,0.2048,256,256,2,2,0.00,137,0,19.56
1370,7,MTC,0.2048,256,256,2,2,0.00,137,0,19.56
1370,8,MTC,0.2048,256,256,2,2,0.00,137,0,19.56
1370,9,MTC,0.2048,256,256,2,2,0.00,137,0,19.56
1370,10,MTC,0.0000,256,0,2,0,0.00,137,0,19.56
1380,1,eMBB,28.1152,35144,35144,23,23,0.00,1537,0,30.83
1380,2,eMBB,0.0000,35144,0,23,0,0.00,2748233,0,30.83
1380,3,URLLC,0.0000,936,0,12,0,0.00,579,0,28.48
1380,4,URLLC,0.6240,936,780,12,10,0.00,333,0,28.48
1380,5,MTC,0.0000,256,0,2,0,0.00,137,0,40.69
1380,6,MTC,0.2048,256,256,2,2,0.00,137,0,40.69
1380,7,MTC,0.2048,256,256,2,2,0.00,137,0,40.69
1380,8,MTC,0.2048,256,256,2,2,0.00,137,0,40.69
1380,9,MTC,0.2048,256,256,2,2,0.00,137,0,40.69
1380,10,MTC,0.0000,256,0,2,0,0.00,137,0,40.69
1390,1,eMBB,24.4480,35144,30560,23,20,0.00,3069,0,24.85
1390,2,eMBB,0.0000,35144,0,23,0,0.00,2794389,0,24.85
1390,3,URLLC,0.0000,1014,0,13,0,0.00,333,0,38.89
1390,4,URLLC,1.4352,1014,1794,13,23,0.00,251,0,38.89
1390,5,MTC,0.0000,256,0,2,0,0.00,137,0,36.26
1390,6,MTC,0.2048,256,256,2,2,0.00,137,0,36.26
1390,7,MTC,0.2048,256,256,2,2,0.00,137,0,36.26
1390,8,MTC,0.2048,256,256,2,2,0.00,137,0,36.26
1390,9,MTC,0.2048,256,256,2,2,0.00,137,0,36.26
1390,10,MTC,0.0000,256,0,2,0,0.00,137,0,36.26
1400,1,eMBB,29.3376,35144,36672,23,24,0.00,5935,0,32.53
1400,2,eMBB,0.0000,35144,0,23,0,0.00,2823541,0,32.53
1400,3,URLLC,0.0000,936,0,12,0,0.00,661,0,40.31
1400,4,URLLC,0.5616,936,702,12,9,0.00,639,0,40.31
1400,5,MTC,0.0000,256,0,2,0,0.00,137,0,27.16
1400,6,MTC,0.2048,256,256,2,2,0.00,137,0,27.16
1400,7,MTC,0.2048,256,256,2,2,0.00,137,0,27.16
1400,8,MTC,0.2048,256,256,2,2,0.00,137,0,27.16
1400,9,MTC,0.2048,256,256,2,2,0.00,137,0,27.16
1400,10,MTC,0.0000,256,0,2,0,0.00,797,0,27.16
1410,1,eMBB,29.3376,35144,36672,23,24,0.00,6133,0,26.50
1410,2,eMBB,0.0000,35144,0,23,0,0.00,2852889,0,26.50
1410,3,URLLC,0.0000,1014,0,13,0,0.00,1399,0,28.38
1410,4,URLLC,0.1872,1014,234,13,3,0.00,87,0,28.38
1410,5,MTC,0.0000,256,0,2,0,0.00,137,0,45.12
1410,6,MTC,0.2048,256,256,2,2,0.00,137,0,45.12
1410,7,MTC,0.2048,256,256,2,2,0.00,137,0,45.12
1410,8,MTC,0.2048,256,256,2,2,0.00,137,0,45.12
1410,9,MTC,0.2048,256,256,2,2,0.00,137,0,45.12
1410,10,MTC,0.0000,256,0,2,0,0.00,401,0,45.12
1420,1,eMBB,29.3376,35144,36672,23,24,0.00,1537,0,40.24
1420,2,eMBB,0.0000,35144,0,23,0,0.00,2875834,0,40.24
1420,3,URLLC,0.0000,936,0,12,0,0.00,783,0,34.59
1420,4,URLLC,0.7488,936,936,12,12,0.00,87,0,34.59
1420,5,MTC,0.0000,256,0,2,0,0.00,1457,0,25.16
1420,6,MTC,0.3072,256,384,2,3,0.00,137,0,25.16
1420,7,MTC,0.3072,256,384,2,3,0.00,137,0,25.16
1420,8,MTC,0.3072,256,384,2,3,0.00,137,0,25.16
1420,9,MTC,0.3072,256,384,2,3,0.00,137,0,25.16
1420,10,MTC,0.0000,256,0,2,0,0.00,137,0,25.16
1430,1,eMBB,28.1152,35144,35144,23,23,0.00,1537,0,32.28
1430,2,eMBB,0.0000,35144,0,23,0,0.00,2908939,0,32.28
1430,3,URLLC,0.0000,1014,0,13,0,0.00,783,0,32.79
1430,4,URLLC,0.8736,1014,1092,13,14,0.00,825,0,32.79
1430,5,MTC,0.0000,256,0,2,0,0.00,137,0,34.94
1430,6,MTC,0.2048,256,256,2,2,0.00,137,0,34.94
1430,7,MTC,0.2048,256,256,2,2,0.00,137,0,34.94
1430,8,MTC,0.2048,256,256,2,2,0.00,137,0,34.94
1430,9,MTC,0.2048,256,256,2,2,0.00,137,0,34.94
1430,10,MTC,0.0000,256,0,2,0,0.00,137,0,34.94
1440,1,eMBB,28.1152,35144,35144,23,23,0.00,1537,0,44.72
1440,2,eMBB,0.0000,35144,0,23,0,0.00,2915379,0,44.72
1440,3,URLLC,0.0000,936,0,12,0,0.00,2219,0,34.45
1440,4,URLLC,0.0000,936,0,12,0,0.00,251,0,34.45
1440,5,MTC,0.0000,256,0,2,0,0.00,137,0,20.83
1440,6,MTC,0.2048,256,256,2,2,0.00,137,0,20.83
1440,7,MTC,0.2048,256,256,2,2,0.00,137,0,20.83
1440,8,MTC,0.2048,256,256,2,2,0.00,137,0,20.83
1440,9,MTC,0.2048,256,256,2,2,0.00,137,0,20.83
1440,10,MTC,0.0000,256,0,2,0,0.00,137,0,20.83
1450,1,eMBB,23.2256,35144,29032,23,19,0.00,1537,0,36.02
1450,2,eMBB,0.0000,35144,0,23,0,0.00,2971652,0,36.02
1450,3,URLLC,0.0000,1014,0,13,0,0.00,807,0,25.21
1450,4,URLLC,0.8736,1014,1092,13,14,0.00,87,0,25.21
1450,5,MTC,0.0000,256,0,2,0,0.00,137,0,38.77
1450,6,MTC,0.2048,256,256,2,2,0.00,137,0,38.77
1450,7,MTC,0.2048,256,256,2,2,0.00,137,0,38.77
1450,8,MTC,0.2048,256,256,2,2,0.00,137,0,38.77
1450,9,MTC,0.2048,256,256,2,2,0.00,137,0,38.77
1450,10,MTC,0.0000,256,0,2,0,0.00,269,0,38.77
1460,1,eMBB,28.1152,33616,35144,22,23,0.00,1537,0,51.96
1460,2,eMBB,0.0000,33616,0,22,0,0.00,2996849,0,51.96
1460,3,URLLC,0.0000,936,0,12,0,0.00,1273,0,26.60
1460,4,URLLC,0.9360,936,1170,12,15,0.00,87,0,26.60
1460,5,MTC,0.0000,256,0,2,0,0.00,137,0,21.43
1460,6,MTC,0.2048,256,256,2,2,0.00,137,0,21.43
1460,7,MTC,0.2048,256,256,2,2,0.00,137,0,21.43
1460,8,MTC,0.2048,256,256,2,2,0.00,137,0,21.43
1460,9,MTC,0.2048,256,256,2,2,0.00,137,0,21.43
1460,10,MTC,0.0000,256,0,2,0,0.00,401,0,21.43
1470,1,eMBB,29.3376,35144,36672,23,24,0.00,6661,0,26.40
1470,2,eMBB,0.0000,35144,0,23,0,0.00,3041589,0,26.40
1470,3,URLLC,0.0000,1014,0,13,0,0.00,743,0,37.45
1470,4,URLLC,0.0000,1014,0,13,0,0.00,333,0,37.45
1470,5,MTC,0.0000,384,0,3,0,0.00,269,0,36.15
1470,6,MTC,0.2048,384,256,3,2,0.00,137,0,36.15
1470,7,MTC,0.2048,384,256,3,2,0.00,137,0,36.15
1470,8,MTC,0.2048,384,256,3,2,0.00,137,0,36.15
1470,9,MTC,0.2048,384,256,3,2,0.00,137,0,36.15
1470,10,MTC,0.0000,384,0,3,0,0.00,401,0,36.15
1480,1,eMBB,29.3376,35144,36672,23,24,0.00,7665,0,36.00
1480,2,eMBB,0.0000,35144,0,23,0,0.00,3052218,0,36.00
1480,3,URLLC,0.0000,936,0,12,0,0.00,333,0,36.72
1480,4,URLLC,0.8112,936,1014,12,13,0.00,839,0,36.72
1480,5,MTC,0.0000,256,0,2,0,0.00,137,0,27.28
1480,6,MTC,0.2048,256,256,2,2,0.00,137,0,27.28
1480,7,MTC,0.2048,256,256,2,2,0.00,137,0,27.28
1480,8,MTC,0.2048,256,256,2,2,0.00,137,0,27.28
1480,9,MTC,0.2048,256,256,2,2,0.00,137,0,27.28
1480,10,MTC,0.0000,256,0,2,0,0.00,137,0,27.28
1490,1,eMBB,29.3376,35144,36672,23,24,0.00,1537,0,33.99
1490,2,eMBB,0.0000,35144,0,23,0,0.00,3096440,0,33.99
1490,3,URLLC,0.0000,1014,0,13,0,0.00,673,0,30.26
1490,4,URLLC,0.9984,1014,1248,13,16,0.00,169,0,30.26
1490,5,MTC,0.0000,256,0,2,0,0.00,269,0,35.74
1490,6,MTC,0.2048,256,256,2,2,0.00,137,0,35.74
1490,7,MTC,0.2048,256,256,2,2,0.00,137,0,35.74
1490,8,MTC,0.2048,256,256,2,2,0.00,137,0,35.74
1490,9,MTC,0.2048,256,256,2,2,0.00,137,0,35.74
1490,10,MTC,0.0000,256,0,2,0,0.00,137,0,35.74
1500,1,eMBB,28.1152,35144,35144,23,23,0.00,1537,0,26.90
1500,2,eMBB,0.0000,35144,0,23,0,0.00,3105944,0,26.90
1500,3,URLLC,0.0000,936,0,12,0,0.00,673,0,42.79
1500,4,URLLC,0.9984,936,1248,12,16,0.00,87,0,42.79
1500,5,MTC,0.0000,256,0,2,0,0.00,137,0,30.30
1500,6,MTC,0.2048,256,256,2,2,0.00,137,0,30.30
1500,7,MTC,0.2048,256,256,2,2,0.00,137,0,30.30
1500,8,MTC,0.2048,256,256,2,2,0.00,137,0,30.30
1500,9,MTC,0.2048,256,256,2,2,0.00,137,0,30.30
1500,10,MTC,0.0000,256,0,2,0,0.00,269,0,30.30
1510,1,eMBB,28.1152,35144,35144,23,23,0.00,1537,0,24.05
1510,2,eMBB,0.0000,35144,0,23,0,0.00,3160782,0,24.05
1510,3,URLLC,0.0000,1014,0,13,0,0.00,673,0,44.20
1510,4,URLLC,1.0608,1014,1326,13,17,0.00,87,0,44.20
1510,5,MTC,0.0000,256,0,2,0,0.00,137,0,31.74
1510,6,MTC,0.2048,256,256,2,2,0.00,137,0,31.74
1510,7,MTC,0.2048,256,256,2,2,0.00,137,0,31.74
1510,8,MTC,0.2048,256,256,2,2,0.00,137,0,31.74
1510,9,MTC,0.2048,256,256,2,2,0.00,137,0,31.74
1510,10,MTC,0.0000,256,0,2,0,0.00,269,0,31.74
