seed,scenario,episode,step,algo_mode,slice_id,slice,throughput_mbps,dTxBytes,dRxBytes,bufferBytes_mean,bufferBytes_max,plr_pct,pdr_pct,dLostPackets,resourceSharePct,action_embb,action_urllc,action_mtc,scheduler_id,scheduler_name,raw_action,reward,outage_flag,soft_flag,terminated,truncated,sim_id
2,congestion,38,1,continuous,0,eMBB,12.224,129880.0,15280.0,40059.4,40120.0,88.24,11.760000000000005,75.0,45.59,45.59008435975127,35.05005663514027,19.35985900510846,-1,PF(default),"[0.816517174243927, 0.16318973898887634, -0.7522979378700256]",0.40269570859511705,False,False,False,False,e51f623f-d39e-4663-a4fb-79d16e5096d3
2,congestion,38,1,continuous,1,URLLC,1.872,1950.0,2340.0,87.0,87.0,0.0,100.0,0.0,35.05,45.59008435975127,35.05005663514027,19.35985900510846,-1,PF(default),"[0.816517174243927, 0.16318973898887634, -0.7522979378700256]",0.40269570859511705,False,False,False,False,e51f623f-d39e-4663-a4fb-79d16e5096d3
2,congestion,38,1,continuous,2,MTC,4.096000000000001,160000.0,5120.0,28499.2,28544.0,96.79999999999998,3.200000000000017,1210.0,19.360000000000003,45.59008435975127,35.05005663514027,19.35985900510846,-1,PF(default),"[0.816517174243927, 0.16318973898887634, -0.7522979378700256]",0.40269570859511705,False,False,False,False,e51f623f-d39e-4663-a4fb-79d16e5096d3
2,congestion,38,2,continuous,0,eMBB,12.224,122240.0,15280.0,56086.4,56132.0,87.5,12.5,70.0,48.29,48.29128441560025,26.518876884009746,25.18983870039,-1,PF(default),"[0.7928024530410767, -0.7864840030670166, -0.18844999372959137]",0.40322370347511705,False,False,False,False,e51f623f-d39e-4663-a4fb-79d16e5096d3
2,congestion,38,2,continuous,1,URLLC,1.56,1950.0,1950.0,87.0,87.0,0.0,100.0,0.0,26.52,48.29128441560025,26.518876884009746,25.18983870039,-1,PF(default),"[0.7928024530410767, -0.7864840030670166, -0.18844999372959137]",0.40322370347511705,False,False,False,False,e51f623f-d39e-4663-a4fb-79d16e5096d3
2,congestion,38,2,continuous,2,MTC,7.0656,160000.0,8832.0,39567.9,39615.0,94.47999999999999,5.52000000000001,1181.0,25.19,48.29128441560025,26.518876884009746,25.18983870039,-1,PF(default),"[0.7928024530410767, -0.7864840030670166, -0.18844999372959137]",0.40322370347511705,False,False,False,False,e51f623f-d39e-4663-a4fb-79d16e5096d3
2,congestion,38,3,continuous,0,eMBB,6.112,129880.0,7640.0,86894.4,86919.0,94.12,5.8799999999999955,80.0,31.05,31.051546432846205,45.87678326019574,23.071670306958058,-1,PF(default),"[0.2749283015727997, 0.8619809746742249, -0.11546599119901657]",0.40008877611511706,False,False,False,False,e51f623f-d39e-4663-a4fb-79d16e5096d3
2,congestion,38,3,continuous,1,URLLC,0.936,1950.0,1170.0,87.0,87.0,40.0,60.0,10.0,45.88,31.051546432846205,45.87678326019574,23.071670306958058,-1,PF(default),"[0.2749283015727997, 0.8619809746742249, -0.11546599119901657]",0.40008877611511706,False,False,False,False,e51f623f-d39e-4663-a4fb-79d16e5096d3
2,congestion,38,3,continuous,2,MTC,4.7104,160000.0,5888.0,59980.5,60024.0,96.32000000000001,3.6799999999999926,1204.0,23.069999999999997,31.051546432846205,45.87678326019574,23.071670306958058,-1,PF(default),"[0.2749283015727997, 0.8619809746742249, -0.11546599119901657]",0.40008877611511706,False,False,False,False,e51f623f-d39e-4663-a4fb-79d16e5096d3
2,congestion,38,4,continuous,0,eMBB,12.224,129880.0,15280.0,104940.0,105024.0,88.24,11.760000000000005,75.0,28.410000000000004,28.413445936793174,35.2712829959142,36.31527106729263,-1,PF(default),"[-0.9655349254608154, -0.7032817602157593, -0.2946198284626007]",0.4036970781951171,False,False,False,False,e51f623f-d39e-4663-a4fb-79d16e5096d3
2,congestion,38,4,continuous,1,URLLC,2.184,1950.0,2730.0,87.0,87.0,0.0,100.0,0.0,35.27,28.413445936793174,35.2712829959142,36.31527106729263,-1,PF(default),"[-0.9655349254608154, -0.7032817602157593, -0.2946198284626007]",0.4036970781951171,False,False,False,False,e51f623f-d39e-4663-a4fb-79d16e5096d3
2,congestion,38,4,continuous,2,MTC,9.728,160000.0,12160.0,72148.0,72192.0,92.39999999999999,7.6000000000000085,1155.0,36.32,28.413445936793174,35.2712829959142,36.31527106729263,-1,PF(default),"[-0.9655349254608154, -0.7032817602157593, -0.2946198284626007]",0.4036970781951171,False,False,False,False,e51f623f-d39e-4663-a4fb-79d16e5096d3
2,congestion,38,5,continuous,0,eMBB,6.112,122240.0,7640.0,133827.8,133900.0,93.75,6.25,75.0,21.92,21.91551686480329,49.196200842077815,28.888282293118895,-1,PF(default),"[-0.8415981531143188, 0.874113917350769, 0.24434702098369598]",0.3973238582077022,False,False,False,False,e51f623f-d39e-4663-a4fb-79d16e5096d3
2,congestion,38,5,continuous,1,URLLC,1.248,1950.0,1560.0,169.0,169.0,20.0,80.0,5.0,49.2,21.91551686480329,49.196200842077815,28.888282293118895,-1,PF(default),"[-0.8415981531143188, 0.874113917350769, 0.24434702098369598]",0.3973238582077022,False,False,False,False,e51f623f-d39e-4663-a4fb-79d16e5096d3
2,congestion,38,5,continuous,2,MTC,7.372800000000001,160000.0,9216.0,90845.3,90894.0,94.24,5.760000000000005,1178.0,28.889999999999993,21.91551686480329,49.196200842077815,28.888282293118895,-1,PF(default),"[-0.8415981531143188, 0.874113917350769, 0.24434702098369598]",0.3973238582077022,False,False,False,False,e51f623f-d39e-4663-a4fb-79d16e5096d3
2,congestion,38,6,continuous,0,eMBB,12.224,129880.0,15280.0,153893.4,153926.0,88.24,11.760000000000005,75.0,37.0,36.99882223822091,43.45412471255605,19.547053049223035,-1,PF(default),"[0.5765429139137268, 0.7193036675453186, -0.6092512607574463]",0.4032054967551171,False,False,False,False,e51f623f-d39e-4663-a4fb-79d16e5096d3
2,congestion,38,6,continuous,1,URLLC,1.872,1950.0,2340.0,87.0,87.0,0.0,100.0,0.0,43.45,36.99882223822091,43.45412471255605,19.547053049223035,-1,PF(default),"[0.5765429139137268, 0.7193036675453186, -0.6092512607574463]",0.4032054967551171,False,False,False,False,e51f623f-d39e-4663-a4fb-79d16e5096d3
2,congestion,38,6,continuous,2,MTC,6.9632,160000.0,8704.0,104877.3,104948.0,94.56,5.439999999999998,1182.0,19.550000000000004,36.99882223822091,43.45412471255605,19.547053049223035,-1,PF(default),"[0.5765429139137268, 0.7193036675453186, -0.6092512607574463]",0.4032054967551171,False,False,False,False,e51f623f-d39e-4663-a4fb-79d16e5096d3
2,congestion,38,7,continuous,0,eMBB,12.224,129880.0,15280.0,178872.0,178964.0,88.24,11.760000000000005,75.0,46.23,46.226323904031275,29.47131249950093,24.302363596467796,-1,PF(default),"[0.5396823883056641, -0.5985170006752014, -0.45186057686805725]",0.39982155036770217,False,False,False,False,e51f623f-d39e-4663-a4fb-79d16e5096d3
2,congestion,38,7,continuous,1,URLLC,1.248,1950.0,1560.0,169.0,169.0,20.0,80.0,5.0,29.47,46.226323904031275,29.47131249950093,24.302363596467796,-1,PF(default),"[0.5396823883056641, -0.5985170006752014, -0.45186057686805725]",0.39982155036770217,False,False,False,False,e51f623f-d39e-4663-a4fb-79d16e5096d3
2,congestion,38,7,continuous,2,MTC,6.143999999999999,160000.0,7680.0,122312.8,122344.0,95.20000000000002,4.799999999999983,1190.0,24.300000000000004,46.226323904031275,29.47131249950093,24.302363596467796,-1,PF(default),"[0.5396823883056641, -0.5985170006752014, -0.45186057686805725]",0.39982155036770217,False,False,False,False,e51f623f-d39e-4663-a4fb-79d16e5096d3
2,congestion,38,8,continuous,0,eMBB,6.112,122240.0,7640.0,202350.2,202424.0,93.75,6.25,75.0,26.78,26.775116999456927,47.73045446041812,25.494428540124947,-1,PF(default),"[-0.014884356409311295, 0.9941102862358093, 0.16968391835689545]",0.40028905003511706,False,False,False,False,e51f623f-d39e-4663-a4fb-79d16e5096d3
2,congestion,38,8,continuous,1,URLLC,1.872,1950.0,2340.0,87.0,87.0,0.0,100.0,0.0,47.73,26.775116999456927,47.73045446041812,25.494428540124947,-1,PF(default),"[-0.014884356409311295, 0.9941102862358093, 0.16968391835689545]",0.40028905003511706,False,False,False,False,e51f623f-d39e-4663-a4fb-79d16e5096d3
2,congestion,38,8,continuous,2,MTC,5.836799999999999,160000.0,7296.0,137685.9,137723.0,95.44000000000001,4.559999999999988,1193.0,25.490000000000002,26.775116999456927,47.73045446041812,25.494428540124947,-1,PF(default),"[-0.014884356409311295, 0.9941102862358093, 0.16968391835689545]",0.40028905003511706,False,False,False,False,e51f623f-d39e-4663-a4fb-79d16e5096d3
2,congestion,38,9,continuous,0,eMBB,6.112,129880.0,7640.0,219446.8,219506.0,94.12,5.8799999999999955,80.0,22.6,22.597647993717153,35.13775900093007,42.26459300535278,-1,PF(default),"[-0.6242020726203918, 0.31251949071884155, 0.9601923227310181]",0.40139965995511706,False,False,False,False,e51f623f-d39e-4663-a4fb-79d16e5096d3
2,congestion,38,9,continuous,1,URLLC,1.56,1950.0,1950.0,87.0,87.0,0.0,100.0,0.0,35.14,22.597647993717153,35.13775900093007,42.26459300535278,-1,PF(default),"[-0.6242020726203918, 0.31251949071884155, 0.9601923227310181]",0.40139965995511706,False,False,False,False,e51f623f-d39e-4663-a4fb-79d16e5096d3
2,congestion,38,9,continuous,2,MTC,12.0832,160000.0,15104.0,148315.7,148397.0,90.56,9.439999999999998,1132.0,42.26,22.597647993717153,35.13775900093007,42.26459300535278,-1,PF(default),"[-0.6242020726203918, 0.31251949071884155, 0.9601923227310181]",0.40139965995511706,False,False,False,False,e51f623f-d39e-4663-a4fb-79d16e5096d3
2,congestion,38,10,continuous,0,eMBB,6.112,129880.0,7640.0,249596.8,249610.0,94.12,5.8799999999999955,80.0,25.65,25.648472295235603,37.31732510696184,37.034202597802555,-1,PF(default),"[-0.521431565284729, 0.1348894089460373, 0.4486233592033386]",0.40056215083511704,False,False,False,False,e51f623f-d39e-4663-a4fb-79d16e5096d3
2,congestion,38,10,continuous,1,URLLC,0.936,1950.0,1170.0,87.0,87.0,40.0,60.0,10.0,37.32,25.648472295235603,37.31732510696184,37.034202597802555,-1,PF(default),"[-0.521431565284729, 0.1348894089460373, 0.4486233592033386]",0.40056215083511704,False,False,False,False,e51f623f-d39e-4663-a4fb-79d16e5096d3
2,congestion,38,10,continuous,2,MTC,7.372800000000001,160000.0,9216.0,168175.3,168204.0,94.24,5.760000000000005,1178.0,37.029999999999994,25.648472295235603,37.31732510696184,37.034202597802555,-1,PF(default),"[-0.521431565284729, 0.1348894089460373, 0.4486233592033386]",0.40056215083511704,False,False,False,False,e51f623f-d39e-4663-a4fb-79d16e5096d3
2,congestion,38,11,continuous,0,eMBB,12.224,122240.0,15280.0,269214.0,269247.0,87.5,12.5,70.0,27.2,27.1995589854938,49.78767251837291,23.01276849613329,-1,PF(default),"[-0.4581446349620819, 0.5812888145446777, -0.5429744720458984]",0.40367887147511705,False,False,False,False,e51f623f-d39e-4663-a4fb-79d16e5096d3
2,congestion,38,11,continuous,1,URLLC,2.184,1950.0,2730.0,87.0,87.0,0.0,100.0,0.0,49.79,27.1995589854938,49.78767251837291,23.01276849613329,-1,PF(default),"[-0.4581446349620819, 0.5812888145446777, -0.5429744720458984]",0.40367887147511705,False,False,False,False,e51f623f-d39e-4663-a4fb-79d16e5096d3
2,congestion,38,11,continuous,2,MTC,9.625599999999999,160000.0,12032.0,180526.2,180570.0,92.47999999999999,7.52000000000001,1156.0,23.009999999999998,27.1995589854938,49.78767251837291,23.01276849613329,-1,PF(default),"[-0.4581446349620819, 0.5812888145446777, -0.5429744720458984]",0.40367887147511705,False,False,False,False,e51f623f-d39e-4663-a4fb-79d16e5096d3
2,congestion,38,12,continuous,0,eMBB,6.112,129880.0,7640.0,297215.2,297251.0,94.12,5.8799999999999955,80.0,35.44,35.43500630350339,46.368703836164336,18.19628986033228,-1,PF(default),"[0.3667459487915039, 0.7066636085510254, -0.9842104315757751]",0.3968686902077022,False,False,False,False,e51f623f-d39e-4663-a4fb-79d16e5096d3
2,congestion,38,12,continuous,1,URLLC,1.248,1950.0,1560.0,169.0,169.0,20.0,80.0,5.0,46.37,35.43500630350339,46.368703836164336,18.19628986033228,-1,PF(default),"[0.3667459487915039, 0.7066636085510254, -0.9842104315757751]",0.3968686902077022,False,False,False,False,e51f623f-d39e-4663-a4fb-79d16e5096d3
2,congestion,38,12,continuous,2,MTC,4.812800000000001,160000.0,6016.0,199592.5,199644.0,96.24,3.760000000000005,1203.0,18.199999999999996,35.43500630350339,46.368703836164336,18.19628986033228,-1,PF(default),"[0.3667459487915039, 0.7066636085510254, -0.9842104315757751]",0.3968686902077022,False,False,False,False,e51f623f-d39e-4663-a4fb-79d16e5096d3
2,congestion,38,13,continuous,0,eMBB,12.224,129880.0,15280.0,317624.6,317654.0,88.24,11.760000000000005,75.0,25.82,25.819475701350804,52.27235782596147,21.908166472687736,-1,PF(default),"[-0.6096588373184204, 0.6503093242645264, -0.6752645969390869]",0.40305984299511705,False,False,False,False,e51f623f-d39e-4663-a4fb-79d16e5096d3
2,congestion,38,13,continuous,1,URLLC,1.872,1950.0,2340.0,87.0,87.0,0.0,100.0,0.0,52.27,25.819475701350804,52.27235782596147,21.908166472687736,-1,PF(default),"[-0.6096588373184204, 0.6503093242645264, -0.6752645969390869]",0.40305984299511705,False,False,False,False,e51f623f-d39e-4663-a4fb-79d16e5096d3
2,congestion,38,13,continuous,2,MTC,6.144,160000.0,7680.0,213598.8,213662.0,95.20000000000002,4.799999999999983,1190.0,21.91,25.819475701350804,52.27235782596147,21.908166472687736,-1,PF(default),"[-0.6096588373184204, 0.6503093242645264, -0.6752645969390869]",0.40305984299511705,False,False,False,False,e51f623f-d39e-4663-a4fb-79d16e5096d3
2,congestion,38,14,continuous,0,eMBB,12.224,122240.0,15280.0,342980.6,343071.0,87.5,12.5,70.0,40.57,40.57133759000596,29.233705293807333,30.194957116186703,-1,PF(default),"[0.5956805348396301, -0.3556026518344879, 0.2464783489704132]",0.4001128578877022,False,False,False,False,e51f623f-d39e-4663-a4fb-79d16e5096d3
2,congestion,38,14,continuous,1,URLLC,1.248,1950.0,1560.0,169.0,169.0,20.0,80.0,5.0,29.23,40.57133759000596,29.233705293807333,30.194957116186703,-1,PF(default),"[0.5956805348396301, -0.3556026518344879, 0.2464783489704132]",0.4001128578877022,False,False,False,False,e51f623f-d39e-4663-a4fb-79d16e5096d3
2,congestion,38,14,continuous,2,MTC,7.7824,160000.0,9728.0,230870.6,230929.0,93.91999999999999,6.0800000000000125,1174.0,30.190000000000005,40.57133759000596,29.233705293807333,30.194957116186703,-1,PF(default),"[0.5956805348396301, -0.3556026518344879, 0.2464783489704132]",0.4001128578877022,False,False,False,False,e51f623f-d39e-4663-a4fb-79d16e5096d3
2,congestion,38,15,continuous,0,eMBB,6.112,129880.0,7640.0,366498.4,366531.0,94.12,5.8799999999999955,80.0,25.940000000000005,25.940956533092464,49.53058440455625,24.528459062351285,-1,PF(default),"[-0.1933969110250473, 0.964603841304779, -0.005493049044162035]",0.40032546347511705,False,False,False,False,e51f623f-d39e-4663-a4fb-79d16e5096d3
2,congestion,38,15,continuous,1,URLLC,1.872,1950.0,2340.0,87.0,87.0,0.0,100.0,0.0,49.53,25.940956533092464,49.53058440455625,24.528459062351285,-1,PF(default),"[-0.1933969110250473, 0.964603841304779, -0.005493049044162035]",0.40032546347511705,False,False,False,False,e51f623f-d39e-4663-a4fb-79d16e5096d3
2,congestion,38,15,continuous,2,MTC,6.041599999999999,160000.0,7552.0,246252.2,246308.0,95.28,4.719999999999999,1191.0,24.53,25.940956533092464,49.53058440455625,24.528459062351285,-1,PF(default),"[-0.1933969110250473, 0.964603841304779, -0.005493049044162035]",0.40032546347511705,False,False,False,False,e51f623f-d39e-4663-a4fb-79d16e5096d3
2,congestion,38,16,continuous,0,eMBB,12.224,129880.0,15280.0,381648.4,381678.0,88.24,11.760000000000005,75.0,31.03,31.028198042867487,43.820624359857895,25.151177597274614,-1,PF(default),"[-0.7856136560440063, -0.2797311246395111, -0.9808133244514465]",0.40356963115511707,False,False,False,False,e51f623f-d39e-4663-a4fb-79d16e5096d3
2,congestion,38,16,continuous,1,URLLC,1.56,1950.0,1950.0,87.0,87.0,0.0,100.0,0.0,43.82,31.028198042867487,43.820624359857895,25.151177597274614,-1,PF(default),"[-0.7856136560440063, -0.2797311246395111, -0.9808133244514465]",0.40356963115511707,False,False,False,False,e51f623f-d39e-4663-a4fb-79d16e5096d3
2,congestion,38,16,continuous,2,MTC,9.011199999999999,160000.0,11264.0,257169.9,257233.0,92.95999999999998,7.0400000000000205,1162.0,25.150000000000002,31.028198042867487,43.820624359857895,25.151177597274614,-1,PF(default),"[-0.7856136560440063, -0.2797311246395111, -0.9808133244514465]",0.40356963115511707,False,False,False,False,e51f623f-d39e-4663-a4fb-79d16e5096d3
2,congestion,38,17,continuous,0,eMBB,6.112,122240.0,7640.0,412698.6,412748.0,93.75,6.25,75.0,30.170000000000005,30.173404535157445,47.32379457227858,22.502800892563982,-1,PF(default),"[0.14043208956718445, 0.8448779582977295, -0.24718251824378967]",0.40016160299511705,False,False,False,False,e51f623f-d39e-4663-a4fb-79d16e5096d3
2,congestion,38,17,continuous,1,URLLC,0.936,1950.0,1170.0,87.0,87.0,40.0,60.0,10.0,47.32,30.173404535157445,47.32379457227858,22.502800892563982,-1,PF(default),"[0.14043208956718445, 0.8448779582977295, -0.24718251824378967]",0.40016160299511705,False,False,False,False,e51f623f-d39e-4663-a4fb-79d16e5096d3
2,congestion,38,17,continuous,2,MTC,5.120000000000001,160000.0,6400.0,277583.0,277643.0,96.0,4.0,1200.0,22.5,30.173404535157445,47.32379457227858,22.502800892563982,-1,PF(default),"[0.14043208956718445, 0.8448779582977295, -0.24718251824378967]",0.40016160299511705,False,False,False,False,e51f623f-d39e-4663-a4fb-79d16e5096d3
2,congestion,38,18,continuous,0,eMBB,6.112,129880.0,7640.0,430663.4,430751.0,94.12,5.8799999999999955,80.0,26.73,26.72657830211438,53.264931116768444,20.00849058111718,-1,PF(default),"[-0.34426379203796387, 0.8515158891677856, -0.7548447847366333]",0.400543944115117,False,False,False,False,e51f623f-d39e-4663-a4fb-79d16e5096d3
2,congestion,38,18,continuous,1,URLLC,2.184,1950.0,2730.0,87.0,87.0,0.0,100.0,0.0,53.260000000000005,26.72657830211438,53.264931116768444,20.00849058111718,-1,PF(default),"[-0.34426379203796387, 0.8515158891677856, -0.7548447847366333]",0.400543944115117,False,False,False,False,e51f623f-d39e-4663-a4fb-79d16e5096d3
2,congestion,38,18,continuous,2,MTC,7.2704,160000.0,9088.0,290052.7,290102.0,94.32,5.680000000000007,1179.0,20.009999999999998,26.72657830211438,53.264931116768444,20.00849058111718,-1,PF(default),"[-0.34426379203796387, 0.8515158891677856, -0.7548447847366333]",0.400543944115117,False,False,False,False,e51f623f-d39e-4663-a4fb-79d16e5096d3
2,congestion,38,19,continuous,0,eMBB,12.224,129880.0,15280.0,458940.2,458953.0,88.24,11.760000000000005,75.0,33.54,33.54398613949755,25.721964423358777,40.73404943714367,-1,PF(default),"[0.40224355459213257, -0.679513692855835, 0.8866824507713318]",0.40014927132770217,False,False,False,False,e51f623f-d39e-4663-a4fb-79d16e5096d3
2,congestion,38,19,continuous,1,URLLC,1.248,1950.0,1560.0,169.0,169.0,20.0,80.0,5.0,25.72,33.54398613949755,25.721964423358777,40.73404943714367,-1,PF(default),"[0.40224355459213257, -0.679513692855835, 0.8866824507713318]",0.40014927132770217,False,False,False,False,e51f623f-d39e-4663-a4fb-79d16e5096d3
2,congestion,38,19,continuous,2,MTC,7.987200000000001,160000.0,9984.0,308589.7,308619.0,93.76000000000002,6.239999999999981,1172.0,40.730000000000004,33.54398613949755,25.721964423358777,40.73404943714367,-1,PF(default),"[0.40224355459213257, -0.679513692855835, 0.8866824507713318]",0.40014927132770217,False,False,False,False,e51f623f-d39e-4663-a4fb-79d16e5096d3
2,congestion,38,20,continuous,0,eMBB,6.112,122240.0,7640.0,479082.6,479176.0,93.75,6.25,75.0,35.59,35.59399471465525,45.29915874526302,19.106846540081722,-1,PF(default),"[0.3338033854961395, 0.6238796710968018, -0.8538994193077087]",0.40052573739511704,False,False,False,False,e51f623f-d39e-4663-a4fb-79d16e5096d3
2,congestion,38,20,continuous,1,URLLC,1.872,1950.0,2340.0,87.0,87.0,0.0,100.0,0.0,45.3,35.59399471465525,45.29915874526302,19.106846540081722,-1,PF(default),"[0.3338033854961395, 0.6238796710968018, -0.8538994193077087]",0.40052573739511704,False,False,False,False,e51f623f-d39e-4663-a4fb-79d16e5096d3
2,congestion,38,20,continuous,2,MTC,7.168,160000.0,8960.0,322611.8,322689.0,94.39999999999999,5.6000000000000085,1180.0,19.110000000000003,35.59399471465525,45.29915874526302,19.106846540081722,-1,PF(default),"[0.3338033854961395, 0.6238796710968018, -0.8538994193077087]",0.40052573739511704,False,False,False,False,e51f623f-d39e-4663-a4fb-79d16e5096d3
2,congestion,38,21,continuous,0,eMBB,12.224,129880.0,15280.0,506152.4,506224.0,88.24,11.760000000000005,75.0,32.75,32.754564721774486,37.97263236582716,29.272802912398355,-1,PF(default),"[-0.5611740350723267, -0.45049476623535156, -0.570651113986969]",0.4001674780477022,False,False,False,False,e51f623f-d39e-4663-a4fb-79d16e5096d3
2,congestion,38,21,continuous,1,URLLC,1.248,1950.0,1560.0,169.0,169.0,20.0,80.0,5.0,37.97,32.754564721774486,37.97263236582716,29.272802912398355,-1,PF(default),"[-0.5611740350723267, -0.45049476623535156, -0.570651113986969]",0.4001674780477022,False,False,False,False,e51f623f-d39e-4663-a4fb-79d16e5096d3
2,congestion,38,21,continuous,2,MTC,8.0896,160000.0,10112.0,339854.2,339921.0,93.68,6.319999999999993,1171.0,29.27,32.754564721774486,37.97263236582716,29.272802912398355,-1,PF(default),"[-0.5611740350723267, -0.45049476623535156, -0.570651113986969]",0.4001674780477022,False,False,False,False,e51f623f-d39e-4663-a4fb-79d16e5096d3
2,congestion,38,22,continuous,0,eMBB,6.112,129880.0,7640.0,528119.4,528152.0,94.12,5.8799999999999955,80.0,28.660000000000004,28.65573865112676,46.452982339610244,24.891279009263,-1,PF(default),"[-0.7486786842346191, 0.04255564883351326, -0.7855843305587769]",0.40028905003511706,False,False,False,False,e51f623f-d39e-4663-a4fb-79d16e5096d3
2,congestion,38,22,continuous,1,URLLC,1.872,1950.0,2340.0,87.0,87.0,0.0,100.0,0.0,46.45,28.65573865112676,46.452982339610244,24.891279009263,-1,PF(default),"[-0.7486786842346191, 0.04255564883351326, -0.7855843305587769]",0.40028905003511706,False,False,False,False,e51f623f-d39e-4663-a4fb-79d16e5096d3
2,congestion,38,22,continuous,2,MTC,5.836799999999999,160000.0,7296.0,355256.5,355336.0,95.44000000000001,4.559999999999988,1193.0,24.889999999999997,28.65573865112676,46.452982339610244,24.891279009263,-1,PF(default),"[-0.7486786842346191, 0.04255564883351326, -0.7855843305587769]",0.40028905003511706,False,False,False,False,e51f623f-d39e-4663-a4fb-79d16e5096d3
2,congestion,38,23,continuous,0,eMBB,12.224,122240.0,15280.0,544665.6,544733.0,87.5,12.5,70.0,38.62,38.621251698300675,25.182337006949584,36.196411294749744,-1,PF(default),"[0.8426473140716553, -0.6011484861373901, 0.8830457925796509]",0.4037881117951171,False,False,False,False,e51f623f-d39e-4663-a4fb-79d16e5096d3
2,congestion,38,23,continuous,1,URLLC,1.56,1950.0,1950.0,87.0,87.0,0.0,100.0,0.0,25.18,38.621251698300675,25.182337006949584,36.196411294749744,-1,PF(default),"[0.8426473140716553, -0.6011484861373901, 0.8830457925796509]",0.4037881117951171,False,False,False,False,e51f623f-d39e-4663-a4fb-79d16e5096d3
2,congestion,38,23,continuous,2,MTC,10.24,160000.0,12800.0,366044.0,366118.0,92.0,8.0,1150.0,36.199999999999996,38.621251698300675,25.182337006949584,36.196411294749744,-1,PF(default),"[0.8426473140716553, -0.6011484861373901, 0.8830457925796509]",0.4037881117951171,False,False,False,False,e51f623f-d39e-4663-a4fb-79d16e5096d3
2,congestion,38,24,continuous,0,eMBB,12.224,129880.0,15280.0,574861.4,574929.0,88.24,11.760000000000005,75.0,45.04,45.043149758045466,28.904528341819958,26.052321900134572,-1,PF(default),"[0.7960020899772644, -0.3630574345588684, -0.00665239105001092]",0.40278674219511706,False,False,False,False,e51f623f-d39e-4663-a4fb-79d16e5096d3
2,congestion,38,24,continuous,1,URLLC,0.936,1950.0,1170.0,87.0,87.0,40.0,60.0,10.0,28.9,45.043149758045466,28.904528341819958,26.052321900134572,-1,PF(default),"[0.7960020899772644, -0.3630574345588684, -0.00665239105001092]",0.40278674219511706,False,False,False,False,e51f623f-d39e-4663-a4fb-79d16e5096d3
2,congestion,38,24,continuous,2,MTC,4.6080000000000005,160000.0,5760.0,386399.5,386468.0,96.39999999999999,3.6000000000000085,1205.0,26.050000000000004,45.043149758045466,28.904528341819958,26.052321900134572,-1,PF(default),"[0.7960020899772644, -0.3630574345588684, -0.00665239105001092]",0.40278674219511706,False,False,False,False,e51f623f-d39e-4663-a4fb-79d16e5096d3
2,congestion,38,25,continuous,0,eMBB,12.224,129880.0,15280.0,592828.6,592837.0,88.24,11.760000000000005,75.0,28.170000000000005,28.17029174943164,34.641722216772415,37.18798603379594,-1,PF(default),"[-0.18742187321186066, 0.053646184504032135, 0.5416804552078247]",0.40375169835511704,False,False,False,False,e51f623f-d39e-4663-a4fb-79d16e5096d3
2,congestion,38,25,continuous,1,URLLC,2.184,1950.0,2730.0,87.0,87.0,0.0,100.0,0.0,34.64,28.17029174943164,34.641722216772415,37.18798603379594,-1,PF(default),"[-0.18742187321186066, 0.053646184504032135, 0.5416804552078247]",0.40375169835511704,False,False,False,False,e51f623f-d39e-4663-a4fb-79d16e5096d3
2,congestion,38,25,continuous,2,MTC,10.035200000000001,160000.0,12544.0,398578.1,398665.0,92.16,7.840000000000003,1152.0,37.19,28.17029174943164,34.641722216772415,37.18798603379594,-1,PF(default),"[-0.18742187321186066, 0.053646184504032135, 0.5416804552078247]",0.40375169835511704,False,False,False,False,e51f623f-d39e-4663-a4fb-79d16e5096d3
2,congestion,38,26,continuous,0,eMBB,6.112,122240.0,7640.0,620939.0,621023.0,93.75,6.25,75.0,36.66,36.66021153647448,44.42575833950721,18.91403012401831,-1,PF(default),"[0.5010235905647278, 0.7011690139770508, -0.7754542827606201]",0.3970325506877022,False,False,False,False,e51f623f-d39e-4663-a4fb-79d16e5096d3
2,congestion,38,26,continuous,1,URLLC,1.248,1950.0,1560.0,169.0,169.0,20.0,80.0,5.0,44.43,36.66021153647448,44.42575833950721,18.91403012401831,-1,PF(default),"[0.5010235905647278, 0.7011690139770508, -0.7754542827606201]",0.3970325506877022,False,False,False,False,e51f623f-d39e-4663-a4fb-79d16e5096d3
2,congestion,38,26,continuous,2,MTC,5.734399999999999,160000.0,7168.0,417589.7,417666.0,95.52000000000001,4.47999999999999,1194.0,18.91,36.66021153647448,44.42575833950721,18.91403012401831,-1,PF(default),"[0.5010235905647278, 0.7011690139770508, -0.7754542827606201]",0.3970325506877022,False,False,False,False,e51f623f-d39e-4663-a4fb-79d16e5096d3
2,congestion,38,27,continuous,0,eMBB,6.112,129880.0,7640.0,641467.2,641533.0,94.12,5.8799999999999955,80.0,22.94,22.938579887785377,57.59195147871863,19.469468633496,-1,PF(default),"[-0.9126957654953003, 0.8777470588684082, -0.9351194500923157]",0.400216223155117,False,False,False,False,e51f623f-d39e-4663-a4fb-79d16e5096d3
2,congestion,38,27,continuous,1,URLLC,1.872,1950.0,2340.0,87.0,87.0,0.0,100.0,0.0,57.59000000000001,22.938579887785377,57.59195147871863,19.469468633496,-1,PF(default),"[-0.9126957654953003, 0.8777470588684082, -0.9351194500923157]",0.400216223155117,False,False,False,False,e51f623f-d39e-4663-a4fb-79d16e5096d3
2,congestion,38,27,continuous,2,MTC,5.427200000000001,160000.0,6784.0,431625.8,431672.0,95.76,4.239999999999995,1197.0,19.47,22.938579887785377,57.59195147871863,19.469468633496,-1,PF(default),"[-0.9126957654953003, 0.8777470588684082, -0.9351194500923157]",0.400216223155117,False,False,False,False,e51f623f-d39e-4663-a4fb-79d16e5096d3
2,congestion,38,28,continuous,0,eMBB,12.224,129880.0,15280.0,667093.2,667146.0,88.24,11.760000000000005,75.0,34.61,34.60821166141888,35.63729536471111,29.75449297387002,-1,PF(default),"[0.0978001207113266, -0.03975295275449753, 0.009057482704520226]",0.4002585116477022,False,False,False,False,e51f623f-d39e-4663-a4fb-79d16e5096d3
2,congestion,38,28,continuous,1,URLLC,1.248,1950.0,1560.0,169.0,169.0,20.0,80.0,5.0,35.64,34.60821166141888,35.63729536471111,29.75449297387002,-1,PF(default),"[0.0978001207113266, -0.03975295275449753, 0.009057482704520226]",0.4002585116477022,False,False,False,False,e51f623f-d39e-4663-a4fb-79d16e5096d3
2,congestion,38,28,continuous,2,MTC,8.601600000000001,160000.0,10752.0,448867.8,448925.0,93.28,6.719999999999999,1166.0,29.75,34.60821166141888,35.63729536471111,29.75449297387002,-1,PF(default),"[0.0978001207113266, -0.03975295275449753, 0.009057482704520226]",0.4002585116477022,False,False,False,False,e51f623f-d39e-4663-a4fb-79d16e5096d3
2,congestion,38,29,continuous,0,eMBB,6.112,122240.0,7640.0,690691.4,690705.0,93.75,6.25,75.0,28.8,28.798253974488187,39.34510055100033,31.85664547451149,-1,PF(default),"[0.19646687805652618, 0.6629561185836792, 0.6194570064544678]",0.400471117235117,False,False,False,False,e51f623f-d39e-4663-a4fb-79d16e5096d3
2,congestion,38,29,continuous,1,URLLC,1.872,1950.0,2340.0,87.0,87.0,0.0,100.0,0.0,39.35,28.798253974488187,39.34510055100033,31.85664547451149,-1,PF(default),"[0.19646687805652618, 0.6629561185836792, 0.6194570064544678]",0.400471117235117,False,False,False,False,e51f623f-d39e-4663-a4fb-79d16e5096d3
2,congestion,38,29,continuous,2,MTC,6.8608,160000.0,8576.0,464054.0,464114.0,94.64,5.359999999999999,1183.0,31.860000000000007,28.798253974488187,39.34510055100033,31.85664547451149,-1,PF(default),"[0.19646687805652618, 0.6629561185836792, 0.6194570064544678]",0.400471117235117,False,False,False,False,e51f623f-d39e-4663-a4fb-79d16e5096d3
2,congestion,38,30,continuous,0,eMBB,12.224,129880.0,15280.0,707213.0,707286.0,88.24,11.760000000000005,75.0,40.87,40.86785420192754,26.439468338448442,32.692677459624015,-1,PF(default),"[0.8964923024177551, -0.42753228545188904, 0.673110842704773]",0.4038245252351171,False,False,False,False,e51f623f-d39e-4663-a4fb-79d16e5096d3
2,congestion,38,30,continuous,1,URLLC,1.56,1950.0,1950.0,87.0,87.0,0.0,100.0,0.0,26.440000000000005,40.86785420192754,26.439468338448442,32.692677459624015,-1,PF(default),"[0.8964923024177551, -0.42753228545188904, 0.673110842704773]",0.4038245252351171,False,False,False,False,e51f623f-d39e-4663-a4fb-79d16e5096d3
2,congestion,38,30,continuous,2,MTC,10.4448,160000.0,13056.0,474874.1,474896.0,91.84,8.159999999999997,1148.0,32.69,40.86785420192754,26.439468338448442,32.692677459624015,-1,PF(default),"[0.8964923024177551, -0.42753228545188904, 0.673110842704773]",0.4038245252351171,False,False,False,False,e51f623f-d39e-4663-a4fb-79d16e5096d3
2,congestion,38,31,continuous,0,eMBB,7.3344000000000005,129880.0,9168.0,736213.2,736254.0,92.944,7.055999999999997,79.0,37.75,37.747482432523526,39.08785751819062,23.164660049285857,-1,PF(default),"[0.14110293984413147, 0.04171286150813103, -0.6219351887702942]",0.40059559723511706,False,False,False,False,e51f623f-d39e-4663-a4fb-79d16e5096d3
2,congestion,38,31,continuous,1,URLLC,0.936,1950.0,1170.0,87.0,87.0,40.0,60.0,10.0,39.09,37.747482432523526,39.08785751819062,23.164660049285857,-1,PF(default),"[0.14110293984413147, 0.04171286150813103, -0.6219351887702942]",0.40059559723511706,False,False,False,False,e51f623f-d39e-4663-a4fb-79d16e5096d3
2,congestion,38,31,continuous,2,MTC,4.5056,160000.0,5632.0,495308.1,495375.0,96.47999999999999,3.5200000000000102,1206.0,23.16,37.747482432523526,39.08785751819062,23.164660049285857,-1,PF(default),"[0.14110293984413147, 0.04171286150813103, -0.6219351887702942]",0.40059559723511706,False,False,False,False,e51f623f-d39e-4663-a4fb-79d16e5096d3
2,congestion,38,32,continuous,0,eMBB,11.0016,122240.0,13752.0,755964.8,755990.0,88.75,11.25,71.0,21.59,21.58887727986305,42.27831084228411,36.13281187785285,-1,PF(default),"[-0.833229660987854, 0.6762876510620117, 0.6993386149406433]",0.4031902570751171,False,False,False,False,e51f623f-d39e-4663-a4fb-79d16e5096d3
2,congestion,38,32,continuous,1,URLLC,2.184,1950.0,2730.0,87.0,87.0,0.0,100.0,0.0,42.28,21.58887727986305,42.27831084228411,36.13281187785285,-1,PF(default),"[-0.833229660987854, 0.6762876510620117, 0.6993386149406433]",0.4031902570751171,False,False,False,False,e51f623f-d39e-4663-a4fb-79d16e5096d3
2,congestion,38,32,continuous,2,MTC,9.9328,160000.0,12416.0,507476.0,507543.0,92.23999999999998,7.760000000000019,1153.0,36.13,21.58887727986305,42.27831084228411,36.13281187785285,-1,PF(default),"[-0.833229660987854, 0.6762876510620117, 0.6993386149406433]",0.4031902570751171,False,False,False,False,e51f623f-d39e-4663-a4fb-79d16e5096d3
2,congestion,38,33,continuous,0,eMBB,12.224,129880.0,15280.0,783567.4,783591.0,88.24,11.760000000000005,75.0,48.0,48.003123492886125,29.040439359091437,22.95643714802244,-1,PF(default),"[0.7130628824234009, -0.5300647020339966, -0.4677788317203522]",0.3997851369277022,False,False,False,False,e51f623f-d39e-4663-a4fb-79d16e5096d3
2,congestion,38,33,continuous,1,URLLC,1.248,1950.0,1560.0,169.0,169.0,20.0,80.0,5.0,29.04,48.003123492886125,29.040439359091437,22.95643714802244,-1,PF(default),"[0.7130628824234009, -0.5300647020339966, -0.4677788317203522]",0.3997851369277022,False,False,False,False,e51f623f-d39e-4663-a4fb-79d16e5096d3
2,congestion,38,33,continuous,2,MTC,5.939199999999999,160000.0,7424.0,526392.7,526444.0,95.36000000000001,4.639999999999986,1192.0,22.960000000000004,48.003123492886125,29.040439359091437,22.95643714802244,-1,PF(default),"[0.7130628824234009, -0.5300647020339966, -0.4677788317203522]",0.3997851369277022,False,False,False,False,e51f623f-d39e-4663-a4fb-79d16e5096d3
2,congestion,38,34,continuous,0,eMBB,11.0016,129880.0,13752.0,803666.4,803714.0,89.41600000000001,10.583999999999989,76.0,32.42,32.424348611046405,45.6158204360667,21.959830952886897,-1,PF(default),"[-0.34019047021865845, 0.14558592438697815, -0.9429788589477539]",0.4024619882751171,False,False,False,False,e51f623f-d39e-4663-a4fb-79d16e5096d3
2,congestion,38,34,continuous,1,URLLC,1.872,1950.0,2340.0,87.0,87.0,0.0,100.0,0.0,45.62,32.424348611046405,45.6158204360667,21.959830952886897,-1,PF(default),"[-0.34019047021865845, 0.14558592438697815, -0.9429788589477539]",0.4024619882751171,False,False,False,False,e51f623f-d39e-4663-a4fb-79d16e5096d3
2,congestion,38,34,continuous,2,MTC,5.8368,160000.0,7296.0,540436.4,540512.0,95.44000000000001,4.559999999999988,1193.0,21.960000000000004,32.424348611046405,45.6158204360667,21.959830952886897,-1,PF(default),"[-0.34019047021865845, 0.14558592438697815, -0.9429788589477539]",0.4024619882751171,False,False,False,False,e51f623f-d39e-4663-a4fb-79d16e5096d3
2,congestion,38,35,continuous,0,eMBB,7.3344000000000005,122240.0,9168.0,829163.4,829229.0,92.5,7.5,74.0,34.08,34.075676160587875,38.13024736037492,27.794076479037194,-1,PF(default),"[0.5271211266517639, 0.5676192045211792, 0.3413598835468292]",0.3980309532477022,False,False,False,False,e51f623f-d39e-4663-a4fb-79d16e5096d3
2,congestion,38,35,continuous,1,URLLC,1.248,1950.0,1560.0,169.0,169.0,20.0,80.0,5.0,38.13,34.075676160587875,38.13024736037492,27.794076479037194,-1,PF(default),"[0.5271211266517639, 0.5676192045211792, 0.3413598835468292]",0.3980309532477022,False,False,False,False,e51f623f-d39e-4663-a4fb-79d16e5096d3
2,congestion,38,35,continuous,2,MTC,8.294400000000001,160000.0,10368.0,557699.4,557779.0,93.52000000000001,6.47999999999999,1169.0,27.79,34.075676160587875,38.13024736037492,27.794076479037194,-1,PF(default),"[0.5271211266517639, 0.5676192045211792, 0.3413598835468292]",0.3980309532477022,False,False,False,False,e51f623f-d39e-4663-a4fb-79d16e5096d3
2,congestion,38,36,continuous,0,eMBB,12.224,129880.0,15280.0,852334.6,852402.0,88.24,11.760000000000005,75.0,35.43,35.433791839108444,32.02014031749508,32.54606784339648,-1,PF(default),"[0.3561038374900818, -0.0895080417394638, 0.37939491868019104]",0.40307804971511707,False,False,False,False,e51f623f-d39e-4663-a4fb-79d16e5096d3
2,congestion,38,36,continuous,1,URLLC,1.872,1950.0,2340.0,87.0,87.0,0.0,100.0,0.0,32.02,35.433791839108444,32.02014031749508,32.54606784339648,-1,PF(default),"[0.3561038374900818, -0.0895080417394638, 0.37939491868019104]",0.40307804971511707,False,False,False,False,e51f623f-d39e-4663-a4fb-79d16e5096d3
2,congestion,38,36,continuous,2,MTC,6.2463999999999995,160000.0,7808.0,572955.5,572990.0,95.12000000000002,4.879999999999981,1189.0,32.550000000000004,35.433791839108444,32.02014031749508,32.54606784339648,-1,PF(default),"[0.3561038374900818, -0.0895080417394638, 0.37939491868019104]",0.40307804971511707,False,False,False,False,e51f623f-d39e-4663-a4fb-79d16e5096d3
2,congestion,38,37,continuous,0,eMBB,6.112,129880.0,7640.0,867742.8,867853.0,94.12,5.8799999999999955,80.0,23.33,23.332762346898882,50.33209177847947,26.335145874621663,-1,PF(default),"[-0.5378129482269287, 0.9771090149879456, 0.12986330687999725]",0.40101731883511704,False,False,False,False,e51f623f-d39e-4663-a4fb-79d16e5096d3
2,congestion,38,37,continuous,1,URLLC,1.56,1950.0,1950.0,87.0,87.0,0.0,100.0,0.0,50.33,23.332762346898882,50.33209177847947,26.335145874621663,-1,PF(default),"[-0.5378129482269287, 0.9771090149879456, 0.12986330687999725]",0.40101731883511704,False,False,False,False,e51f623f-d39e-4663-a4fb-79d16e5096d3
2,congestion,38,37,continuous,2,MTC,9.932799999999999,160000.0,12416.0,583822.7,583864.0,92.24,7.760000000000005,1153.0,26.339999999999996,23.332762346898882,50.33209177847947,26.335145874621663,-1,PF(default),"[-0.5378129482269287, 0.9771090149879456, 0.12986330687999725]",0.40101731883511704,False,False,False,False,e51f623f-d39e-4663-a4fb-79d16e5096d3
2,congestion,38,38,continuous,0,eMBB,12.224,122240.0,15280.0,898381.4,898437.0,87.5,12.5,70.0,36.69,36.693467574548485,43.69019718766848,19.61633523778305,-1,PF(default),"[0.28772133588790894, 0.45562803745269775, -0.8718507289886475]",0.40262288171511706,False,False,False,False,e51f623f-d39e-4663-a4fb-79d16e5096d3
2,congestion,38,38,continuous,1,URLLC,0.936,1950.0,1170.0,87.0,87.0,40.0,60.0,10.0,43.69,36.693467574548485,43.69019718766848,19.61633523778305,-1,PF(default),"[0.28772133588790894, 0.45562803745269775, -0.8718507289886475]",0.40262288171511706,False,False,False,False,e51f623f-d39e-4663-a4fb-79d16e5096d3
2,congestion,38,38,continuous,2,MTC,3.6864000000000003,160000.0,4608.0,604401.9,604442.0,97.11999999999999,2.8800000000000097,1214.0,19.62,36.693467574548485,43.69019718766848,19.61633523778305,-1,PF(default),"[0.28772133588790894, 0.45562803745269775, -0.8718507289886475]",0.40262288171511706,False,False,False,False,e51f623f-d39e-4663-a4fb-79d16e5096d3
2,congestion,38,39,continuous,0,eMBB,12.224,129880.0,15280.0,915516.4,915572.0,88.24,11.760000000000005,75.0,46.29,46.29394873785112,28.966327903727006,24.739723358421873,-1,PF(default),"[0.702423095703125, -0.4928525686264038, -0.2523011863231659]",0.4031690833151171,False,False,False,False,e51f623f-d39e-4663-a4fb-79d16e5096d3
2,congestion,38,39,continuous,1,URLLC,2.184,1950.0,2730.0,87.0,87.0,0.0,100.0,0.0,28.97,46.29394873785112,28.966327903727006,24.739723358421873,-1,PF(default),"[0.702423095703125, -0.4928525686264038, -0.2523011863231659]",0.4031690833151171,False,False,False,False,e51f623f-d39e-4663-a4fb-79d16e5096d3
2,congestion,38,39,continuous,2,MTC,6.7584,160000.0,8448.0,616912.7,616998.0,94.72,5.280000000000001,1184.0,24.740000000000002,46.29394873785112,28.966327903727006,24.739723358421873,-1,PF(default),"[0.702423095703125, -0.4928525686264038, -0.2523011863231659]",0.4031690833151171,False,False,False,False,e51f623f-d39e-4663-a4fb-79d16e5096d3
2,congestion,38,40,continuous,0,eMBB,7.3344000000000005,129880.0,9168.0,943331.4,943387.0,92.944,7.055999999999997,79.0,37.87,37.87447513475621,43.259943117062804,18.865581748180983,-1,PF(default),"[0.5804835557937622, 0.672768235206604, -0.7636714577674866]",0.3973755113277022,False,False,False,False,e51f623f-d39e-4663-a4fb-79d16e5096d3
2,congestion,38,40,continuous,1,URLLC,1.248,1950.0,1560.0,169.0,169.0,20.0,80.0,5.0,43.26,37.87447513475621,43.259943117062804,18.865581748180983,-1,PF(default),"[0.5804835557937622, 0.672768235206604, -0.7636714577674866]",0.3973755113277022,False,False,False,False,e51f623f-d39e-4663-a4fb-79d16e5096d3
2,congestion,38,40,continuous,2,MTC,4.6080000000000005,160000.0,5760.0,636033.9,636081.0,96.39999999999999,3.6000000000000085,1205.0,18.87,37.87447513475621,43.259943117062804,18.865581748180983,-1,PF(default),"[0.5804835557937622, 0.672768235206604, -0.7636714577674866]",0.3973755113277022,False,False,False,False,e51f623f-d39e-4663-a4fb-79d16e5096d3
2,congestion,38,41,continuous,0,eMBB,11.0016,122240.0,13752.0,963584.6,963699.0,88.75,11.25,71.0,30.6,30.602251239760214,45.66711458480013,23.730634175439665,-1,PF(default),"[-0.1477518081665039, 0.4628935754299164, -0.4409310817718506]",0.4025348151551171,False,False,False,False,e51f623f-d39e-4663-a4fb-79d16e5096d3
2,congestion,38,41,continuous,1,URLLC,1.872,1950.0,2340.0,87.0,87.0,0.0,100.0,0.0,45.67,30.602251239760214,45.66711458480013,23.730634175439665,-1,PF(default),"[-0.1477518081665039, 0.4628935754299164, -0.4409310817718506]",0.4025348151551171,False,False,False,False,e51f623f-d39e-4663-a4fb-79d16e5096d3
2,congestion,38,41,continuous,2,MTC,6.2463999999999995,160000.0,7808.0,649999.9,650076.0,95.12000000000002,4.879999999999981,1189.0,23.729999999999997,30.602251239760214,45.66711458480013,23.730634175439665,-1,PF(default),"[-0.1477518081665039, 0.4628935754299164, -0.4409310817718506]",0.4025348151551171,False,False,False,False,e51f623f-d39e-4663-a4fb-79d16e5096d3
2,congestion,38,42,continuous,0,eMBB,12.224,129880.0,15280.0,990668.6,990746.0,88.24,11.760000000000005,75.0,35.57,35.5659895717728,29.29921888294865,35.134791545278546,-1,PF(default),"[0.7790616750717163, 0.06977780163288116, 0.9217478036880493]",0.4003677519677022,False,False,False,False,e51f623f-d39e-4663-a4fb-79d16e5096d3
2,congestion,38,42,continuous,1,URLLC,1.248,1950.0,1560.0,169.0,169.0,20.0,80.0,5.0,29.3,35.5659895717728,29.29921888294865,35.134791545278546,-1,PF(default),"[0.7790616750717163, 0.06977780163288116, 0.9217478036880493]",0.4003677519677022,False,False,False,False,e51f623f-d39e-4663-a4fb-79d16e5096d3
2,congestion,38,42,continuous,2,MTC,9.215999999999998,160000.0,11520.0,667136.0,667197.0,92.8,7.200000000000003,1160.0,35.13,35.5659895717728,29.29921888294865,35.134791545278546,-1,PF(default),"[0.7790616750717163, 0.06977780163288116, 0.9217478036880493]",0.4003677519677022,False,False,False,False,e51f623f-d39e-4663-a4fb-79d16e5096d3
2,congestion,38,43,continuous,0,eMBB,6.112,129880.0,7640.0,1012559.0,1012682.0,94.12,5.8799999999999955,80.0,29.77,29.773674851704058,42.10537590682589,28.120949241470043,-1,PF(default),"[-0.4128808379173279, 0.10966578125953674, -0.29247769713401794]",0.40043470379511703,False,False,False,False,e51f623f-d39e-4663-a4fb-79d16e5096d3
2,congestion,38,43,continuous,1,URLLC,1.872,1950.0,2340.0,87.0,87.0,0.0,100.0,0.0,42.11,29.773674851704058,42.10537590682589,28.120949241470043,-1,PF(default),"[-0.4128808379173279, 0.10966578125953674, -0.29247769713401794]",0.40043470379511703,False,False,False,False,e51f623f-d39e-4663-a4fb-79d16e5096d3
2,congestion,38,43,continuous,2,MTC,6.656,160000.0,8320.0,682409.8,682431.0,94.8,5.200000000000003,1185.0,28.119999999999997,29.773674851704058,42.10537590682589,28.120949241470043,-1,PF(default),"[-0.4128808379173279, 0.10966578125953674, -0.29247769713401794]",0.40043470379511703,False,False,False,False,e51f623f-d39e-4663-a4fb-79d16e5096d3
2,congestion,38,44,continuous,0,eMBB,12.224,122240.0,15280.0,1029557.0,1029665.0,87.5,12.5,70.0,24.35,24.35255704341985,38.175449753156684,37.471993203423466,-1,PF(default),"[-0.37740400433540344, 0.4830647110939026, 0.7667385935783386]",0.4039883857151171,False,False,False,False,e51f623f-d39e-4663-a4fb-79d16e5096d3
2,congestion,38,44,continuous,1,URLLC,1.56,1950.0,1950.0,87.0,87.0,0.0,100.0,0.0,38.18,24.35255704341985,38.175449753156684,37.471993203423466,-1,PF(default),"[-0.37740400433540344, 0.4830647110939026, 0.7667385935783386]",0.4039883857151171,False,False,False,False,e51f623f-d39e-4663-a4fb-79d16e5096d3
2,congestion,38,44,continuous,2,MTC,11.3664,160000.0,14208.0,693109.1,693179.0,91.12000000000002,8.879999999999981,1139.0,37.470000000000006,24.35255704341985,38.175449753156684,37.471993203423466,-1,PF(default),"[-0.37740400433540344, 0.4830647110939026, 0.7667385935783386]",0.4039883857151171,False,False,False,False,e51f623f-d39e-4663-a4fb-79d16e5096d3
2,congestion,38,45,continuous,0,eMBB,0.0,129880.0,0.0,1061455.2,1061507.0,100.0,0.0,85.0,21.21,21.208249211401924,44.31532348653456,34.47642730206352,-1,PF(default),"[-0.7941914200782776, 0.8832728862762451, 0.7434006333351135]",0.39780956459511707,False,False,False,False,e51f623f-d39e-4663-a4fb-79d16e5096d3
2,congestion,38,45,continuous,1,URLLC,0.936,1950.0,1170.0,87.0,87.0,40.0,60.0,10.0,44.32,21.208249211401924,44.31532348653456,34.47642730206352,-1,PF(default),"[-0.7941914200782776, 0.8832728862762451, 0.7434006333351135]",0.39780956459511707,False,False,False,False,e51f623f-d39e-4663-a4fb-79d16e5096d3
2,congestion,38,45,continuous,2,MTC,7.168,160000.0,8960.0,713029.2,713111.0,94.39999999999999,5.6000000000000085,1180.0,34.480000000000004,21.208249211401924,44.31532348653456,34.47642730206352,-1,PF(default),"[-0.7941914200782776, 0.8832728862762451, 0.7434006333351135]",0.39780956459511707,False,False,False,False,e51f623f-d39e-4663-a4fb-79d16e5096d3
2,congestion,38,46,continuous,0,eMBB,12.224,129880.0,15280.0,1079350.4,1079416.0,88.24,11.760000000000005,75.0,36.38,36.382421490195185,34.60577995918559,29.01179855061923,-1,PF(default),"[-0.6566524505615234, -0.9567376971244812, -0.8859732151031494]",0.40380631851511706,False,False,False,False,e51f623f-d39e-4663-a4fb-79d16e5096d3
2,congestion,38,46,continuous,1,URLLC,2.184,1950.0,2730.0,87.0,87.0,0.0,100.0,0.0,34.61,36.382421490195185,34.60577995918559,29.01179855061923,-1,PF(default),"[-0.6566524505615234, -0.9567376971244812, -0.8859732151031494]",0.40380631851511706,False,False,False,False,e51f623f-d39e-4663-a4fb-79d16e5096d3
2,congestion,38,46,continuous,2,MTC,10.342400000000001,160000.0,12928.0,725244.5,725273.0,91.92,8.079999999999998,1149.0,29.009999999999998,36.382421490195185,34.60577995918559,29.01179855061923,-1,PF(default),"[-0.6566524505615234, -0.9567376971244812, -0.8859732151031494]",0.40380631851511706,False,False,False,False,e51f623f-d39e-4663-a4fb-79d16e5096d3
2,congestion,38,47,continuous,0,eMBB,6.112,122240.0,7640.0,1107955.6,1108003.0,93.75,6.25,75.0,27.72,27.7238329754266,25.442594387081353,46.83357263749205,-1,PF(default),"[-0.2433028519153595, -0.9522764682769775, 0.8649705052375793]",0.39770619932770224,False,False,False,False,e51f623f-d39e-4663-a4fb-79d16e5096d3
2,congestion,38,47,continuous,1,URLLC,1.248,1950.0,1560.0,169.0,169.0,20.0,80.0,5.0,25.44,27.7238329754266,25.442594387081353,46.83357263749205,-1,PF(default),"[-0.2433028519153595, -0.9522764682769775, 0.8649705052375793]",0.39770619932770224,False,False,False,False,e51f623f-d39e-4663-a4fb-79d16e5096d3
2,congestion,38,47,continuous,2,MTC,9.523199999999997,160000.0,11904.0,743577.1,743651.0,92.55999999999999,7.440000000000012,1157.0,46.82999999999999,27.7238329754266,25.442594387081353,46.83357263749205,-1,PF(default),"[-0.2433028519153595, -0.9522764682769775, 0.8649705052375793]",0.39770619932770224,False,False,False,False,e51f623f-d39e-4663-a4fb-79d16e5096d3
2,congestion,38,48,continuous,0,eMBB,6.112,129880.0,7640.0,1129062.4,1129189.0,94.12,5.8799999999999955,80.0,24.11,24.113150487487463,36.042292506695524,39.844557005817016,-1,PF(default),"[-0.9275578260421753, -0.1602950543165207, 0.3419817388057709]",0.40130862635511705,False,False,False,False,e51f623f-d39e-4663-a4fb-79d16e5096d3
2,congestion,38,48,continuous,1,URLLC,1.872,1950.0,2340.0,87.0,87.0,0.0,100.0,0.0,36.04,24.113150487487463,36.042292506695524,39.844557005817016,-1,PF(default),"[-0.9275578260421753, -0.1602950543165207, 0.3419817388057709]",0.40130862635511705,False,False,False,False,e51f623f-d39e-4663-a4fb-79d16e5096d3
2,congestion,38,48,continuous,2,MTC,11.571200000000001,160000.0,14464.0,756964.9,756986.0,90.96000000000001,9.039999999999992,1137.0,39.84000000000001,24.113150487487463,36.042292506695524,39.844557005817016,-1,PF(default),"[-0.9275578260421753, -0.1602950543165207, 0.3419817388057709]",0.40130862635511705,False,False,False,False,e51f623f-d39e-4663-a4fb-79d16e5096d3
2,congestion,38,49,continuous,0,eMBB,12.224,129880.0,15280.0,1154941.4,1154992.0,88.24,11.760000000000005,75.0,27.0,26.995020852766633,43.19433072104831,29.810648426185054,-1,PF(default),"[0.1315830796957016, 0.9404366612434387, 0.5984122157096863]",0.4005498191677022,False,False,False,False,e51f623f-d39e-4663-a4fb-79d16e5096d3
2,congestion,38,49,continuous,1,URLLC,1.248,1950.0,1560.0,169.0,169.0,20.0,80.0,5.0,43.19,26.995020852766633,43.19433072104831,29.810648426185054,-1,PF(default),"[0.1315830796957016, 0.9404366612434387, 0.5984122157096863]",0.4005498191677022,False,False,False,False,e51f623f-d39e-4663-a4fb-79d16e5096d3
2,congestion,38,49,continuous,2,MTC,10.240000000000002,160000.0,12800.0,774048.8,774109.0,92.0,8.0,1150.0,29.809999999999995,26.995020852766633,43.19433072104831,29.810648426185054,-1,PF(default),"[0.1315830796957016, 0.9404366612434387, 0.5984122157096863]",0.4005498191677022,False,False,False,False,e51f623f-d39e-4663-a4fb-79d16e5096d3
2,congestion,38,50,continuous,0,eMBB,6.112,122240.0,7640.0,1178110.8,1178165.0,93.75,6.25,75.0,34.44,34.437381125878744,43.52502484063708,22.037594033484183,-1,PF(default),"[0.21433690190315247, 0.4947560131549835, -0.4996875822544098]",0.40012518955511706,False,False,False,False,e51f623f-d39e-4663-a4fb-79d16e5096d3
2,congestion,38,50,continuous,1,URLLC,1.872,1950.0,2340.0,87.0,87.0,0.0,100.0,0.0,43.53,34.437381125878744,43.52502484063708,22.037594033484183,-1,PF(default),"[0.21433690190315247, 0.4947560131549835, -0.4996875822544098]",0.40012518955511706,False,False,False,False,e51f623f-d39e-4663-a4fb-79d16e5096d3
2,congestion,38,50,continuous,2,MTC,4.9152000000000005,160000.0,6144.0,789569.3,789629.0,96.16,3.8400000000000034,1202.0,22.039999999999996,34.437381125878744,43.52502484063708,22.037594033484183,-1,PF(default),"[0.21433690190315247, 0.4947560131549835, -0.4996875822544098]",0.40012518955511706,False,False,False,False,e51f623f-d39e-4663-a4fb-79d16e5096d3
2,congestion,38,51,continuous,0,eMBB,12.224,129880.0,15280.0,1194387.2,1194458.0,88.24,11.760000000000005,75.0,40.92,40.92341130925896,37.85363822779579,21.222950462945246,-1,PF(default),"[0.8777153491973877, 0.5711592435836792, -0.24571172893047333]",0.4032965303551171,False,False,False,False,e51f623f-d39e-4663-a4fb-79d16e5096d3
2,congestion,38,51,continuous,1,URLLC,1.56,1950.0,1950.0,87.0,87.0,0.0,100.0,0.0,37.85,40.92341130925896,37.85363822779579,21.222950462945246,-1,PF(default),"[0.8777153491973877, 0.5711592435836792, -0.24571172893047333]",0.4032965303551171,False,False,False,False,e51f623f-d39e-4663-a4fb-79d16e5096d3
2,congestion,38,51,continuous,2,MTC,7.475200000000001,160000.0,9344.0,800632.5,800702.0,94.16,5.840000000000003,1177.0,21.22,40.92341130925896,37.85363822779579,21.222950462945246,-1,PF(default),"[0.8777153491973877, 0.5711592435836792, -0.24571172893047333]",0.4032965303551171,False,False,False,False,e51f623f-d39e-4663-a4fb-79d16e5096d3
2,congestion,38,52,continuous,0,eMBB,6.112,129880.0,7640.0,1224006.8,1224091.0,94.12,5.8799999999999955,80.0,28.639999999999997,28.637595975969877,43.73552431175245,27.626879712277674,-1,PF(default),"[-0.8508906364440918, -0.16653816401958466, -0.6738194823265076]",0.40036187691511704,False,False,False,False,e51f623f-d39e-4663-a4fb-79d16e5096d3
2,congestion,38,52,continuous,1,URLLC,0.936,1950.0,1170.0,87.0,87.0,40.0,60.0,10.0,43.74,28.637595975969877,43.73552431175245,27.626879712277674,-1,PF(default),"[-0.8508906364440918, -0.16653816401958466, -0.6738194823265076]",0.40036187691511704,False,False,False,False,e51f623f-d39e-4663-a4fb-79d16e5096d3
2,congestion,38,52,continuous,2,MTC,6.2464,160000.0,7808.0,820886.7,820947.0,95.12000000000002,4.879999999999981,1189.0,27.630000000000003,28.637595975969877,43.73552431175245,27.626879712277674,-1,PF(default),"[-0.8508906364440918, -0.16653816401958466, -0.6738194823265076]",0.40036187691511704,False,False,False,False,e51f623f-d39e-4663-a4fb-79d16e5096d3
2,congestion,38,53,continuous,0,eMBB,12.224,122240.0,15280.0,1243004.6,1243054.0,87.5,12.5,70.0,42.17,42.17489297200656,35.797062606762076,22.028044421231364,-1,PF(default),"[0.1378876268863678, -0.34135469794273376, -0.9386554956436157]",0.4032965303551171,False,False,False,False,e51f623f-d39e-4663-a4fb-79d16e5096d3
2,congestion,38,53,continuous,1,URLLC,2.184,1950.0,2730.0,87.0,87.0,0.0,100.0,0.0,35.8,42.17489297200656,35.797062606762076,22.028044421231364,-1,PF(default),"[0.1378876268863678, -0.34135469794273376, -0.9386554956436157]",0.4032965303551171,False,False,False,False,e51f623f-d39e-4663-a4fb-79d16e5096d3
2,congestion,38,53,continuous,2,MTC,7.475200000000001,160000.0,9344.0,833346.6,833406.0,94.16,5.840000000000003,1177.0,22.03,42.17489297200656,35.797062606762076,22.028044421231364,-1,PF(default),"[0.1378876268863678, -0.34135469794273376, -0.9386554956436157]",0.4032965303551171,False,False,False,False,e51f623f-d39e-4663-a4fb-79d16e5096d3
2,congestion,38,54,continuous,0,eMBB,6.112,129880.0,7640.0,1271635.8,1271748.0,94.12,5.8799999999999955,80.0,24.33,24.333021719167796,37.65008025568416,38.016898025148045,-1,PF(default),"[-0.19576981663703918, 0.637911856174469, 0.9732416272163391]",0.3974330985277022,False,False,False,False,e51f623f-d39e-4663-a4fb-79d16e5096d3
2,congestion,38,54,continuous,1,URLLC,1.248,1950.0,1560.0,169.0,169.0,20.0,80.0,5.0,37.65,24.333021719167796,37.65008025568416,38.016898025148045,-1,PF(default),"[-0.19576981663703918, 0.637911856174469, 0.9732416272163391]",0.3974330985277022,False,False,False,False,e51f623f-d39e-4663-a4fb-79d16e5096d3
2,congestion,38,54,continuous,2,MTC,7.987200000000001,160000.0,9984.0,851939.5,852000.0,93.76000000000002,6.239999999999981,1172.0,38.019999999999996,24.333021719167796,37.65008025568416,38.016898025148045,-1,PF(default),"[-0.19576981663703918, 0.637911856174469, 0.9732416272163391]",0.3974330985277022,False,False,False,False,e51f623f-d39e-4663-a4fb-79d16e5096d3
2,congestion,38,55,continuous,0,eMBB,12.224,129880.0,15280.0,1291955.2,1292069.0,88.24,11.760000000000005,75.0,32.06,32.05876860128875,49.67766210126076,18.2635692974505,-1,PF(default),"[0.33401358127593994, 0.9904454350471497, -0.8049004673957825]",0.40324191019511707,False,False,False,False,e51f623f-d39e-4663-a4fb-79d16e5096d3
2,congestion,38,55,continuous,1,URLLC,1.872,1950.0,2340.0,87.0,87.0,0.0,100.0,0.0,49.68,32.05876860128875,49.67766210126076,18.2635692974505,-1,PF(default),"[0.33401358127593994, 0.9904454350471497, -0.8049004673957825]",0.40324191019511707,False,False,False,False,e51f623f-d39e-4663-a4fb-79d16e5096d3
2,congestion,38,55,continuous,2,MTC,7.168,160000.0,8960.0,865932.0,865995.0,94.39999999999999,5.6000000000000085,1180.0,18.259999999999998,32.05876860128875,49.67766210126076,18.2635692974505,-1,PF(default),"[0.33401358127593994, 0.9904454350471497, -0.8049004673957825]",0.40324191019511707,False,False,False,False,e51f623f-d39e-4663-a4fb-79d16e5096d3
2,congestion,38,56,continuous,0,eMBB,11.0016,122240.0,13752.0,1317490.2,1317591.0,88.75,11.25,71.0,33.62,33.61962174270167,36.62018336145552,29.76019489584281,-1,PF(default),"[0.4505615234375, 0.4306388795375824, 0.4188374876976013]",0.39964245020770217,False,False,False,False,e51f623f-d39e-4663-a4fb-79d16e5096d3
2,congestion,38,56,continuous,1,URLLC,1.248,1950.0,1560.0,169.0,169.0,20.0,80.0,5.0,36.62,33.61962174270167,36.62018336145552,29.76019489584281,-1,PF(default),"[0.4505615234375, 0.4306388795375824, 0.4188374876976013]",0.39964245020770217,False,False,False,False,e51f623f-d39e-4663-a4fb-79d16e5096d3
2,congestion,38,56,continuous,2,MTC,8.192000000000002,160000.0,10240.0,883174.2,883211.0,93.60000000000001,6.3999999999999915,1170.0,29.759999999999998,33.61962174270167,36.62018336145552,29.76019489584281,-1,PF(default),"[0.4505615234375, 0.4306388795375824, 0.4188374876976013]",0.39964245020770217,False,False,False,False,e51f623f-d39e-4663-a4fb-79d16e5096d3
2,congestion,38,57,continuous,0,eMBB,4.8896,129880.0,6112.0,1341364.0,1341447.0,95.296,4.7039999999999935,81.0,26.8,26.8006364517496,30.420776364814138,42.77858718343626,-1,PF(default),"[-0.3163040578365326, -0.28856009244918823, 0.7501145005226135]",0.40020098347511707,False,False,False,False,e51f623f-d39e-4663-a4fb-79d16e5096d3
2,congestion,38,57,continuous,1,URLLC,1.872,1950.0,2340.0,87.0,87.0,0.0,100.0,0.0,30.420000000000005,26.8006364517496,30.420776364814138,42.77858718343626,-1,PF(default),"[-0.3163040578365326, -0.28856009244918823, 0.7501145005226135]",0.40020098347511707,False,False,False,False,e51f623f-d39e-4663-a4fb-79d16e5096d3
2,congestion,38,57,continuous,2,MTC,8.3968,160000.0,10496.0,898027.9,898102.0,93.44000000000001,6.559999999999988,1168.0,42.779999999999994,26.8006364517496,30.420776364814138,42.77858718343626,-1,PF(default),"[-0.3163040578365326, -0.28856009244918823, 0.7501145005226135]",0.40020098347511707,False,False,False,False,e51f623f-d39e-4663-a4fb-79d16e5096d3
2,congestion,38,58,continuous,0,eMBB,8.5568,129880.0,10696.0,1356366.0,1356488.0,91.768,8.232,78.0,42.39,42.38993404487338,31.489049207965813,26.12101674716081,-1,PF(default),"[0.128385528922081, -0.6776808500289917, -0.5707230567932129]",0.4023040618751171,False,False,False,False,e51f623f-d39e-4663-a4fb-79d16e5096d3
2,congestion,38,58,continuous,1,URLLC,1.56,1950.0,1950.0,87.0,87.0,0.0,100.0,0.0,31.49,42.38993404487338,31.489049207965813,26.12101674716081,-1,PF(default),"[0.128385528922081, -0.6776808500289917, -0.5707230567932129]",0.4023040618751171,False,False,False,False,e51f623f-d39e-4663-a4fb-79d16e5096d3
2,congestion,38,58,continuous,2,MTC,11.059200000000002,160000.0,13824.0,908901.7,908992.0,91.36000000000001,8.639999999999986,1142.0,26.119999999999997,42.38993404487338,31.489049207965813,26.12101674716081,-1,PF(default),"[0.128385528922081, -0.6776808500289917, -0.5707230567932129]",0.4023040618751171,False,False,False,False,e51f623f-d39e-4663-a4fb-79d16e5096d3
2,congestion,38,59,continuous,0,eMBB,6.112,122240.0,7640.0,1387676.0,1387768.0,93.75,6.25,75.0,25.06,25.05571305887398,50.26175474512085,24.68253219600518,-1,PF(default),"[-0.6667200326919556, 0.6160391569137573, -0.36484524607658386]",0.40019801643511704,False,False,False,False,e51f623f-d39e-4663-a4fb-79d16e5096d3
2,congestion,38,59,continuous,1,URLLC,0.936,1950.0,1170.0,87.0,87.0,40.0,60.0,10.0,50.26,25.05571305887398,50.26175474512085,24.68253219600518,-1,PF(default),"[-0.6667200326919556, 0.6160391569137573, -0.36484524607658386]",0.40019801643511704,False,False,False,False,e51f623f-d39e-4663-a4fb-79d16e5096d3
2,congestion,38,59,continuous,2,MTC,5.3248,160000.0,6656.0,929208.2,929285.0,95.84,4.159999999999997,1198.0,24.680000000000003,25.05571305887398,50.26175474512085,24.68253219600518,-1,PF(default),"[-0.6667200326919556, 0.6160391569137573, -0.36484524607658386]",0.40019801643511704,False,False,False,False,e51f623f-d39e-4663-a4fb-79d16e5096d3
2,congestion,38,60,continuous,0,eMBB,12.224,129880.0,15280.0,1405820.6,1405972.0,88.24,11.760000000000005,75.0,28.079999999999995,28.084874115882375,29.76449142666715,42.15063445745047,-1,PF(default),"[0.04200124368071556, -0.11460145562887192, 0.9675641655921936]",0.40391555883511704,False,False,False,False,e51f623f-d39e-4663-a4fb-79d16e5096d3
2,congestion,38,60,continuous,1,URLLC,2.184,1950.0,2730.0,87.0,87.0,0.0,100.0,0.0,29.76,28.084874115882375,29.76449142666715,42.15063445745047,-1,PF(default),"[0.04200124368071556, -0.11460145562887192, 0.9675641655921936]",0.40391555883511704,False,False,False,False,e51f623f-d39e-4663-a4fb-79d16e5096d3
2,congestion,38,60,continuous,2,MTC,10.956800000000001,160000.0,13696.0,941239.3,941311.0,91.44000000000001,8.559999999999988,1143.0,42.14999999999999,28.084874115882375,29.76449142666715,42.15063445745047,-1,PF(default),"[0.04200124368071556, -0.11460145562887192, 0.9675641655921936]",0.40391555883511704,False,False,False,False,e51f623f-d39e-4663-a4fb-79d16e5096d3
2,congestion,38,61,continuous,0,eMBB,6.112,129880.0,7640.0,1434393.2,1434551.0,94.12,5.8799999999999955,80.0,28.329999999999995,28.331111880563032,48.247160822412546,23.421727297024425,-1,PF(default),"[-0.38672664761543274, 0.49757808446884155, -0.5321944355964661]",0.3971599977277022,False,False,False,False,e51f623f-d39e-4663-a4fb-79d16e5096d3
2,congestion,38,61,continuous,1,URLLC,1.248,1950.0,1560.0,169.0,169.0,20.0,80.0,5.0,48.25,28.331111880563032,48.247160822412546,23.421727297024425,-1,PF(default),"[-0.38672664761543274, 0.49757808446884155, -0.5321944355964661]",0.3971599977277022,False,False,False,False,e51f623f-d39e-4663-a4fb-79d16e5096d3
2,congestion,38,61,continuous,2,MTC,6.451199999999999,160000.0,8064.0,960094.7,960147.0,94.96000000000001,5.039999999999992,1187.0,23.420000000000005,28.331111880563032,48.247160822412546,23.421727297024425,-1,PF(default),"[-0.38672664761543274, 0.49757808446884155, -0.5321944355964661]",0.3971599977277022,False,False,False,False,e51f623f-d39e-4663-a4fb-79d16e5096d3
2,congestion,38,62,continuous,0,eMBB,6.112,122240.0,7640.0,1455494.6,1455629.0,93.75,6.25,75.0,22.72,22.724267764477688,30.58910539883258,46.68662683668974,-1,PF(default),"[-0.9213509559631348, -0.36311423778533936, 0.7841666340827942]",0.401162972595117,False,False,False,False,e51f623f-d39e-4663-a4fb-79d16e5096d3
2,congestion,38,62,continuous,1,URLLC,1.872,1950.0,2340.0,87.0,87.0,0.0,100.0,0.0,30.589999999999996,22.724267764477688,30.58910539883258,46.68662683668974,-1,PF(default),"[-0.9213509559631348, -0.36311423778533936, 0.7841666340827942]",0.401162972595117,False,False,False,False,e51f623f-d39e-4663-a4fb-79d16e5096d3
2,congestion,38,62,continuous,2,MTC,10.752000000000002,160000.0,13440.0,973395.6,973461.0,91.60000000000001,8.399999999999991,1145.0,46.69,22.724267764477688,30.58910539883258,46.68662683668974,-1,PF(default),"[-0.9213509559631348, -0.36311423778533936, 0.7841666340827942]",0.401162972595117,False,False,False,False,e51f623f-d39e-4663-a4fb-79d16e5096d3
2,congestion,38,63,continuous,0,eMBB,12.224,129880.0,15280.0,1482811.4,1482964.0,88.24,11.760000000000005,75.0,23.88,23.882752287400137,56.59009228905927,19.52715542354059,-1,PF(default),"[-0.7893083095550537, 0.8339256048202515, -0.9425686597824097]",0.40034954524770217,False,False,False,False,e51f623f-d39e-4663-a4fb-79d16e5096d3
2,congestion,38,63,continuous,1,URLLC,1.248,1950.0,1560.0,169.0,169.0,20.0,80.0,5.0,56.59000000000001,23.882752287400137,56.59009228905927,19.52715542354059,-1,PF(default),"[-0.7893083095550537, 0.8339256048202515, -0.9425686597824097]",0.40034954524770217,False,False,False,False,e51f623f-d39e-4663-a4fb-79d16e5096d3
2,congestion,38,63,continuous,2,MTC,9.1136,160000.0,11392.0,990639.6,990736.0,92.87999999999998,7.120000000000019,1161.0,19.53,23.882752287400137,56.59009228905927,19.52715542354059,-1,PF(default),"[-0.7893083095550537, 0.8339256048202515, -0.9425686597824097]",0.40034954524770217,False,False,False,False,e51f623f-d39e-4663-a4fb-79d16e5096d3
2,congestion,38,64,continuous,0,eMBB,6.112,129880.0,7640.0,1504120.2,1504210.0,94.12,5.8799999999999955,80.0,41.75,41.751170302160354,33.209100012880796,25.03972968495884,-1,PF(default),"[0.8193651437759399, 0.17795442044734955, 0.05704144015908241]",0.400143396275117,False,False,False,False,e51f623f-d39e-4663-a4fb-79d16e5096d3
2,congestion,38,64,continuous,1,URLLC,1.872,1950.0,2340.0,87.0,87.0,0.0,100.0,0.0,33.21,41.751170302160354,33.209100012880796,25.03972968495884,-1,PF(default),"[0.8193651437759399, 0.17795442044734955, 0.05704144015908241]",0.400143396275117,False,False,False,False,e51f623f-d39e-4663-a4fb-79d16e5096d3
2,congestion,38,64,continuous,2,MTC,5.0176,160000.0,6272.0,1006200.4,1006272.0,96.08,3.9200000000000017,1201.0,25.039999999999996,41.751170302160354,33.209100012880796,25.03972968495884,-1,PF(default),"[0.8193651437759399, 0.17795442044734955, 0.05704144015908241]",0.400143396275117,False,False,False,False,e51f623f-d39e-4663-a4fb-79d16e5096d3
2,congestion,38,65,continuous,0,eMBB,13.4464,122240.0,16808.0,1520220.0,1520305.0,86.25,13.75,69.0,47.27,47.27406812772268,31.53974422194889,21.186187650328435,-1,PF(default),"[0.48989370465278625, -0.48560550808906555, -0.8707377910614014]",0.40380335147511703,False,False,False,False,e51f623f-d39e-4663-a4fb-79d16e5096d3
2,congestion,38,65,continuous,1,URLLC,1.56,1950.0,1950.0,87.0,87.0,0.0,100.0,0.0,31.54,47.27406812772268,31.53974422194889,21.186187650328435,-1,PF(default),"[0.48989370465278625, -0.48560550808906555, -0.8707377910614014]",0.40380335147511703,False,False,False,False,e51f623f-d39e-4663-a4fb-79d16e5096d3
2,congestion,38,65,continuous,2,MTC,7.2704,160000.0,9088.0,1017292.5,1017387.0,94.32,5.680000000000007,1179.0,21.19,47.27406812772268,31.53974422194889,21.186187650328435,-1,PF(default),"[0.48989370465278625, -0.48560550808906555, -0.8707377910614014]",0.40380335147511703,False,False,False,False,e51f623f-d39e-4663-a4fb-79d16e5096d3
2,congestion,38,66,continuous,0,eMBB,11.0016,129880.0,13752.0,1550694.0,1550805.0,89.416,10.584000000000003,76.0,38.85,38.84570714728087,34.528983966335225,26.62530888638391,-1,PF(default),"[-0.3013802468776703, -0.7244575619697571, -0.8135679960250854]",0.4022981277951171,False,False,False,False,e51f623f-d39e-4663-a4fb-79d16e5096d3
2,congestion,38,66,continuous,1,URLLC,0.936,1950.0,1170.0,87.0,87.0,40.0,60.0,10.0,34.53,38.84570714728087,34.528983966335225,26.62530888638391,-1,PF(default),"[-0.3013802468776703, -0.7244575619697571, -0.8135679960250854]",0.4022981277951171,False,False,False,False,e51f623f-d39e-4663-a4fb-79d16e5096d3
2,congestion,38,66,continuous,2,MTC,4.9152000000000005,160000.0,6144.0,1037663.3,1037749.0,96.16,3.8400000000000034,1202.0,26.630000000000003,38.84570714728087,34.528983966335225,26.62530888638391,-1,PF(default),"[-0.3013802468776703, -0.7244575619697571, -0.8135679960250854]",0.4022981277951171,False,False,False,False,e51f623f-d39e-4663-a4fb-79d16e5096d3
2,congestion,38,67,continuous,0,eMBB,6.112,129880.0,7640.0,1568933.0,1569009.0,94.12,5.8799999999999955,80.0,22.73,22.733501958155763,42.02542759383361,35.241070448010625,-1,PF(default),"[-0.6413094401359558, 0.6477763652801514, 0.6423425674438477]",0.40105373227511704,False,False,False,False,e51f623f-d39e-4663-a4fb-79d16e5096d3
2,congestion,38,67,continuous,1,URLLC,2.184,1950.0,2730.0,87.0,87.0,0.0,100.0,0.0,42.03,22.733501958155763,42.02542759383361,35.241070448010625,-1,PF(default),"[-0.6413094401359558, 0.6477763652801514, 0.6423425674438477]",0.40105373227511704,False,False,False,False,e51f623f-d39e-4663-a4fb-79d16e5096d3
2,congestion,38,67,continuous,2,MTC,10.1376,160000.0,12672.0,1049821.4,1049892.0,92.08,7.920000000000002,1151.0,35.24,22.733501958155763,42.02542759383361,35.241070448010625,-1,PF(default),"[-0.6413094401359558, 0.6477763652801514, 0.6423425674438477]",0.40105373227511704,False,False,False,False,e51f623f-d39e-4663-a4fb-79d16e5096d3
2,congestion,38,68,continuous,0,eMBB,6.112,122240.0,7640.0,1597741.6,1597869.0,93.75,6.25,75.0,26.15,26.152350275209013,32.72952261686595,41.11812710792504,-1,PF(default),"[-0.40420040488243103, -0.11023585498332977, 0.6702691316604614]",0.39770619932770224,False,False,False,False,e51f623f-d39e-4663-a4fb-79d16e5096d3
2,congestion,38,68,continuous,1,URLLC,1.248,1950.0,1560.0,169.0,169.0,20.0,80.0,5.0,32.73,26.152350275209013,32.72952261686595,41.11812710792504,-1,PF(default),"[-0.40420040488243103, -0.11023585498332977, 0.6702691316604614]",0.39770619932770224,False,False,False,False,e51f623f-d39e-4663-a4fb-79d16e5096d3
2,congestion,38,68,continuous,2,MTC,9.5232,160000.0,11904.0,1068208.1,1068253.0,92.55999999999999,7.440000000000012,1157.0,41.12,26.152350275209013,32.72952261686595,41.11812710792504,-1,PF(default),"[-0.40420040488243103, -0.11023585498332977, 0.6702691316604614]",0.39770619932770224,False,False,False,False,e51f623f-d39e-4663-a4fb-79d16e5096d3
2,congestion,38,69,continuous,0,eMBB,8.556799999999999,129880.0,10696.0,1619039.2,1619145.0,91.768,8.232,78.0,22.29,22.290158475718616,28.243792627128972,49.46604889715242,-1,PF(default),"[-0.9271759390830994, -0.5449645519256592, 0.9327275156974792]",0.40254074923511707,False,False,False,False,e51f623f-d39e-4663-a4fb-79d16e5096d3
2,congestion,38,69,continuous,1,URLLC,1.872,1950.0,2340.0,87.0,87.0,0.0,100.0,0.0,28.24,22.290158475718616,28.243792627128972,49.46604889715242,-1,PF(default),"[-0.9271759390830994, -0.5449645519256592, 0.9327275156974792]",0.40254074923511707,False,False,False,False,e51f623f-d39e-4663-a4fb-79d16e5096d3
2,congestion,38,69,continuous,2,MTC,12.390399999999998,160000.0,15488.0,1081380.0,1081456.0,90.32,9.680000000000007,1129.0,49.470000000000006,22.290158475718616,28.243792627128972,49.46604889715242,-1,PF(default),"[-0.9271759390830994, -0.5449645519256592, 0.9327275156974792]",0.40254074923511707,False,False,False,False,e51f623f-d39e-4663-a4fb-79d16e5096d3
2,congestion,38,70,continuous,0,eMBB,9.7792,129880.0,12224.0,1644782.8,1644849.0,90.592,9.408000000000001,77.0,29.420000000000005,29.420122082992556,44.77323001713784,25.806647899869606,-1,PF(default),"[0.05692397058010101, 0.7207546830177307, 0.03444894775748253]",-0.3333,True,False,True,False,e51f623f-d39e-4663-a4fb-79d16e5096d3
2,congestion,38,70,continuous,1,URLLC,1.248,1950.0,1560.0,169.0,169.0,20.0,80.0,5.0,44.77,29.420122082992556,44.77323001713784,25.806647899869606,-1,PF(default),"[0.05692397058010101, 0.7207546830177307, 0.03444894775748253]",-0.3333,False,False,True,False,e51f623f-d39e-4663-a4fb-79d16e5096d3
2,congestion,38,70,continuous,2,MTC,9.830400000000001,160000.0,12288.0,1098515.8,1098595.0,92.32,7.680000000000007,1154.0,25.809999999999995,29.420122082992556,44.77323001713784,25.806647899869606,-1,PF(default),"[0.05692397058010101, 0.7207546830177307, 0.03444894775748253]",-0.3333,False,False,True,False,e51f623f-d39e-4663-a4fb-79d16e5096d3
