callId,timeMs,scenario,slot,bwpId,beamId,sliceId,configuredWeight,effectiveWeight,activeUes,hasActiveUe,hasDemand,totalRbg,budgetRbg,allocatedRbg,borrowedIn,borrowedOut,reserved,sliceCap,wastedRbg,cumulAllocRbg,cumulCalls,reason,rntis
1,502,greenran_low,0,0,65535_65535,0,0.4000,0.4000,4,1,1,266,160,160,54,0,0,160,106,160,1,FULL_ALLOC,"1;2;3;4"
1,502,greenran_low,0,0,65535_65535,1,0.1500,0.1500,0,0,0,266,0,0,0,40,0,60,106,0,1,NO_ACTIVE_UE,""
1,502,greenran_low,0,0,65535_65535,2,0.4500,0.4500,0,0,0,266,0,0,0,120,0,180,106,0,1,NO_ACTIVE_UE,""
132,602,greenran_low,0,0,65535_65535,0,0.4000,0.4000,3,1,1,266,160,160,54,0,0,160,106,19720,132,FULL_ALLOC,"2;3;5"
132,602,greenran_low,0,0,65535_65535,1,0.1500,0.1500,0,0,0,266,0,0,0,40,0,60,106,0,132,NO_ACTIVE_UE,""
132,602,greenran_low,0,0,65535_65535,2,0.4500,0.4500,0,0,0,266,0,0,0,120,0,180,106,5640,132,NO_ACTIVE_UE,""
273,702,greenran_low,0,0,65535_65535,0,0.4766,0.4766,1,1,1,266,174,174,47,0,0,191,0,41495,273,FULL_ALLOC,"1"
273,702,greenran_low,0,0,65535_65535,1,0.2723,0.2723,0,0,0,266,0,0,0,72,0,109,0,0,273,NO_ACTIVE_UE,""
273,702,greenran_low,0,0,65535_65535,2,0.2512,0.2512,2,1,1,266,92,92,25,0,0,101,0,9349,273,FULL_ALLOC,"24;22"
403,802,greenran_low,0,0,65535_65535,0,0.2403,0.2403,2,1,1,266,96,96,32,0,0,96,170,65401,403,FULL_ALLOC,"2;3"
403,802,greenran_low,0,0,65535_65535,1,0.5114,0.5114,0,0,0,266,0,0,0,136,0,205,170,0,403,NO_ACTIVE_UE,""
403,802,greenran_low,0,0,65535_65535,2,0.2482,0.2482,0,0,0,266,0,0,0,66,0,100,170,12393,403,NO_ACTIVE_UE,""
536,902,greenran_low,0,0,65535_65535,0,0.3636,0.3636,3,1,1,266,146,146,49,0,0,146,36,78319,536,FULL_ALLOC,"1;2;5"
536,902,greenran_low,0,0,65535_65535,1,0.4283,0.4283,0,0,0,266,0,0,0,114,0,171,36,0,536,NO_ACTIVE_UE,""
536,902,greenran_low,0,0,65535_65535,2,0.2082,0.2082,2,1,1,266,84,84,29,0,0,84,36,13961,536,FULL_ALLOC,"24;20"
674,1002,greenran_low,0,0,65535_65535,0,0.2790,0.2790,3,1,1,266,112,112,38,0,0,112,54,98195,674,FULL_ALLOC,"2;3;5"
674,1002,greenran_low,0,0,65535_65535,1,0.4713,0.4713,0,0,0,266,0,0,0,125,0,189,54,144,674,NO_ACTIVE_UE,""
674,1002,greenran_low,0,0,65535_65535,2,0.2496,0.2496,3,1,1,266,100,100,33,0,0,100,54,15993,674,FULL_ALLOC,"24;22;20"
801,1102,greenran_low,0,0,65535_65535,0,0.3237,0.3237,2,1,1,266,130,130,44,0,0,130,12,112440,801,FULL_ALLOC,"1;2"
801,1102,greenran_low,0,0,65535_65535,1,0.3667,0.3667,0,0,0,266,0,0,0,98,0,147,12,436,801,NO_ACTIVE_UE,""
801,1102,greenran_low,0,0,65535_65535,2,0.3096,0.3096,1,1,1,266,124,124,42,0,0,124,12,18408,801,FULL_ALLOC,"24"
926,1203,greenran_low,0,0,65535_65535,0,0.2504,0.2504,3,1,1,266,100,100,33,0,0,100,166,128540,926,FULL_ALLOC,"1;2;3"
926,1203,greenran_low,0,0,65535_65535,1,0.4515,0.4515,0,0,0,266,0,0,0,120,0,181,166,1146,926,NO_ACTIVE_UE,""
926,1203,greenran_low,0,0,65535_65535,2,0.2981,0.2981,0,0,0,266,0,0,0,79,0,119,166,20134,926,NO_ACTIVE_UE,""
1046,1303,greenran_low,0,0,65535_65535,0,0.3289,0.3289,3,1,1,266,132,132,44,0,0,132,134,140634,1046,FULL_ALLOC,"2;3;5"
1046,1303,greenran_low,0,0,65535_65535,1,0.3273,0.3273,0,0,0,266,0,0,0,87,0,131,134,1266,1046,NO_ACTIVE_UE,""
1046,1303,greenran_low,0,0,65535_65535,2,0.3438,0.3438,0,0,0,266,0,0,0,91,0,138,134,21062,1046,NO_ACTIVE_UE,""
1179,1403,greenran_low,0,0,65535_65535,0,0.4366,0.4366,3,1,1,266,175,175,59,0,0,175,91,158444,1179,FULL_ALLOC,"1;2;3"
1179,1403,greenran_low,0,0,65535_65535,1,0.3435,0.3435,0,0,0,266,0,0,0,91,0,138,91,2183,1179,NO_ACTIVE_UE,""
1179,1403,greenran_low,0,0,65535_65535,2,0.2199,0.2199,0,0,0,266,0,0,0,59,0,88,91,21690,1179,NO_ACTIVE_UE,""
1318,1503,greenran_low,0,0,65535_65535,0,0.3970,0.3970,2,1,1,266,159,159,54,0,0,159,107,182533,1318,FULL_ALLOC,"2;3"
1318,1503,greenran_low,0,0,65535_65535,1,0.4312,0.4312,0,0,0,266,0,0,0,115,0,173,107,2885,1318,NO_ACTIVE_UE,""
1318,1503,greenran_low,0,0,65535_65535,2,0.1718,0.1718,0,0,0,266,0,0,0,46,0,69,107,22111,1318,NO_ACTIVE_UE,""
1439,1603,greenran_low,0,0,65535_65535,0,0.2754,0.2754,2,1,1,266,110,110,37,0,0,110,156,201573,1439,FULL_ALLOC,"2;3"
1439,1603,greenran_low,0,0,65535_65535,1,0.3204,0.3204,0,0,0,266,0,0,0,85,0,128,156,2885,1439,NO_ACTIVE_UE,""
1439,1603,greenran_low,0,0,65535_65535,2,0.4043,0.4043,0,0,0,266,0,0,0,108,0,162,156,22546,1439,NO_ACTIVE_UE,""
1568,1703,greenran_low,0,0,65535_65535,0,0.2937,0.2937,3,1,1,266,118,118,40,0,0,118,148,215782,1568,FULL_ALLOC,"2;3;5"
1568,1703,greenran_low,0,0,65535_65535,1,0.3246,0.3246,0,0,0,266,0,0,0,86,0,130,148,2885,1568,NO_ACTIVE_UE,""
1568,1703,greenran_low,0,0,65535_65535,2,0.3817,0.3817,0,0,0,266,0,0,0,102,0,153,148,23651,1568,NO_ACTIVE_UE,""
1679,1803,greenran_low,0,0,65535_65535,0,0.3624,0.3624,4,1,1,266,145,145,49,0,0,145,121,228949,1679,FULL_ALLOC,"1;2;3;5"
1679,1803,greenran_low,0,0,65535_65535,1,0.4326,0.4326,0,0,0,266,0,0,0,115,0,173,121,2885,1679,NO_ACTIVE_UE,""
1679,1803,greenran_low,0,0,65535_65535,2,0.2050,0.2050,0,0,0,266,0,0,0,55,0,82,121,24337,1679,NO_ACTIVE_UE,""
1805,1903,greenran_low,0,0,65535_65535,0,0.2778,0.2778,2,1,1,266,111,111,37,0,0,111,155,247083,1805,FULL_ALLOC,"2;3"
1805,1903,greenran_low,0,0,65535_65535,1,0.5001,0.5001,0,0,0,266,0,0,0,133,0,200,155,2885,1805,NO_ACTIVE_UE,""
1805,1903,greenran_low,0,0,65535_65535,2,0.2221,0.2221,0,0,0,266,0,0,0,59,0,89,155,24918,1805,NO_ACTIVE_UE,""
1931,2003,greenran_low,0,0,65535_65535,0,0.2490,0.2490,3,1,1,266,100,100,34,0,0,100,166,261000,1931,FULL_ALLOC,"1;2;3"
1931,2003,greenran_low,0,0,65535_65535,1,0.3178,0.3178,0,0,0,266,0,0,0,85,0,127,166,2885,1931,NO_ACTIVE_UE,""
1931,2003,greenran_low,0,0,65535_65535,2,0.4332,0.4332,0,0,0,266,0,0,0,115,0,173,166,25621,1931,NO_ACTIVE_UE,""
2055,2103,greenran_low,0,0,65535_65535,0,0.2585,0.2585,2,1,1,266,104,104,35,0,0,104,162,273396,2055,FULL_ALLOC,"2;3"
2055,2103,greenran_low,0,0,65535_65535,1,0.5536,0.5536,0,0,0,266,0,0,0,147,0,221,162,2885,2055,NO_ACTIVE_UE,""
2055,2103,greenran_low,0,0,65535_65535,2,0.1879,0.1879,0,0,0,266,0,0,0,50,0,75,162,27048,2055,NO_ACTIVE_UE,""
2179,2203,greenran_low,0,0,65535_65535,0,0.3949,0.3949,3,1,1,266,158,158,53,0,0,158,108,286599,2179,FULL_ALLOC,"1;2;3"
2179,2203,greenran_low,0,0,65535_65535,1,0.2574,0.2574,0,0,0,266,0,0,0,68,0,103,108,2885,2179,NO_ACTIVE_UE,""
2179,2203,greenran_low,0,0,65535_65535,2,0.3477,0.3477,0,0,0,266,0,0,0,93,0,139,108,27473,2179,NO_ACTIVE_UE,""
2296,2303,greenran_low,0,0,65535_65535,0,0.2662,0.2662,2,1,1,266,107,107,36,0,0,107,159,304745,2296,FULL_ALLOC,"2;3"
2296,2303,greenran_low,0,0,65535_65535,1,0.4683,0.4683,0,0,0,266,0,0,0,124,0,187,159,2885,2296,NO_ACTIVE_UE,""
2296,2303,greenran_low,0,0,65535_65535,2,0.2655,0.2655,0,0,0,266,0,0,0,71,0,106,159,28579,2296,NO_ACTIVE_UE,""
2426,2403,greenran_low,0,0,65535_65535,0,0.2145,0.2145,3,1,1,266,86,86,29,0,0,86,180,318571,2426,FULL_ALLOC,"1;2;3"
2426,2403,greenran_low,0,0,65535_65535,1,0.4305,0.4305,0,0,0,266,0,0,0,115,0,172,180,2885,2426,NO_ACTIVE_UE,""
2426,2403,greenran_low,0,0,65535_65535,2,0.3550,0.3550,0,0,0,266,0,0,0,94,0,142,180,29569,2426,NO_ACTIVE_UE,""
2542,2503,greenran_low,0,0,65535_65535,0,0.3762,0.3762,2,1,1,266,151,151,51,0,0,151,115,328790,2542,FULL_ALLOC,"1;3"
2542,2503,greenran_low,0,0,65535_65535,1,0.2525,0.2525,0,0,0,266,0,0,0,67,0,101,115,2885,2542,NO_ACTIVE_UE,""
2542,2503,greenran_low,0,0,65535_65535,2,0.3713,0.3713,0,0,0,266,0,0,0,99,0,149,115,30553,2542,NO_ACTIVE_UE,""
2678,2603,greenran_low,0,0,65535_65535,0,0.3681,0.3681,2,1,1,266,147,147,49,0,0,147,119,349242,2678,FULL_ALLOC,"2;3"
2678,2603,greenran_low,0,0,65535_65535,1,0.4223,0.4223,0,0,0,266,0,0,0,112,0,169,119,2885,2678,NO_ACTIVE_UE,""
2678,2603,greenran_low,0,0,65535_65535,2,0.2096,0.2096,0,0,0,266,0,0,0,56,0,84,119,31165,2678,NO_ACTIVE_UE,""
2792,2703,greenran_low,0,0,65535_65535,0,0.3376,0.3376,2,1,1,266,135,135,45,0,0,135,131,365952,2792,FULL_ALLOC,"2;3"
2792,2703,greenran_low,0,0,65535_65535,1,0.3676,0.3676,0,0,0,266,0,0,0,98,0,147,131,2885,2792,NO_ACTIVE_UE,""
2792,2703,greenran_low,0,0,65535_65535,2,0.2948,0.2948,0,0,0,266,0,0,0,78,0,118,131,32493,2792,NO_ACTIVE_UE,""
2920,2803,greenran_low,0,0,65535_65535,0,0.3265,0.3265,3,1,1,266,131,131,44,0,0,131,135,383212,2920,FULL_ALLOC,"1;2;3"
2920,2803,greenran_low,0,0,65535_65535,1,0.3483,0.3483,0,0,0,266,0,0,0,93,0,139,135,2885,2920,NO_ACTIVE_UE,""
2920,2803,greenran_low,0,0,65535_65535,2,0.3252,0.3252,0,0,0,266,0,0,0,86,0,130,135,33331,2920,NO_ACTIVE_UE,""
3040,2903,greenran_low,0,0,65535_65535,0,0.4575,0.4575,2,1,1,266,183,183,61,0,0,183,83,399134,3040,FULL_ALLOC,"2;3"
3040,2903,greenran_low,0,0,65535_65535,1,0.3133,0.3133,0,0,0,266,0,0,0,83,0,126,83,2885,3040,NO_ACTIVE_UE,""
3040,2903,greenran_low,0,0,65535_65535,2,0.2292,0.2292,0,0,0,266,0,0,0,61,0,92,83,34460,3040,NO_ACTIVE_UE,""
3161,3003,greenran_low,0,0,65535_65535,0,0.2780,0.2780,3,1,1,266,111,111,37,0,0,111,155,420850,3161,FULL_ALLOC,"1;2;3"
3161,3003,greenran_low,0,0,65535_65535,1,0.3725,0.3725,0,0,0,266,0,0,0,99,0,149,155,3641,3161,NO_ACTIVE_UE,""
3161,3003,greenran_low,0,0,65535_65535,2,0.3495,0.3495,0,0,0,266,0,0,0,93,0,140,155,35134,3161,NO_ACTIVE_UE,""
3290,3103,greenran_low,0,0,65535_65535,0,0.4624,0.4624,2,1,1,266,185,185,62,0,0,185,81,435535,3290,FULL_ALLOC,"1;2"
3290,3103,greenran_low,0,0,65535_65535,1,0.3208,0.3208,0,0,0,266,0,0,0,85,0,129,81,4088,3290,NO_ACTIVE_UE,""
3290,3103,greenran_low,0,0,65535_65535,2,0.2168,0.2168,0,0,0,266,0,0,0,58,0,87,81,36059,3290,NO_ACTIVE_UE,""
3412,3203,greenran_low,0,0,65535_65535,0,0.3415,0.3415,3,1,1,266,137,137,46,0,0,137,129,457785,3412,FULL_ALLOC,"1;2;3"
3412,3203,greenran_low,0,0,65535_65535,1,0.4048,0.4048,0,0,0,266,0,0,0,108,0,162,129,4524,3412,NO_ACTIVE_UE,""
3412,3203,greenran_low,0,0,65535_65535,2,0.2537,0.2537,0,0,0,266,0,0,0,67,0,102,129,36501,3412,NO_ACTIVE_UE,""
3539,3303,greenran_low,0,0,65535_65535,0,0.4352,0.4352,2,1,1,266,174,174,58,0,0,174,92,475303,3539,FULL_ALLOC,"1;3"
3539,3303,greenran_low,0,0,65535_65535,1,0.2503,0.2503,0,0,0,266,0,0,0,66,0,100,92,4632,3539,NO_ACTIVE_UE,""
3539,3303,greenran_low,0,0,65535_65535,2,0.3145,0.3145,0,0,0,266,0,0,0,84,0,126,92,37394,3539,NO_ACTIVE_UE,""
3658,3403,greenran_low,0,0,65535_65535,0,0.2739,0.2739,3,1,1,266,110,110,37,0,0,110,156,495613,3658,FULL_ALLOC,"1;2;3"
3658,3403,greenran_low,0,0,65535_65535,1,0.4023,0.4023,0,0,0,266,0,0,0,107,0,161,156,5020,3658,NO_ACTIVE_UE,""
3658,3403,greenran_low,0,0,65535_65535,2,0.3238,0.3238,0,0,0,266,0,0,0,86,0,130,156,38196,3658,NO_ACTIVE_UE,""
3784,3503,greenran_low,0,0,65535_65535,0,0.3343,0.3343,2,1,1,266,134,134,45,0,0,134,132,509591,3784,FULL_ALLOC,"1;3"
3784,3503,greenran_low,0,0,65535_65535,1,0.4039,0.4039,0,0,0,266,0,0,0,107,0,162,132,5178,3784,NO_ACTIVE_UE,""
3784,3503,greenran_low,0,0,65535_65535,2,0.2619,0.2619,0,0,0,266,0,0,0,70,0,105,132,39341,3784,NO_ACTIVE_UE,""
3915,3603,greenran_low,0,0,65535_65535,0,0.3931,0.3931,2,1,1,266,157,157,52,0,0,157,109,527226,3915,FULL_ALLOC,"1;3"
3915,3603,greenran_low,0,0,65535_65535,1,0.2816,0.2816,0,0,0,266,0,0,0,75,0,113,109,5178,3915,NO_ACTIVE_UE,""
3915,3603,greenran_low,0,0,65535_65535,2,0.3253,0.3253,0,0,0,266,0,0,0,86,0,130,109,40091,3915,NO_ACTIVE_UE,""
4025,3703,greenran_low,0,0,65535_65535,0,0.3319,0.3319,2,1,1,266,133,133,45,0,0,133,133,544312,4025,FULL_ALLOC,"2;3"
4025,3703,greenran_low,0,0,65535_65535,1,0.3823,0.3823,0,0,0,266,0,0,0,102,0,153,133,5178,4025,NO_ACTIVE_UE,""
4025,3703,greenran_low,0,0,65535_65535,2,0.2858,0.2858,0,0,0,266,0,0,0,76,0,115,133,41166,4025,NO_ACTIVE_UE,""
4136,3803,greenran_low,0,0,65535_65535,0,0.3433,0.3433,3,1,1,266,137,137,46,0,0,137,129,559087,4136,FULL_ALLOC,"1;2;3"
4136,3803,greenran_low,0,0,65535_65535,1,0.3483,0.3483,0,0,0,266,0,0,0,93,0,139,129,5178,4136,NO_ACTIVE_UE,""
4136,3803,greenran_low,0,0,65535_65535,2,0.3084,0.3084,0,0,0,266,0,0,0,82,0,124,129,41980,4136,NO_ACTIVE_UE,""
4257,3903,greenran_low,0,0,65535_65535,0,0.3634,0.3634,2,1,1,266,146,146,49,0,0,146,120,575700,4257,FULL_ALLOC,"2;3"
4257,3903,greenran_low,0,0,65535_65535,1,0.3904,0.3904,0,0,0,266,0,0,0,104,0,156,120,5178,4257,NO_ACTIVE_UE,""
4257,3903,greenran_low,0,0,65535_65535,2,0.2462,0.2462,0,0,0,266,0,0,0,65,0,99,120,43319,4257,NO_ACTIVE_UE,""
4373,4003,greenran_low,0,0,65535_65535,0,0.3236,0.3236,3,1,1,266,130,130,44,0,0,130,136,592586,4373,FULL_ALLOC,"1;2;3"
4373,4003,greenran_low,0,0,65535_65535,1,0.3273,0.3273,0,0,0,266,0,0,0,87,0,131,136,5178,4373,NO_ACTIVE_UE,""
4373,4003,greenran_low,0,0,65535_65535,2,0.3491,0.3491,0,0,0,266,0,0,0,93,0,140,136,43853,4373,NO_ACTIVE_UE,""
4488,4103,greenran_low,0,0,65535_65535,0,0.3929,0.3929,2,1,1,266,157,157,53,0,0,157,109,607626,4488,FULL_ALLOC,"2;3"
4488,4103,greenran_low,0,0,65535_65535,1,0.3076,0.3076,0,0,0,266,0,0,0,82,0,123,109,5178,4488,NO_ACTIVE_UE,""
4488,4103,greenran_low,0,0,65535_65535,2,0.2996,0.2996,0,0,0,266,0,0,0,80,0,120,109,44796,4488,NO_ACTIVE_UE,""
4603,4203,greenran_low,0,0,65535_65535,0,0.2576,0.2576,3,1,1,266,103,103,35,0,0,103,163,625417,4603,FULL_ALLOC,"1;2;3"
4603,4203,greenran_low,0,0,65535_65535,1,0.4422,0.4422,0,0,0,266,0,0,0,118,0,177,163,5178,4603,NO_ACTIVE_UE,""
4603,4203,greenran_low,0,0,65535_65535,2,0.3002,0.3002,0,0,0,266,0,0,0,80,0,120,163,45836,4603,NO_ACTIVE_UE,""
4725,4303,greenran_low,0,0,65535_65535,0,0.3759,0.3759,2,1,1,266,150,150,50,0,0,150,116,638218,4725,FULL_ALLOC,"2;3"
4725,4303,greenran_low,0,0,65535_65535,1,0.3640,0.3640,0,0,0,266,0,0,0,97,0,146,116,5178,4725,NO_ACTIVE_UE,""
4725,4303,greenran_low,0,0,65535_65535,2,0.2601,0.2601,0,0,0,266,0,0,0,69,0,104,116,46420,4725,NO_ACTIVE_UE,""
4850,4403,greenran_low,0,0,65535_65535,0,0.3834,0.3834,3,1,1,266,153,153,51,0,0,153,113,656964,4850,FULL_ALLOC,"1;2;3"
4850,4403,greenran_low,0,0,65535_65535,1,0.2720,0.2720,0,0,0,266,0,0,0,72,0,109,113,5178,4850,NO_ACTIVE_UE,""
4850,4403,greenran_low,0,0,65535_65535,2,0.3446,0.3446,0,0,0,266,0,0,0,92,0,138,113,46962,4850,NO_ACTIVE_UE,""
4975,4503,greenran_low,0,0,65535_65535,0,0.3169,0.3169,2,1,1,266,127,127,43,0,0,127,139,675907,4975,FULL_ALLOC,"2;3"
4975,4503,greenran_low,0,0,65535_65535,1,0.3371,0.3371,0,0,0,266,0,0,0,90,0,135,139,5178,4975,NO_ACTIVE_UE,""
4975,4503,greenran_low,0,0,65535_65535,2,0.3460,0.3460,0,0,0,266,0,0,0,92,0,139,139,47857,4975,NO_ACTIVE_UE,""
5077,4603,greenran_low,0,0,65535_65535,0,0.3644,0.3644,3,1,1,266,146,146,49,0,0,146,120,688918,5077,FULL_ALLOC,"1;2;3"
5077,4603,greenran_low,0,0,65535_65535,1,0.4149,0.4149,0,0,0,266,0,0,0,110,0,166,120,5178,5077,NO_ACTIVE_UE,""
5077,4603,greenran_low,0,0,65535_65535,2,0.2207,0.2207,0,0,0,266,0,0,0,59,0,89,120,48502,5077,NO_ACTIVE_UE,""
5198,4703,greenran_low,0,0,65535_65535,0,0.4895,0.4895,2,1,1,266,196,196,66,0,0,196,70,706823,5198,FULL_ALLOC,"1;3"
5198,4703,greenran_low,0,0,65535_65535,1,0.2956,0.2956,0,0,0,266,0,0,0,79,0,118,70,5178,5198,NO_ACTIVE_UE,""
5198,4703,greenran_low,0,0,65535_65535,2,0.2149,0.2149,0,0,0,266,0,0,0,57,0,86,70,49117,5198,NO_ACTIVE_UE,""
5319,4803,greenran_low,0,0,65535_65535,0,0.3634,0.3634,3,1,1,266,146,146,49,0,0,146,120,730388,5319,FULL_ALLOC,"1;2;3"
5319,4803,greenran_low,0,0,65535_65535,1,0.3019,0.3019,0,0,0,266,0,0,0,80,0,121,120,5178,5319,NO_ACTIVE_UE,""
5319,4803,greenran_low,0,0,65535_65535,2,0.3347,0.3347,0,0,0,266,0,0,0,89,0,134,120,49568,5319,NO_ACTIVE_UE,""
5433,4903,greenran_low,0,0,65535_65535,0,0.3427,0.3427,2,1,1,266,137,137,46,0,0,137,129,746968,5433,FULL_ALLOC,"2;3"
5433,4903,greenran_low,0,0,65535_65535,1,0.4145,0.4145,0,0,0,266,0,0,0,110,0,166,129,5178,5433,NO_ACTIVE_UE,""
5433,4903,greenran_low,0,0,65535_65535,2,0.2429,0.2429,0,0,0,266,0,0,0,65,0,97,129,50173,5433,NO_ACTIVE_UE,""
5562,5003,greenran_low,0,0,65535_65535,0,0.3855,0.3855,2,1,1,266,154,154,52,0,0,154,112,764692,5562,FULL_ALLOC,"2;3"
5562,5003,greenran_low,0,0,65535_65535,1,0.3855,0.3855,0,0,0,266,0,0,0,103,0,154,112,5324,5562,NO_ACTIVE_UE,""
5562,5003,greenran_low,0,0,65535_65535,2,0.2290,0.2290,0,0,0,266,0,0,0,61,0,92,112,50847,5562,NO_ACTIVE_UE,""
5692,5103,greenran_low,0,0,65535_65535,0,0.3875,0.3875,2,1,1,266,155,155,52,0,0,155,111,784639,5692,FULL_ALLOC,"2;3"
5692,5103,greenran_low,0,0,65535_65535,1,0.2871,0.2871,0,0,0,266,0,0,0,76,0,115,111,5726,5692,NO_ACTIVE_UE,""
5692,5103,greenran_low,0,0,65535_65535,2,0.3253,0.3253,0,0,0,266,0,0,0,87,0,130,111,51705,5692,NO_ACTIVE_UE,""
5799,5203,greenran_low,0,0,65535_65535,0,0.3274,0.3274,3,1,1,266,131,131,44,0,0,131,135,801090,5799,FULL_ALLOC,"1;2;3"
5799,5203,greenran_low,0,0,65535_65535,1,0.2583,0.2583,0,0,0,266,0,0,0,69,0,104,135,5952,5799,NO_ACTIVE_UE,""
5799,5203,greenran_low,0,0,65535_65535,2,0.4142,0.4142,0,0,0,266,0,0,0,110,0,166,135,52342,5799,NO_ACTIVE_UE,""
5913,5303,greenran_low,0,0,65535_65535,0,0.4178,0.4178,2,1,1,266,167,167,56,0,0,167,99,816113,5913,FULL_ALLOC,"1;3"
5913,5303,greenran_low,0,0,65535_65535,1,0.3029,0.3029,0,0,0,266,0,0,0,81,0,121,99,5952,5913,NO_ACTIVE_UE,""
5913,5303,greenran_low,0,0,65535_65535,2,0.2793,0.2793,0,0,0,266,0,0,0,74,0,112,99,53342,5913,NO_ACTIVE_UE,""
6025,5403,greenran_low,0,0,65535_65535,0,0.3150,0.3150,3,1,1,266,124,124,40,0,0,126,0,834463,6025,FULL_ALLOC,"1;2;3"
6025,5403,greenran_low,0,0,65535_65535,1,0.3601,0.3601,1,1,1,266,142,142,46,0,0,144,0,6766,6025,FULL_ALLOC,"12"
6025,5403,greenran_low,0,0,65535_65535,2,0.3249,0.3249,0,0,0,266,0,0,0,86,0,130,0,53896,6025,NO_ACTIVE_UE,""
6120,5503,greenran_low,0,0,65535_65535,0,0.3754,0.3754,2,1,1,266,150,150,50,0,0,150,116,846519,6120,FULL_ALLOC,"2;3"
6120,5503,greenran_low,0,0,65535_65535,1,0.3633,0.3633,0,0,0,266,0,0,0,97,0,145,116,7476,6120,NO_ACTIVE_UE,""
6120,5503,greenran_low,0,0,65535_65535,2,0.2614,0.2614,0,0,0,266,0,0,0,69,0,105,116,54781,6120,NO_ACTIVE_UE,""
6251,5603,greenran_low,0,0,65535_65535,0,0.4558,0.4558,3,1,1,266,182,182,61,0,0,182,84,866297,6251,FULL_ALLOC,"1;2;3"
6251,5603,greenran_low,0,0,65535_65535,1,0.3452,0.3452,0,0,0,266,0,0,0,92,0,138,84,7476,6251,NO_ACTIVE_UE,""
6251,5603,greenran_low,0,0,65535_65535,2,0.1990,0.1990,0,0,0,266,0,0,0,53,0,80,84,55281,6251,NO_ACTIVE_UE,""
6364,5703,greenran_low,0,0,65535_65535,0,0.4459,0.4459,3,1,1,266,178,178,60,0,0,178,88,886842,6364,FULL_ALLOC,"1;2;3"
6364,5703,greenran_low,0,0,65535_65535,1,0.3297,0.3297,0,0,0,266,0,0,0,88,0,132,88,7476,6364,NO_ACTIVE_UE,""
6364,5703,greenran_low,0,0,65535_65535,2,0.2244,0.2244,0,0,0,266,0,0,0,60,0,90,88,55850,6364,NO_ACTIVE_UE,""
6481,5803,greenran_low,0,0,65535_65535,0,0.3169,0.3169,3,1,1,266,127,127,43,0,0,127,139,907460,6481,FULL_ALLOC,"1;2;3"
6481,5803,greenran_low,0,0,65535_65535,1,0.4658,0.4658,0,0,0,266,0,0,0,124,0,186,139,7476,6481,NO_ACTIVE_UE,""
6481,5803,greenran_low,0,0,65535_65535,2,0.2173,0.2173,0,0,0,266,0,0,0,58,0,87,139,56293,6481,NO_ACTIVE_UE,""
6586,5903,greenran_low,0,0,65535_65535,0,0.4062,0.4062,2,1,1,266,163,163,55,0,0,163,103,920928,6586,FULL_ALLOC,"2;3"
6586,5903,greenran_low,0,0,65535_65535,1,0.2904,0.2904,0,0,0,266,0,0,0,77,0,116,103,7476,6586,NO_ACTIVE_UE,""
6586,5903,greenran_low,0,0,65535_65535,2,0.3034,0.3034,0,0,0,266,0,0,0,81,0,122,103,56929,6586,NO_ACTIVE_UE,""
6707,6003,greenran_low,0,0,65535_65535,0,0.2603,0.2603,3,1,1,266,104,104,35,0,0,104,162,940371,6707,FULL_ALLOC,"1;2;3"
6707,6003,greenran_low,0,0,65535_65535,1,0.3340,0.3340,0,0,0,266,0,0,0,89,0,134,162,7476,6707,NO_ACTIVE_UE,""
6707,6003,greenran_low,0,0,65535_65535,2,0.4057,0.4057,0,0,0,266,0,0,0,108,0,162,162,57547,6707,NO_ACTIVE_UE,""
6834,6103,greenran_low,0,0,65535_65535,0,0.2918,0.2918,2,1,1,266,117,117,39,0,0,117,149,953631,6834,FULL_ALLOC,"2;3"
6834,6103,greenran_low,0,0,65535_65535,1,0.3620,0.3620,0,0,0,266,0,0,0,96,0,145,149,7476,6834,NO_ACTIVE_UE,""
6834,6103,greenran_low,0,0,65535_65535,2,0.3462,0.3462,0,0,0,266,0,0,0,92,0,139,149,58658,6834,NO_ACTIVE_UE,""
6932,6203,greenran_low,0,0,65535_65535,0,0.2497,0.2497,3,1,1,266,100,100,34,0,0,100,166,965011,6932,FULL_ALLOC,"1;2;3"
6932,6203,greenran_low,0,0,65535_65535,1,0.3305,0.3305,0,0,0,266,0,0,0,88,0,132,166,7476,6932,NO_ACTIVE_UE,""
6932,6203,greenran_low,0,0,65535_65535,2,0.4198,0.4198,0,0,0,266,0,0,0,112,0,168,166,59381,6932,NO_ACTIVE_UE,""
7056,6303,greenran_low,0,0,65535_65535,0,0.3928,0.3928,2,1,1,266,157,157,52,0,0,157,109,977631,7056,FULL_ALLOC,"2;3"
7056,6303,greenran_low,0,0,65535_65535,1,0.4183,0.4183,0,0,0,266,0,0,0,111,0,167,109,7476,7056,NO_ACTIVE_UE,""
7056,6303,greenran_low,0,0,65535_65535,2,0.1889,0.1889,0,0,0,266,0,0,0,50,0,76,109,60793,7056,NO_ACTIVE_UE,""
7170,6403,greenran_low,0,0,65535_65535,0,0.3259,0.3259,3,1,1,266,131,131,44,0,0,131,135,995451,7170,FULL_ALLOC,"1;2;3"
7170,6403,greenran_low,0,0,65535_65535,1,0.3631,0.3631,0,0,0,266,0,0,0,96,0,145,135,7476,7170,NO_ACTIVE_UE,""
7170,6403,greenran_low,0,0,65535_65535,2,0.3111,0.3111,0,0,0,266,0,0,0,83,0,125,135,61374,7170,NO_ACTIVE_UE,""
7279,6503,greenran_low,0,0,65535_65535,0,0.4368,0.4368,3,1,1,266,175,175,59,0,0,175,91,1009844,7279,FULL_ALLOC,"1;2;3"
7279,6503,greenran_low,0,0,65535_65535,1,0.2621,0.2621,0,0,0,266,0,0,0,70,0,105,91,7476,7279,NO_ACTIVE_UE,""
7279,6503,greenran_low,0,0,65535_65535,2,0.3011,0.3011,0,0,0,266,0,0,0,80,0,121,91,62233,7279,NO_ACTIVE_UE,""
7397,6603,greenran_low,0,0,65535_65535,0,0.4399,0.4399,3,1,1,266,176,176,59,0,0,176,90,1030391,7397,FULL_ALLOC,"1;2;3"
7397,6603,greenran_low,0,0,65535_65535,1,0.3820,0.3820,0,0,0,266,0,0,0,102,0,153,90,7476,7397,NO_ACTIVE_UE,""
7397,6603,greenran_low,0,0,65535_65535,2,0.1781,0.1781,0,0,0,266,0,0,0,47,0,72,90,62959,7397,NO_ACTIVE_UE,""
7515,6703,greenran_low,0,0,65535_65535,0,0.4662,0.4662,2,1,1,266,187,187,63,0,0,187,79,1051205,7515,FULL_ALLOC,"2;3"
7515,6703,greenran_low,0,0,65535_65535,1,0.3033,0.3033,0,0,0,266,0,0,0,81,0,122,79,7476,7515,NO_ACTIVE_UE,""
7515,6703,greenran_low,0,0,65535_65535,2,0.2305,0.2305,0,0,0,266,0,0,0,61,0,92,79,63983,7515,NO_ACTIVE_UE,""
7627,6803,greenran_low,0,0,65535_65535,0,0.4988,0.4988,2,1,1,266,200,200,67,0,0,200,66,1072156,7627,FULL_ALLOC,"1;3"
7627,6803,greenran_low,0,0,65535_65535,1,0.3034,0.3034,0,0,0,266,0,0,0,81,0,122,66,7476,7627,NO_ACTIVE_UE,""
7627,6803,greenran_low,0,0,65535_65535,2,0.1978,0.1978,0,0,0,266,0,0,0,52,0,79,66,64410,7627,NO_ACTIVE_UE,""
7755,6903,greenran_low,0,0,65535_65535,0,0.3578,0.3578,2,1,1,266,143,143,48,0,0,143,123,1097420,7755,FULL_ALLOC,"2;3"
7755,6903,greenran_low,0,0,65535_65535,1,0.3436,0.3436,0,0,0,266,0,0,0,91,0,138,123,7476,7755,NO_ACTIVE_UE,""
7755,6903,greenran_low,0,0,65535_65535,2,0.2986,0.2986,0,0,0,266,0,0,0,80,0,120,123,65430,7755,NO_ACTIVE_UE,""
7882,7003,greenran_low,0,0,65535_65535,0,0.2450,0.2450,3,1,1,266,98,98,33,0,0,98,168,1115327,7882,FULL_ALLOC,"1;2;3"
7882,7003,greenran_low,0,0,65535_65535,1,0.2797,0.2797,0,0,0,266,0,0,0,74,0,112,168,7866,7882,NO_ACTIVE_UE,""
7882,7003,greenran_low,0,0,65535_65535,2,0.4753,0.4753,0,0,0,266,0,0,0,127,0,190,168,66326,7882,NO_ACTIVE_UE,""
8000,7103,greenran_low,0,0,65535_65535,0,0.3825,0.3825,2,1,1,266,153,153,51,0,0,153,113,1127071,8000,FULL_ALLOC,"1;2"
8000,7103,greenran_low,0,0,65535_65535,1,0.3776,0.3776,0,0,0,266,0,0,0,100,0,151,113,8090,8000,NO_ACTIVE_UE,""
8000,7103,greenran_low,0,0,65535_65535,2,0.2399,0.2399,0,0,0,266,0,0,0,64,0,96,113,67302,8000,NO_ACTIVE_UE,""
8118,7203,greenran_low,0,0,65535_65535,0,0.2429,0.2429,3,1,1,266,97,97,32,0,0,97,169,1144882,8118,FULL_ALLOC,"1;2;3"
8118,7203,greenran_low,0,0,65535_65535,1,0.4923,0.4923,0,0,0,266,0,0,0,131,0,197,169,8222,8118,NO_ACTIVE_UE,""
8118,7203,greenran_low,0,0,65535_65535,2,0.2648,0.2648,0,0,0,266,0,0,0,70,0,106,169,67984,8118,NO_ACTIVE_UE,""
8253,7303,greenran_low,0,0,65535_65535,0,0.4367,0.4367,2,1,1,266,175,175,59,0,0,175,91,1158439,8253,FULL_ALLOC,"2;3"
8253,7303,greenran_low,0,0,65535_65535,1,0.3140,0.3140,0,0,0,266,0,0,0,84,0,126,91,8222,8253,NO_ACTIVE_UE,""
8253,7303,greenran_low,0,0,65535_65535,2,0.2493,0.2493,0,0,0,266,0,0,0,66,0,100,91,69141,8253,NO_ACTIVE_UE,""
8380,7403,greenran_low,0,0,65535_65535,0,0.2754,0.2754,3,1,1,266,99,99,26,0,0,110,0,1180089,8380,FULL_ALLOC,"1;2;3"
8380,7403,greenran_low,0,0,65535_65535,1,0.4625,0.4625,1,1,1,266,167,167,44,0,0,185,0,9061,8380,FULL_ALLOC,"12"
8380,7403,greenran_low,0,0,65535_65535,2,0.2620,0.2620,0,0,0,266,0,0,0,70,0,105,0,70022,8380,NO_ACTIVE_UE,""
8506,7503,greenran_low,0,0,65535_65535,0,0.5159,0.5159,2,1,1,266,206,206,69,0,0,206,60,1194288,8506,FULL_ALLOC,"1;2"
8506,7503,greenran_low,0,0,65535_65535,1,0.2910,0.2910,0,0,0,266,0,0,0,78,0,117,60,9562,8506,NO_ACTIVE_UE,""
8506,7503,greenran_low,0,0,65535_65535,2,0.1931,0.1931,0,0,0,266,0,0,0,51,0,78,60,70934,8506,NO_ACTIVE_UE,""
8621,7603,greenran_low,0,0,65535_65535,0,0.4555,0.4555,3,1,1,266,182,182,61,0,0,182,84,1217784,8621,FULL_ALLOC,"1;2;3"
8621,7603,greenran_low,0,0,65535_65535,1,0.3281,0.3281,0,0,0,266,0,0,0,87,0,131,84,9562,8621,NO_ACTIVE_UE,""
8621,7603,greenran_low,0,0,65535_65535,2,0.2164,0.2164,0,0,0,266,0,0,0,58,0,87,84,71308,8621,NO_ACTIVE_UE,""
8744,7703,greenran_low,0,0,65535_65535,0,0.2428,0.2428,2,1,1,266,97,97,32,0,0,97,169,1239808,8744,FULL_ALLOC,"2;3"
8744,7703,greenran_low,0,0,65535_65535,1,0.2910,0.2910,0,0,0,266,0,0,0,77,0,117,169,9562,8744,NO_ACTIVE_UE,""
8744,7703,greenran_low,0,0,65535_65535,2,0.4662,0.4662,0,0,0,266,0,0,0,124,0,187,169,72171,8744,NO_ACTIVE_UE,""
8858,7803,greenran_low,0,0,65535_65535,0,0.3605,0.3605,2,1,1,266,144,144,48,0,0,144,122,1251065,8858,FULL_ALLOC,"1;2"
8858,7803,greenran_low,0,0,65535_65535,1,0.4009,0.4009,0,0,0,266,0,0,0,107,0,160,122,9562,8858,NO_ACTIVE_UE,""
8858,7803,greenran_low,0,0,65535_65535,2,0.2386,0.2386,0,0,0,266,0,0,0,63,0,96,122,73317,8858,NO_ACTIVE_UE,""
8985,7903,greenran_low,0,0,65535_65535,0,0.4893,0.4893,3,1,1,266,196,196,66,0,0,196,70,1269596,8985,FULL_ALLOC,"1;2;3"
8985,7903,greenran_low,0,0,65535_65535,1,0.2741,0.2741,0,0,0,266,0,0,0,73,0,110,70,9562,8985,NO_ACTIVE_UE,""
8985,7903,greenran_low,0,0,65535_65535,2,0.2366,0.2366,0,0,0,266,0,0,0,63,0,95,70,73980,8985,NO_ACTIVE_UE,""
9106,8003,greenran_low,0,0,65535_65535,0,0.4231,0.4231,3,1,1,266,169,169,56,0,0,169,97,1293190,9106,FULL_ALLOC,"1;2;3"
9106,8003,greenran_low,0,0,65535_65535,1,0.3843,0.3843,0,0,0,266,0,0,0,102,0,154,97,9562,9106,NO_ACTIVE_UE,""
9106,8003,greenran_low,0,0,65535_65535,2,0.1926,0.1926,0,0,0,266,0,0,0,51,0,77,97,74405,9106,NO_ACTIVE_UE,""
9227,8103,greenran_low,0,0,65535_65535,0,0.3311,0.3311,2,1,1,266,133,133,45,0,0,133,133,1313495,9227,FULL_ALLOC,"2;3"
9227,8103,greenran_low,0,0,65535_65535,1,0.3680,0.3680,0,0,0,266,0,0,0,98,0,147,133,9562,9227,NO_ACTIVE_UE,""
9227,8103,greenran_low,0,0,65535_65535,2,0.3009,0.3009,0,0,0,266,0,0,0,80,0,121,133,74834,9227,NO_ACTIVE_UE,""
9360,8203,greenran_low,0,0,65535_65535,0,0.3350,0.3350,3,1,1,266,134,134,45,0,0,134,132,1331189,9360,FULL_ALLOC,"1;2;3"
9360,8203,greenran_low,0,0,65535_65535,1,0.3910,0.3910,0,0,0,266,0,0,0,104,0,157,132,9562,9360,NO_ACTIVE_UE,""
9360,8203,greenran_low,0,0,65535_65535,2,0.2740,0.2740,0,0,0,266,0,0,0,73,0,110,132,75670,9360,NO_ACTIVE_UE,""
9482,8303,greenran_low,0,0,65535_65535,0,0.3525,0.3525,2,1,1,266,141,141,47,0,0,141,125,1347562,9482,FULL_ALLOC,"2;3"
9482,8303,greenran_low,0,0,65535_65535,1,0.3208,0.3208,0,0,0,266,0,0,0,85,0,128,125,9562,9482,NO_ACTIVE_UE,""
9482,8303,greenran_low,0,0,65535_65535,2,0.3267,0.3267,0,0,0,266,0,0,0,87,0,131,125,76458,9482,NO_ACTIVE_UE,""
9611,8403,greenran_low,0,0,65535_65535,0,0.3329,0.3329,3,1,1,266,133,133,44,0,0,133,133,1365693,9611,FULL_ALLOC,"1;2;3"
9611,8403,greenran_low,0,0,65535_65535,1,0.4638,0.4638,0,0,0,266,0,0,0,123,0,186,133,9562,9611,NO_ACTIVE_UE,""
9611,8403,greenran_low,0,0,65535_65535,2,0.2033,0.2033,0,0,0,266,0,0,0,54,0,82,133,77308,9611,NO_ACTIVE_UE,""
9741,8503,greenran_low,0,0,65535_65535,0,0.2601,0.2601,2,1,1,266,104,104,35,0,0,104,162,1382867,9741,FULL_ALLOC,"2;3"
9741,8503,greenran_low,0,0,65535_65535,1,0.4673,0.4673,0,0,0,266,0,0,0,124,0,187,162,9562,9741,NO_ACTIVE_UE,""
9741,8503,greenran_low,0,0,65535_65535,2,0.2726,0.2726,0,0,0,266,0,0,0,73,0,109,162,78401,9741,NO_ACTIVE_UE,""
9873,8603,greenran_low,0,0,65535_65535,0,0.2809,0.2809,3,1,1,266,113,113,38,0,0,113,153,1396631,9873,FULL_ALLOC,"1;2;3"
9873,8603,greenran_low,0,0,65535_65535,1,0.5184,0.5184,0,0,0,266,0,0,0,138,0,207,153,9562,9873,NO_ACTIVE_UE,""
9873,8603,greenran_low,0,0,65535_65535,2,0.2007,0.2007,0,0,0,266,0,0,0,53,0,81,153,79354,9873,NO_ACTIVE_UE,""
9998,8703,greenran_low,0,0,65535_65535,0,0.3480,0.3480,2,1,1,266,139,139,47,0,0,139,127,1410886,9998,FULL_ALLOC,"2;3"
9998,8703,greenran_low,0,0,65535_65535,1,0.3448,0.3448,0,0,0,266,0,0,0,92,0,138,127,9562,9998,NO_ACTIVE_UE,""
9998,8703,greenran_low,0,0,65535_65535,2,0.3071,0.3071,0,0,0,266,0,0,0,82,0,123,127,80044,9998,NO_ACTIVE_UE,""
10127,8803,greenran_low,0,0,65535_65535,0,0.2404,0.2404,3,1,1,266,96,96,32,0,0,96,170,1428640,10127,FULL_ALLOC,"1;2;3"
10127,8803,greenran_low,0,0,65535_65535,1,0.2994,0.2994,0,0,0,266,0,0,0,80,0,120,170,9562,10127,NO_ACTIVE_UE,""
10127,8803,greenran_low,0,0,65535_65535,2,0.4603,0.4603,0,0,0,266,0,0,0,122,0,184,170,80957,10127,NO_ACTIVE_UE,""
10246,8903,greenran_low,0,0,65535_65535,0,0.3461,0.3461,2,1,1,266,139,139,47,0,0,139,127,1440205,10246,FULL_ALLOC,"1;2"
10246,8903,greenran_low,0,0,65535_65535,1,0.3353,0.3353,0,0,0,266,0,0,0,89,0,134,127,9562,10246,NO_ACTIVE_UE,""
10246,8903,greenran_low,0,0,65535_65535,2,0.3186,0.3186,0,0,0,266,0,0,0,85,0,128,127,82135,10246,NO_ACTIVE_UE,""
10372,9003,greenran_low,0,0,65535_65535,0,0.3062,0.3062,3,1,1,266,123,123,42,0,0,123,38,1457671,10372,FULL_ALLOC,"1;2;3"
10372,9003,greenran_low,0,0,65535_65535,1,0.4320,0.4320,0,0,0,266,0,0,0,115,0,173,38,9955,10372,NO_ACTIVE_UE,""
10372,9003,greenran_low,0,0,65535_65535,2,0.2618,0.2618,2,1,1,266,105,105,35,0,0,105,38,82752,10372,FULL_ALLOC,"22;20"
10472,9103,greenran_low,0,0,65535_65535,0,0.5134,0.5134,2,1,1,266,205,205,68,0,0,205,61,1470258,10472,FULL_ALLOC,"2;3"
10472,9103,greenran_low,0,0,65535_65535,1,0.2802,0.2802,0,0,0,266,0,0,0,74,0,112,61,10267,10472,NO_ACTIVE_UE,""
10472,9103,greenran_low,0,0,65535_65535,2,0.2064,0.2064,0,0,0,266,0,0,0,55,0,83,61,83458,10472,NO_ACTIVE_UE,""
10601,9203,greenran_low,0,0,65535_65535,0,0.3838,0.3838,2,1,1,266,154,154,52,0,0,154,112,1496305,10601,FULL_ALLOC,"2;3"
10601,9203,greenran_low,0,0,65535_65535,1,0.3534,0.3534,0,0,0,266,0,0,0,94,0,141,112,10360,10601,NO_ACTIVE_UE,""
10601,9203,greenran_low,0,0,65535_65535,2,0.2628,0.2628,0,0,0,266,0,0,0,70,0,105,112,83867,10601,NO_ACTIVE_UE,""
10745,9303,greenran_low,0,0,65535_65535,0,0.4899,0.4899,2,1,1,266,196,196,66,0,0,196,70,1518628,10745,FULL_ALLOC,"1;3"
10745,9303,greenran_low,0,0,65535_65535,1,0.2545,0.2545,0,0,0,266,0,0,0,68,0,102,70,10360,10745,NO_ACTIVE_UE,""
10745,9303,greenran_low,0,0,65535_65535,2,0.2556,0.2556,0,0,0,266,0,0,0,68,0,102,70,85008,10745,NO_ACTIVE_UE,""
10873,9403,greenran_low,0,0,65535_65535,0,0.4489,0.4489,3,1,1,266,160,160,41,0,0,180,0,1543485,10873,FULL_ALLOC,"1;2;3"
10873,9403,greenran_low,0,0,65535_65535,1,0.2973,0.2973,1,1,1,266,106,106,27,0,0,119,0,10830,10873,FULL_ALLOC,"12"
10873,9403,greenran_low,0,0,65535_65535,2,0.2538,0.2538,0,0,0,266,0,0,0,68,0,102,0,85469,10873,NO_ACTIVE_UE,""
10990,9503,greenran_low,0,0,65535_65535,0,0.2743,0.2743,2,1,1,266,110,110,37,0,0,110,156,1564139,10990,FULL_ALLOC,"2;3"
10990,9503,greenran_low,0,0,65535_65535,1,0.4171,0.4171,0,0,0,266,0,0,0,111,0,167,156,11148,10990,NO_ACTIVE_UE,""
10990,9503,greenran_low,0,0,65535_65535,2,0.3087,0.3087,0,0,0,266,0,0,0,82,0,124,156,86175,10990,NO_ACTIVE_UE,""
11113,9603,greenran_low,0,0,65535_65535,0,0.2337,0.2337,3,1,1,266,94,94,32,0,0,94,172,1577621,11113,FULL_ALLOC,"1;2;3"
11113,9603,greenran_low,0,0,65535_65535,1,0.4024,0.4024,0,0,0,266,0,0,0,107,0,161,172,11148,11113,NO_ACTIVE_UE,""
11113,9603,greenran_low,0,0,65535_65535,2,0.3639,0.3639,0,0,0,266,0,0,0,97,0,146,172,87065,11113,NO_ACTIVE_UE,""
11239,9703,greenran_low,0,0,65535_65535,0,0.2432,0.2432,2,1,1,266,98,98,33,0,0,98,168,1589489,11239,FULL_ALLOC,"2;3"
11239,9703,greenran_low,0,0,65535_65535,1,0.4659,0.4659,0,0,0,266,0,0,0,124,0,186,168,11148,11239,NO_ACTIVE_UE,""
11239,9703,greenran_low,0,0,65535_65535,2,0.2910,0.2910,0,0,0,266,0,0,0,77,0,117,168,88058,11239,NO_ACTIVE_UE,""
11361,9803,greenran_low,0,0,65535_65535,0,0.2386,0.2386,3,1,1,266,96,96,33,0,0,96,170,1601441,11361,FULL_ALLOC,"1;2;3"
11361,9803,greenran_low,0,0,65535_65535,1,0.5358,0.5358,0,0,0,266,0,0,0,143,0,214,170,11148,11361,NO_ACTIVE_UE,""
11361,9803,greenran_low,0,0,65535_65535,2,0.2256,0.2256,0,0,0,266,0,0,0,60,0,91,170,88617,11361,NO_ACTIVE_UE,""
11489,9903,greenran_low,0,0,65535_65535,0,0.2373,0.2373,2,1,1,266,95,95,32,0,0,95,171,1613721,11489,FULL_ALLOC,"2;3"
11489,9903,greenran_low,0,0,65535_65535,1,0.3085,0.3085,0,0,0,266,0,0,0,82,0,124,171,11148,11489,NO_ACTIVE_UE,""
11489,9903,greenran_low,0,0,65535_65535,2,0.4542,0.4542,0,0,0,266,0,0,0,121,0,182,171,89520,11489,NO_ACTIVE_UE,""
