timestamp_ms,slice_id,slice_name,num_ues,dl_buffer_bytes,ul_buffer_bytes,total_mac_buffer_bytes,avg_buffer_per_ue_bytes,congestion_pct,prb_weight_pct,last_drl_action_status
600,0,VIDEO_EMBB,5,0,259828,259828,51965.60,2.48,40.00,not_started
600,1,SENSOR_MMTC,8,0,0,0,0.00,0.00,15.00,not_started
600,2,GENERIC_EMBB,5,5645,485,6130,1226.00,0.06,45.00,not_started
700,0,VIDEO_EMBB,5,0,2439901,2439901,487980.20,23.27,40.00,waiting_for_action
700,1,SENSOR_MMTC,8,0,0,0,0.00,0.00,15.00,waiting_for_action
700,2,GENERIC_EMBB,5,5645,255,5900,1180.00,0.06,45.00,waiting_for_action
800,0,VIDEO_EMBB,5,0,2477259,2477259,495451.80,23.62,31.66,applied
800,1,SENSOR_MMTC,8,0,0,0,0.00,0.00,30.00,applied
800,2,GENERIC_EMBB,5,5645,255,5900,1180.00,0.06,38.33,applied
900,0,VIDEO_EMBB,5,0,2583753,2583753,516750.60,24.64,16.66,applied
900,1,SENSOR_MMTC,8,0,0,0,0.00,0.00,55.00,applied
900,2,GENERIC_EMBB,5,5645,351,5996,1199.20,0.06,28.33,applied
1000,0,VIDEO_EMBB,5,0,3620570,3620570,724114.00,34.53,21.66,applied
1000,1,SENSOR_MMTC,8,0,34,34,4.25,0.00,30.00,applied
1000,2,GENERIC_EMBB,5,5645,283,5928,1185.60,0.06,48.33,applied
1100,0,VIDEO_EMBB,5,0,3602180,3602180,720436.00,34.35,36.66,applied
1100,1,SENSOR_MMTC,8,0,147,147,18.38,0.00,40.00,applied
1100,2,GENERIC_EMBB,5,5645,311,5956,1191.20,0.06,23.33,applied
1200,0,VIDEO_EMBB,5,0,3607641,3607641,721528.20,34.41,21.66,applied
1200,1,SENSOR_MMTC,8,0,136,136,17.00,0.00,50.00,applied
1200,2,GENERIC_EMBB,5,5645,255,5900,1180.00,0.06,28.33,applied
1300,0,VIDEO_EMBB,5,0,3602002,3602002,720400.40,34.35,26.66,applied
1300,1,SENSOR_MMTC,8,0,170,170,21.25,0.00,40.00,applied
1300,2,GENERIC_EMBB,5,5645,351,5996,1199.20,0.06,33.33,applied
1400,0,VIDEO_EMBB,5,0,3601116,3601116,720223.20,34.34,36.66,applied
1400,1,SENSOR_MMTC,8,0,238,238,29.75,0.00,40.00,applied
1400,2,GENERIC_EMBB,5,5645,255,5900,1180.00,0.06,23.33,applied
1500,0,VIDEO_EMBB,5,0,3602068,3602068,720413.60,34.35,26.66,applied
1500,1,SENSOR_MMTC,8,0,272,272,34.00,0.00,50.00,applied
1500,2,GENERIC_EMBB,5,5645,255,5900,1180.00,0.06,23.33,applied
1600,0,VIDEO_EMBB,5,0,3602807,3602807,720561.40,34.36,21.66,applied
1600,1,SENSOR_MMTC,8,0,272,272,34.00,0.00,30.00,applied
1600,2,GENERIC_EMBB,5,5645,255,5900,1180.00,0.06,48.33,applied
1700,0,VIDEO_EMBB,5,0,3602068,3602068,720413.60,34.35,26.66,applied
1700,1,SENSOR_MMTC,8,0,272,272,34.00,0.00,55.00,applied
1700,2,GENERIC_EMBB,5,5645,255,5900,1180.00,0.06,18.33,applied
1800,0,VIDEO_EMBB,5,0,3595782,3595782,719156.40,34.29,46.66,applied
1800,1,SENSOR_MMTC,8,0,272,272,34.00,0.00,30.00,applied
1800,2,GENERIC_EMBB,5,5645,255,5900,1180.00,0.06,23.33,applied
1900,0,VIDEO_EMBB,5,0,3603550,3603550,720710.00,34.37,16.66,applied
1900,1,SENSOR_MMTC,8,0,272,272,34.00,0.00,45.00,applied
1900,2,GENERIC_EMBB,5,5645,255,5900,1180.00,0.06,38.33,applied
2000,0,VIDEO_EMBB,5,0,3592020,3592020,718404.00,34.26,66.66,applied
2000,1,SENSOR_MMTC,8,0,272,272,34.00,0.00,20.00,applied
2000,2,GENERIC_EMBB,5,5645,255,5900,1180.00,0.06,13.33,applied
2100,0,VIDEO_EMBB,5,0,3605500,3605500,721100.00,34.38,36.66,applied
2100,1,SENSOR_MMTC,8,0,272,272,34.00,0.00,40.00,applied
2100,2,GENERIC_EMBB,5,5645,255,5900,1180.00,0.06,23.33,applied
2200,0,VIDEO_EMBB,5,0,3605500,3605500,721100.00,34.38,21.66,applied
2200,1,SENSOR_MMTC,8,0,272,272,34.00,0.00,65.00,applied
2200,2,GENERIC_EMBB,5,5645,255,5900,1180.00,0.06,13.33,applied
2300,0,VIDEO_EMBB,5,0,3605500,3605500,721100.00,34.38,16.66,applied
2300,1,SENSOR_MMTC,8,0,272,272,34.00,0.00,55.00,applied
2300,2,GENERIC_EMBB,5,5645,255,5900,1180.00,0.06,28.33,applied
2400,0,VIDEO_EMBB,5,0,3605178,3605178,721035.60,34.38,46.66,applied
2400,1,SENSOR_MMTC,8,0,272,272,34.00,0.00,20.00,applied
2400,2,GENERIC_EMBB,5,5645,255,5900,1180.00,0.06,33.33,applied
2500,0,VIDEO_EMBB,5,0,3605500,3605500,721100.00,34.38,31.66,applied
2500,1,SENSOR_MMTC,8,0,272,272,34.00,0.00,30.00,applied
2500,2,GENERIC_EMBB,5,5645,255,5900,1180.00,0.06,38.33,applied
2600,0,VIDEO_EMBB,5,0,3605500,3605500,721100.00,34.38,21.66,applied
2600,1,SENSOR_MMTC,8,0,272,272,34.00,0.00,65.00,applied
2600,2,GENERIC_EMBB,5,5645,255,5900,1180.00,0.06,13.33,applied
2700,0,VIDEO_EMBB,5,0,3594539,3594539,718907.80,34.28,51.66,applied
2700,1,SENSOR_MMTC,8,0,272,272,34.00,0.00,20.00,applied
2700,2,GENERIC_EMBB,5,5645,255,5900,1180.00,0.06,28.33,applied
2800,0,VIDEO_EMBB,5,0,3603444,3603444,720688.80,34.37,16.66,applied
2800,1,SENSOR_MMTC,8,0,272,272,34.00,0.00,45.00,applied
2800,2,GENERIC_EMBB,5,5645,255,5900,1180.00,0.06,38.33,applied
2900,0,VIDEO_EMBB,5,0,3605500,3605500,721100.00,34.38,21.66,applied
2900,1,SENSOR_MMTC,8,0,272,272,34.00,0.00,50.00,applied
2900,2,GENERIC_EMBB,5,5645,255,5900,1180.00,0.06,28.33,applied
3000,0,VIDEO_EMBB,5,0,3598247,3598247,719649.40,34.32,46.66,applied
3000,1,SENSOR_MMTC,8,0,272,272,34.00,0.00,35.00,applied
3000,2,GENERIC_EMBB,5,5645,255,5900,1180.00,0.06,18.33,applied
3100,0,VIDEO_EMBB,5,0,3605500,3605500,721100.00,34.38,36.66,applied
3100,1,SENSOR_MMTC,8,0,317,317,39.62,0.00,50.00,applied
3100,2,GENERIC_EMBB,5,5645,255,5900,1180.00,0.06,13.33,applied
3200,0,VIDEO_EMBB,5,0,3603719,3603719,720743.80,34.37,31.66,applied
3200,1,SENSOR_MMTC,8,0,272,272,34.00,0.00,55.00,applied
3200,2,GENERIC_EMBB,5,5645,255,5900,1180.00,0.06,13.33,applied
3300,0,VIDEO_EMBB,5,0,3605376,3605376,721075.20,34.38,36.66,applied
3300,1,SENSOR_MMTC,8,0,272,272,34.00,0.00,45.00,applied
3300,2,GENERIC_EMBB,5,5645,255,5900,1180.00,0.06,18.33,applied
3400,0,VIDEO_EMBB,5,0,3605500,3605500,721100.00,34.38,36.66,applied
3400,1,SENSOR_MMTC,8,0,255,255,31.88,0.00,50.00,applied
3400,2,GENERIC_EMBB,5,5645,485,6130,1226.00,0.06,13.33,applied
3500,0,VIDEO_EMBB,5,0,3605418,3605418,721083.60,34.38,26.66,applied
3500,1,SENSOR_MMTC,8,0,385,385,48.12,0.00,20.00,applied
3500,2,GENERIC_EMBB,5,5645,255,5900,1180.00,0.06,53.33,applied
3600,0,VIDEO_EMBB,5,0,3604271,3604271,720854.20,34.37,21.66,applied
3600,1,SENSOR_MMTC,8,0,385,385,48.12,0.00,50.00,applied
3600,2,GENERIC_EMBB,5,5645,255,5900,1180.00,0.06,28.33,applied
3700,0,VIDEO_EMBB,5,0,3605500,3605500,721100.00,34.38,16.66,applied
3700,1,SENSOR_MMTC,8,0,385,385,48.12,0.00,55.00,applied
3700,2,GENERIC_EMBB,5,5645,255,5900,1180.00,0.06,28.33,applied
3800,0,VIDEO_EMBB,5,0,3605234,3605234,721046.80,34.38,31.66,applied
3800,1,SENSOR_MMTC,8,0,385,385,48.12,0.00,35.00,applied
3800,2,GENERIC_EMBB,5,5645,255,5900,1180.00,0.06,33.33,applied
3900,0,VIDEO_EMBB,5,0,3605376,3605376,721075.20,34.38,36.66,applied
3900,1,SENSOR_MMTC,8,0,385,385,48.12,0.00,50.00,applied
3900,2,GENERIC_EMBB,5,5645,255,5900,1180.00,0.06,13.33,applied
4000,0,VIDEO_EMBB,5,179545,3602949,3782494,756498.80,36.07,51.66,applied
4000,1,SENSOR_MMTC,8,0,385,385,48.12,0.00,20.00,applied
4000,2,GENERIC_EMBB,5,10870073,255,10870328,2174065.60,100.00,28.33,applied
4100,0,VIDEO_EMBB,5,179545,3588674,3768219,753643.80,35.94,56.66,applied
4100,1,SENSOR_MMTC,8,0,385,385,48.12,0.00,30.00,applied
4100,2,GENERIC_EMBB,5,10870073,255,10870328,2174065.60,100.00,13.33,applied
4200,0,VIDEO_EMBB,5,179545,3602603,3782148,756429.60,36.07,36.66,applied
4200,1,SENSOR_MMTC,8,0,385,385,48.12,0.00,45.00,applied
4200,2,GENERIC_EMBB,5,10870073,255,10870328,2174065.60,100.00,18.33,applied
4300,0,VIDEO_EMBB,5,179545,3591911,3771456,754291.20,35.97,46.66,applied
4300,1,SENSOR_MMTC,8,0,385,385,48.12,0.00,30.00,applied
4300,2,GENERIC_EMBB,5,10870073,255,10870328,2174065.60,100.00,23.33,applied
4400,0,VIDEO_EMBB,5,179545,3582644,3762189,752437.80,35.88,51.66,applied
4400,1,SENSOR_MMTC,8,0,385,385,48.12,0.00,20.00,applied
4400,2,GENERIC_EMBB,5,10870073,255,10870328,2174065.60,100.00,28.33,applied
4500,0,VIDEO_EMBB,5,179545,3560156,3739701,747940.20,35.66,56.66,applied
4500,1,SENSOR_MMTC,8,0,385,385,48.12,0.00,20.00,applied
4500,2,GENERIC_EMBB,5,10870073,255,10870328,2174065.60,100.00,23.33,applied
4600,0,VIDEO_EMBB,5,179545,3555483,3735028,747005.60,35.62,51.66,applied
4600,1,SENSOR_MMTC,8,0,385,385,48.12,0.00,25.00,applied
4600,2,GENERIC_EMBB,5,10870073,255,10870328,2174065.60,100.00,23.33,applied
4700,0,VIDEO_EMBB,5,179545,3605500,3785045,757009.00,36.10,36.66,applied
4700,1,SENSOR_MMTC,8,0,385,385,48.12,0.00,40.00,applied
4700,2,GENERIC_EMBB,5,10870073,255,10870328,2174065.60,100.00,23.33,applied
4800,0,VIDEO_EMBB,5,179545,3595815,3775360,755072.00,36.00,46.66,applied
4800,1,SENSOR_MMTC,8,0,385,385,48.12,0.00,35.00,applied
4800,2,GENERIC_EMBB,5,10870073,255,10870328,2174065.60,100.00,18.33,applied
4900,0,VIDEO_EMBB,5,179545,3605500,3785045,757009.00,36.10,16.66,applied
4900,1,SENSOR_MMTC,8,0,385,385,48.12,0.00,20.00,applied
4900,2,GENERIC_EMBB,5,10870073,255,10870328,2174065.60,100.00,63.33,applied
5000,0,VIDEO_EMBB,5,179545,3603823,3783368,756673.60,36.08,16.66,applied
5000,1,SENSOR_MMTC,8,0,385,385,48.12,0.00,65.00,applied
5000,2,GENERIC_EMBB,5,10870073,485,10870558,2174111.60,100.00,18.33,applied
5100,0,VIDEO_EMBB,5,179545,3605500,3785045,757009.00,36.10,21.66,applied
5100,1,SENSOR_MMTC,8,0,409,409,51.12,0.00,55.00,applied
5100,2,GENERIC_EMBB,5,10870073,255,10870328,2174065.60,100.00,23.33,applied
5200,0,VIDEO_EMBB,5,179545,3605500,3785045,757009.00,36.10,41.66,applied
5200,1,SENSOR_MMTC,8,0,385,385,48.12,0.00,40.00,applied
5200,2,GENERIC_EMBB,5,10870073,255,10870328,2174065.60,100.00,18.33,applied
5300,0,VIDEO_EMBB,5,179545,3600150,3779695,755939.00,36.05,31.66,applied
5300,1,SENSOR_MMTC,8,0,385,385,48.12,0.00,55.00,applied
5300,2,GENERIC_EMBB,5,10870073,255,10870328,2174065.60,100.00,13.33,applied
5400,0,VIDEO_EMBB,5,179545,3605410,3784955,756991.00,36.10,26.66,applied
5400,1,SENSOR_MMTC,8,0,368,368,46.00,0.00,30.00,applied
5400,2,GENERIC_EMBB,5,10870073,255,10870328,2174065.60,100.00,43.33,applied
5500,0,VIDEO_EMBB,5,179545,3605429,3784974,756994.80,36.10,21.66,applied
5500,1,SENSOR_MMTC,8,0,272,272,34.00,0.00,50.00,applied
5500,2,GENERIC_EMBB,5,10870073,255,10870328,2174065.60,100.00,28.33,applied
5600,0,VIDEO_EMBB,5,179545,3605353,3784898,756979.60,36.10,21.66,applied
5600,1,SENSOR_MMTC,8,0,272,272,34.00,0.00,50.00,applied
5600,2,GENERIC_EMBB,5,10870073,255,10870328,2174065.60,100.00,28.33,applied
5700,0,VIDEO_EMBB,5,179545,3603046,3782591,756518.20,36.07,31.66,applied
5700,1,SENSOR_MMTC,8,0,272,272,34.00,0.00,35.00,applied
5700,2,GENERIC_EMBB,5,10870073,255,10870328,2174065.60,100.00,33.33,applied
5800,0,VIDEO_EMBB,5,179545,3605376,3784921,756984.20,36.10,36.66,applied
5800,1,SENSOR_MMTC,8,0,272,272,34.00,0.00,40.00,applied
5800,2,GENERIC_EMBB,5,10870073,255,10870328,2174065.60,100.00,23.33,applied
5900,0,VIDEO_EMBB,5,179545,3605500,3785045,757009.00,36.10,26.66,applied
5900,1,SENSOR_MMTC,8,0,272,272,34.00,0.00,20.00,applied
5900,2,GENERIC_EMBB,5,10870073,255,10870328,2174065.60,100.00,53.33,applied
6000,0,VIDEO_EMBB,5,179545,3605500,3785045,757009.00,36.10,26.66,applied
6000,1,SENSOR_MMTC,8,0,272,272,34.00,0.00,20.00,applied
6000,2,GENERIC_EMBB,5,10870073,255,10870328,2174065.60,100.00,53.33,applied
6100,0,VIDEO_EMBB,5,179545,3602050,3781595,756319.00,36.06,46.66,applied
6100,1,SENSOR_MMTC,8,0,272,272,34.00,0.00,20.00,applied
6100,2,GENERIC_EMBB,5,10870073,255,10870328,2174065.60,100.00,33.33,applied
6200,0,VIDEO_EMBB,5,179545,3587715,3767260,753452.00,35.93,46.66,applied
6200,1,SENSOR_MMTC,8,0,272,272,34.00,0.00,35.00,applied
6200,2,GENERIC_EMBB,5,10870073,255,10870328,2174065.60,100.00,18.33,applied
6300,0,VIDEO_EMBB,5,179545,3575516,3755061,751012.20,35.81,51.66,applied
6300,1,SENSOR_MMTC,8,0,272,272,34.00,0.00,25.00,applied
6300,2,GENERIC_EMBB,5,10870073,255,10870328,2174065.60,100.00,23.33,applied
6400,0,VIDEO_EMBB,5,179545,3603250,3782795,756559.00,36.08,26.66,applied
6400,1,SENSOR_MMTC,8,0,272,272,34.00,0.00,50.00,applied
6400,2,GENERIC_EMBB,5,10870073,255,10870328,2174065.60,100.00,23.33,applied
6500,0,VIDEO_EMBB,5,179545,3605500,3785045,757009.00,36.10,36.66,applied
6500,1,SENSOR_MMTC,8,0,272,272,34.00,0.00,25.00,applied
6500,2,GENERIC_EMBB,5,10870073,255,10870328,2174065.60,100.00,38.33,applied
6600,0,VIDEO_EMBB,5,179545,3589044,3768589,753717.80,35.94,66.66,applied
6600,1,SENSOR_MMTC,8,0,272,272,34.00,0.00,20.00,applied
6600,2,GENERIC_EMBB,5,10870073,485,10870558,2174111.60,100.00,13.33,applied
6700,0,VIDEO_EMBB,5,179545,3580399,3759944,751988.80,35.86,46.66,applied
6700,1,SENSOR_MMTC,8,0,272,272,34.00,0.00,35.00,applied
6700,2,GENERIC_EMBB,5,10870073,255,10870328,2174065.60,100.00,18.33,applied
6800,0,VIDEO_EMBB,5,179545,3601782,3781327,756265.40,36.06,26.66,applied
6800,1,SENSOR_MMTC,8,0,272,272,34.00,0.00,40.00,applied
6800,2,GENERIC_EMBB,5,10870073,255,10870328,2174065.60,100.00,33.33,applied
6900,0,VIDEO_EMBB,5,179545,3605500,3785045,757009.00,36.10,36.66,applied
6900,1,SENSOR_MMTC,8,0,272,272,34.00,0.00,20.00,applied
6900,2,GENERIC_EMBB,5,10870073,255,10870328,2174065.60,100.00,43.33,applied
7000,0,VIDEO_EMBB,5,179545,3594742,3774287,754857.40,35.99,51.66,applied
7000,1,SENSOR_MMTC,8,0,272,272,34.00,0.00,25.00,applied
7000,2,GENERIC_EMBB,5,10870073,255,10870328,2174065.60,100.00,23.33,applied
7100,0,VIDEO_EMBB,5,179545,3603823,3783368,756673.60,36.08,16.66,applied
7100,1,SENSOR_MMTC,8,0,272,272,34.00,0.00,25.00,applied
7100,2,GENERIC_EMBB,5,10870073,255,10870328,2174065.60,100.00,58.33,applied
7200,0,VIDEO_EMBB,5,179545,3602728,3782273,756454.60,36.07,36.66,applied
7200,1,SENSOR_MMTC,8,0,272,272,34.00,0.00,25.00,applied
7200,2,GENERIC_EMBB,5,10870073,255,10870328,2174065.60,100.00,38.33,applied
7300,0,VIDEO_EMBB,5,179545,3605500,3785045,757009.00,36.10,41.66,applied
7300,1,SENSOR_MMTC,8,0,255,255,31.88,0.00,45.00,applied
7300,2,GENERIC_EMBB,5,10870073,255,10870328,2174065.60,100.00,13.33,applied
7400,0,VIDEO_EMBB,5,358456,3592605,3951061,790212.20,37.68,56.66,applied
7400,1,SENSOR_MMTC,8,0,368,368,46.00,0.00,25.00,applied
7400,2,GENERIC_EMBB,5,21987084,485,21987569,4397513.80,100.00,18.33,applied
7500,0,VIDEO_EMBB,5,358456,3605500,3963956,792791.20,37.80,26.66,applied
7500,1,SENSOR_MMTC,8,0,368,368,46.00,0.00,50.00,applied
7500,2,GENERIC_EMBB,5,21987084,255,21987339,4397467.80,100.00,23.33,applied
7600,0,VIDEO_EMBB,5,364503,3588297,3952800,790560.00,37.70,56.66,applied
7600,1,SENSOR_MMTC,8,0,368,368,46.00,0.00,20.00,applied
7600,2,GENERIC_EMBB,5,22366414,255,22366669,4473333.80,100.00,23.33,applied
7700,0,VIDEO_EMBB,5,364503,3605500,3970003,794000.60,37.86,26.66,applied
7700,1,SENSOR_MMTC,8,0,368,368,46.00,0.00,40.00,applied
7700,2,GENERIC_EMBB,5,22366414,255,22366669,4473333.80,100.00,33.33,applied
7800,0,VIDEO_EMBB,5,364503,3603250,3967753,793550.60,37.84,26.66,applied
7800,1,SENSOR_MMTC,8,0,368,368,46.00,0.00,45.00,applied
7800,2,GENERIC_EMBB,5,22366414,255,22366669,4473333.80,100.00,28.33,applied
7900,0,VIDEO_EMBB,5,364503,3592632,3957135,791427.00,37.74,61.66,applied
7900,1,SENSOR_MMTC,8,0,368,368,46.00,0.00,20.00,applied
7900,2,GENERIC_EMBB,5,22366414,255,22366669,4473333.80,100.00,18.33,applied
8000,0,VIDEO_EMBB,5,364503,3605500,3970003,794000.60,37.86,16.66,applied
8000,1,SENSOR_MMTC,8,0,368,368,46.00,0.00,30.00,applied
8000,2,GENERIC_EMBB,5,22366414,255,22366669,4473333.80,100.00,53.33,applied
8100,0,VIDEO_EMBB,5,364503,3605216,3969719,793943.80,37.86,41.66,applied
8100,1,SENSOR_MMTC,8,0,368,368,46.00,0.00,20.00,applied
8100,2,GENERIC_EMBB,5,22366414,311,22366725,4473345.00,100.00,38.33,applied
8200,0,VIDEO_EMBB,5,364503,3605500,3970003,794000.60,37.86,16.66,applied
8200,1,SENSOR_MMTC,8,0,368,368,46.00,0.00,45.00,applied
8200,2,GENERIC_EMBB,5,22366414,255,22366669,4473333.80,100.00,38.33,applied
8300,0,VIDEO_EMBB,5,364503,3605500,3970003,794000.60,37.86,16.66,applied
8300,1,SENSOR_MMTC,8,0,368,368,46.00,0.00,55.00,applied
8300,2,GENERIC_EMBB,5,22366414,255,22366669,4473333.80,100.00,28.33,applied
8400,0,VIDEO_EMBB,5,364503,3603682,3968185,793637.00,37.84,16.66,applied
8400,1,SENSOR_MMTC,8,0,368,368,46.00,0.00,55.00,applied
8400,2,GENERIC_EMBB,5,22366414,255,22366669,4473333.80,100.00,28.33,applied
8500,0,VIDEO_EMBB,5,364503,3598205,3962708,792541.60,37.79,41.66,applied
8500,1,SENSOR_MMTC,8,0,368,368,46.00,0.00,20.00,applied
8500,2,GENERIC_EMBB,5,22366414,255,22366669,4473333.80,100.00,38.33,applied
8600,0,VIDEO_EMBB,5,364503,3604594,3969097,793819.40,37.85,41.66,applied
8600,1,SENSOR_MMTC,8,0,368,368,46.00,0.00,20.00,applied
8600,2,GENERIC_EMBB,5,22366414,255,22366669,4473333.80,100.00,38.33,applied
8700,0,VIDEO_EMBB,5,364503,3593135,3957638,791527.60,37.74,51.66,applied
8700,1,SENSOR_MMTC,8,0,368,368,46.00,0.00,35.00,applied
8700,2,GENERIC_EMBB,5,22366414,255,22366669,4473333.80,100.00,13.33,applied
8800,0,VIDEO_EMBB,5,364503,3604956,3969459,793891.80,37.86,36.66,applied
8800,1,SENSOR_MMTC,8,0,368,368,46.00,0.00,45.00,applied
8800,2,GENERIC_EMBB,5,22366414,255,22366669,4473333.80,100.00,18.33,applied
8900,0,VIDEO_EMBB,5,364503,3603550,3968053,793610.60,37.84,16.66,applied
8900,1,SENSOR_MMTC,8,0,368,368,46.00,0.00,40.00,applied
8900,2,GENERIC_EMBB,5,22366414,255,22366669,4473333.80,100.00,43.33,applied
9000,0,VIDEO_EMBB,5,364503,3590301,3954804,790960.80,37.72,56.66,applied
9000,1,SENSOR_MMTC,8,0,368,368,46.00,0.00,20.00,applied
9000,2,GENERIC_EMBB,5,22366414,255,22366669,4473333.80,100.00,23.33,applied
9100,0,VIDEO_EMBB,5,364503,3581812,3946315,789263.00,37.63,51.66,applied
9100,1,SENSOR_MMTC,8,0,351,351,43.88,0.00,20.00,applied
9100,2,GENERIC_EMBB,5,22366414,255,22366669,4473333.80,100.00,28.33,applied
9200,0,VIDEO_EMBB,5,364503,3601163,3965666,793133.20,37.82,26.66,applied
9200,1,SENSOR_MMTC,8,0,368,368,46.00,0.00,20.00,applied
9200,2,GENERIC_EMBB,5,22366414,255,22366669,4473333.80,100.00,53.33,applied
9300,0,VIDEO_EMBB,5,364503,3600150,3964653,792930.60,37.81,31.66,applied
9300,1,SENSOR_MMTC,8,0,385,385,48.12,0.00,30.00,applied
9300,2,GENERIC_EMBB,5,22366414,255,22366669,4473333.80,100.00,38.33,applied
9400,0,VIDEO_EMBB,5,364503,3596012,3960515,792103.00,37.77,46.66,applied
9400,1,SENSOR_MMTC,8,0,255,255,31.88,0.00,35.00,applied
9400,2,GENERIC_EMBB,5,22366414,255,22366669,4473333.80,100.00,18.33,applied
9500,0,VIDEO_EMBB,5,364503,3605445,3969948,793989.60,37.86,16.66,applied
9500,1,SENSOR_MMTC,8,0,255,255,31.88,0.00,65.00,applied
9500,2,GENERIC_EMBB,5,22366414,255,22366669,4473333.80,100.00,18.33,applied
9600,0,VIDEO_EMBB,5,364503,3605190,3969693,793938.60,37.86,41.66,applied
9600,1,SENSOR_MMTC,8,0,255,255,31.88,0.00,30.00,applied
9600,2,GENERIC_EMBB,5,22366414,255,22366669,4473333.80,100.00,28.33,applied
9700,0,VIDEO_EMBB,5,364503,3605450,3969953,793990.60,37.86,16.66,applied
9700,1,SENSOR_MMTC,8,0,255,255,31.88,0.00,40.00,applied
9700,2,GENERIC_EMBB,5,22366414,255,22366669,4473333.80,100.00,43.33,applied
9800,0,VIDEO_EMBB,5,364503,3588446,3952949,790589.80,37.70,61.66,applied
9800,1,SENSOR_MMTC,8,0,255,255,31.88,0.00,25.00,applied
9800,2,GENERIC_EMBB,5,22366414,255,22366669,4473333.80,100.00,13.33,applied
9900,0,VIDEO_EMBB,5,364503,3605239,3969742,793948.40,37.86,41.66,applied
9900,1,SENSOR_MMTC,8,0,255,255,31.88,0.00,20.00,applied
9900,2,GENERIC_EMBB,5,22366414,255,22366669,4473333.80,100.00,38.33,applied
10000,0,VIDEO_EMBB,5,364503,3602728,3967231,793446.20,37.83,36.66,applied
10000,1,SENSOR_MMTC,8,0,255,255,31.88,0.00,50.00,applied
10000,2,GENERIC_EMBB,5,22366414,255,22366669,4473333.80,100.00,13.33,applied
10100,0,VIDEO_EMBB,5,364503,3595715,3960218,792043.60,37.77,46.66,applied
10100,1,SENSOR_MMTC,8,0,255,255,31.88,0.00,30.00,applied
10100,2,GENERIC_EMBB,5,22366414,217,22366631,4473326.20,100.00,23.33,applied
10200,0,VIDEO_EMBB,5,364503,3605148,3969651,793930.20,37.86,26.66,applied
10200,1,SENSOR_MMTC,8,0,255,255,31.88,0.00,45.00,applied
10200,2,GENERIC_EMBB,5,22366414,255,22366669,4473333.80,100.00,28.33,applied
10300,0,VIDEO_EMBB,5,364503,3602726,3967229,793445.80,37.83,31.66,applied
10300,1,SENSOR_MMTC,8,0,255,255,31.88,0.00,45.00,applied
10300,2,GENERIC_EMBB,5,22366414,255,22366669,4473333.80,100.00,23.33,applied
10400,0,VIDEO_EMBB,5,364503,3605500,3970003,794000.60,37.86,16.66,applied
10400,1,SENSOR_MMTC,8,0,255,255,31.88,0.00,20.00,applied
10400,2,GENERIC_EMBB,5,22366414,255,22366669,4473333.80,100.00,63.33,applied
10500,0,VIDEO_EMBB,5,364503,3603275,3967778,793555.60,37.84,16.66,applied
10500,1,SENSOR_MMTC,8,0,255,255,31.88,0.00,25.00,applied
10500,2,GENERIC_EMBB,5,22366414,255,22366669,4473333.80,100.00,58.33,applied
10600,0,VIDEO_EMBB,5,364503,3593183,3957686,791537.20,37.74,51.66,applied
10600,1,SENSOR_MMTC,8,0,255,255,31.88,0.00,20.00,applied
10600,2,GENERIC_EMBB,5,22366414,255,22366669,4473333.80,100.00,28.33,applied
