callId,timeMs,scenario,sliceId,rnti,inActiveUl,ulBufferSize,diagReason
1,502,greenran_low,0,1,1,34,0,0,in_active_ul
1,502,greenran_low,0,2,1,34,0,0,in_active_ul
1,502,greenran_low,0,3,1,34,0,0,in_active_ul
1,502,greenran_low,0,4,1,34,0,0,in_active_ul
1,502,greenran_low,0,5,0,0,0,0,not_in_active_ul
1,502,greenran_low,1,6,0,0,0,0,not_in_active_ul
1,502,greenran_low,1,7,0,0,0,0,not_in_active_ul
1,502,greenran_low,1,8,0,0,0,0,not_in_active_ul
1,502,greenran_low,1,9,0,0,0,0,not_in_active_ul
1,502,greenran_low,1,10,0,0,0,0,not_in_active_ul
1,502,greenran_low,1,11,0,0,0,0,not_in_active_ul
1,502,greenran_low,1,12,0,0,0,0,not_in_active_ul
1,502,greenran_low,1,19,0,0,0,0,not_in_active_ul
1,502,greenran_low,2,20,0,0,0,0,not_in_active_ul
1,502,greenran_low,2,21,0,0,0,0,not_in_active_ul
1,502,greenran_low,2,22,0,0,0,0,not_in_active_ul
1,502,greenran_low,2,23,0,0,0,0,not_in_active_ul
1,502,greenran_low,2,24,0,0,0,0,not_in_active_ul
132,602,greenran_low,0,1,0,0,0,0,not_in_active_ul
132,602,greenran_low,0,2,1,107674,0,0,in_active_ul
132,602,greenran_low,0,3,1,28586,0,0,in_active_ul
132,602,greenran_low,0,4,0,0,0,0,not_in_active_ul
132,602,greenran_low,0,5,1,540,0,0,in_active_ul
132,602,greenran_low,1,6,0,0,0,0,not_in_active_ul
132,602,greenran_low,1,7,0,0,0,0,not_in_active_ul
132,602,greenran_low,1,8,0,0,0,0,not_in_active_ul
132,602,greenran_low,1,9,0,0,0,0,not_in_active_ul
132,602,greenran_low,1,10,0,0,0,0,not_in_active_ul
132,602,greenran_low,1,11,0,0,0,0,not_in_active_ul
132,602,greenran_low,1,12,0,0,0,0,not_in_active_ul
132,602,greenran_low,1,19,0,0,0,0,not_in_active_ul
132,602,greenran_low,2,20,0,0,0,0,not_in_active_ul
132,602,greenran_low,2,21,0,0,0,0,not_in_active_ul
132,602,greenran_low,2,22,0,0,0,0,not_in_active_ul
132,602,greenran_low,2,23,0,0,0,0,not_in_active_ul
132,602,greenran_low,2,24,0,0,0,0,not_in_active_ul
273,702,greenran_low,0,1,1,1200005,0,0,in_active_ul
273,702,greenran_low,0,2,0,0,0,0,not_in_active_ul
273,702,greenran_low,0,3,0,0,0,0,not_in_active_ul
273,702,greenran_low,0,4,0,0,0,0,not_in_active_ul
273,702,greenran_low,0,5,0,0,0,0,not_in_active_ul
273,702,greenran_low,1,6,0,0,0,0,not_in_active_ul
273,702,greenran_low,1,7,0,0,0,0,not_in_active_ul
273,702,greenran_low,1,8,0,0,0,0,not_in_active_ul
273,702,greenran_low,1,9,0,0,0,0,not_in_active_ul
273,702,greenran_low,1,10,0,0,0,0,not_in_active_ul
273,702,greenran_low,1,11,0,0,0,0,not_in_active_ul
273,702,greenran_low,1,12,0,0,0,0,not_in_active_ul
273,702,greenran_low,1,19,0,0,0,0,not_in_active_ul
273,702,greenran_low,2,20,0,0,0,0,not_in_active_ul
273,702,greenran_low,2,21,0,0,0,0,not_in_active_ul
273,702,greenran_low,2,22,1,34,0,0,in_active_ul
273,702,greenran_low,2,23,0,0,0,0,not_in_active_ul
273,702,greenran_low,2,24,1,51,0,0,in_active_ul
398,803,greenran_low,0,1,1,1200005,0,0,in_active_ul
398,803,greenran_low,0,2,1,1200005,0,0,in_active_ul
398,803,greenran_low,0,3,1,107674,0,0,in_active_ul
398,803,greenran_low,0,4,0,0,0,0,not_in_active_ul
398,803,greenran_low,0,5,1,20521,0,0,in_active_ul
398,803,greenran_low,1,6,0,0,0,0,not_in_active_ul
398,803,greenran_low,1,7,0,0,0,0,not_in_active_ul
398,803,greenran_low,1,8,0,0,0,0,not_in_active_ul
398,803,greenran_low,1,9,0,0,0,0,not_in_active_ul
398,803,greenran_low,1,10,0,0,0,0,not_in_active_ul
398,803,greenran_low,1,11,0,0,0,0,not_in_active_ul
398,803,greenran_low,1,12,0,0,0,0,not_in_active_ul
398,803,greenran_low,1,19,0,0,0,0,not_in_active_ul
398,803,greenran_low,2,20,0,0,0,0,not_in_active_ul
398,803,greenran_low,2,21,0,0,0,0,not_in_active_ul
398,803,greenran_low,2,22,0,0,0,0,not_in_active_ul
398,803,greenran_low,2,23,0,0,0,0,not_in_active_ul
398,803,greenran_low,2,24,1,34,0,0,in_active_ul
526,903,greenran_low,0,1,0,0,0,0,not_in_active_ul
526,903,greenran_low,0,2,1,1200005,0,0,in_active_ul
526,903,greenran_low,0,3,1,77289,0,0,in_active_ul
526,903,greenran_low,0,4,0,0,0,0,not_in_active_ul
526,903,greenran_low,0,5,1,5451,0,0,in_active_ul
526,903,greenran_low,1,6,0,0,0,0,not_in_active_ul
526,903,greenran_low,1,7,0,0,0,0,not_in_active_ul
526,903,greenran_low,1,8,0,0,0,0,not_in_active_ul
526,903,greenran_low,1,9,0,0,0,0,not_in_active_ul
526,903,greenran_low,1,10,0,0,0,0,not_in_active_ul
526,903,greenran_low,1,11,0,0,0,0,not_in_active_ul
526,903,greenran_low,1,12,0,0,0,0,not_in_active_ul
526,903,greenran_low,1,19,0,0,0,0,not_in_active_ul
526,903,greenran_low,2,20,0,0,0,0,not_in_active_ul
526,903,greenran_low,2,21,0,0,0,0,not_in_active_ul
526,903,greenran_low,2,22,0,0,0,0,not_in_active_ul
526,903,greenran_low,2,23,0,0,0,0,not_in_active_ul
526,903,greenran_low,2,24,0,0,0,0,not_in_active_ul
637,1003,greenran_low,0,1,1,1200005,0,0,in_active_ul
637,1003,greenran_low,0,2,1,1197491,0,0,in_active_ul
637,1003,greenran_low,0,3,1,150005,0,0,in_active_ul
637,1003,greenran_low,0,4,0,0,0,0,not_in_active_ul
637,1003,greenran_low,0,5,0,0,0,0,not_in_active_ul
637,1003,greenran_low,1,6,0,0,0,0,not_in_active_ul
637,1003,greenran_low,1,7,0,0,0,0,not_in_active_ul
637,1003,greenran_low,1,8,0,0,0,0,not_in_active_ul
637,1003,greenran_low,1,9,0,0,0,0,not_in_active_ul
637,1003,greenran_low,1,10,0,0,0,0,not_in_active_ul
637,1003,greenran_low,1,11,0,0,0,0,not_in_active_ul
637,1003,greenran_low,1,12,0,0,0,0,not_in_active_ul
637,1003,greenran_low,1,19,0,0,0,0,not_in_active_ul
637,1003,greenran_low,2,20,0,0,0,0,not_in_active_ul
637,1003,greenran_low,2,21,0,0,0,0,not_in_active_ul
637,1003,greenran_low,2,22,0,0,0,0,not_in_active_ul
637,1003,greenran_low,2,23,0,0,0,0,not_in_active_ul
637,1003,greenran_low,2,24,0,0,0,0,not_in_active_ul
763,1103,greenran_low,0,1,0,0,0,0,not_in_active_ul
763,1103,greenran_low,0,2,1,1200005,0,0,in_active_ul
763,1103,greenran_low,0,3,1,150005,0,0,in_active_ul
763,1103,greenran_low,0,4,0,0,0,0,not_in_active_ul
763,1103,greenran_low,0,5,1,3914,0,0,in_active_ul
763,1103,greenran_low,1,6,0,0,0,0,not_in_active_ul
763,1103,greenran_low,1,7,0,0,0,0,not_in_active_ul
763,1103,greenran_low,1,8,0,0,0,0,not_in_active_ul
763,1103,greenran_low,1,9,0,0,0,0,not_in_active_ul
763,1103,greenran_low,1,10,0,0,0,0,not_in_active_ul
763,1103,greenran_low,1,11,0,0,0,0,not_in_active_ul
763,1103,greenran_low,1,12,0,0,0,0,not_in_active_ul
763,1103,greenran_low,1,19,0,0,0,0,not_in_active_ul
763,1103,greenran_low,2,20,0,0,0,0,not_in_active_ul
763,1103,greenran_low,2,21,0,0,0,0,not_in_active_ul
763,1103,greenran_low,2,22,0,0,0,0,not_in_active_ul
763,1103,greenran_low,2,23,0,0,0,0,not_in_active_ul
763,1103,greenran_low,2,24,0,0,0,0,not_in_active_ul
891,1203,greenran_low,0,1,1,1200005,0,0,in_active_ul
891,1203,greenran_low,0,2,1,1200005,0,0,in_active_ul
891,1203,greenran_low,0,3,1,1200005,0,0,in_active_ul
891,1203,greenran_low,0,4,0,0,0,0,not_in_active_ul
891,1203,greenran_low,0,5,1,34,0,0,in_active_ul
891,1203,greenran_low,1,6,0,0,0,0,not_in_active_ul
891,1203,greenran_low,1,7,0,0,0,0,not_in_active_ul
891,1203,greenran_low,1,8,0,0,0,0,not_in_active_ul
891,1203,greenran_low,1,9,0,0,0,0,not_in_active_ul
891,1203,greenran_low,1,10,0,0,0,0,not_in_active_ul
891,1203,greenran_low,1,11,0,0,0,0,not_in_active_ul
891,1203,greenran_low,1,12,0,0,0,0,not_in_active_ul
891,1203,greenran_low,1,19,0,0,0,0,not_in_active_ul
891,1203,greenran_low,2,20,0,0,0,0,not_in_active_ul
891,1203,greenran_low,2,21,0,0,0,0,not_in_active_ul
891,1203,greenran_low,2,22,0,0,0,0,not_in_active_ul
891,1203,greenran_low,2,23,0,0,0,0,not_in_active_ul
891,1203,greenran_low,2,24,0,0,0,0,not_in_active_ul
1008,1303,greenran_low,0,1,1,1199875,0,0,in_active_ul
1008,1303,greenran_low,0,2,1,1199063,0,0,in_active_ul
1008,1303,greenran_low,0,3,1,1198563,0,0,in_active_ul
1008,1303,greenran_low,0,4,0,0,0,0,not_in_active_ul
1008,1303,greenran_low,0,5,1,3914,0,0,in_active_ul
1008,1303,greenran_low,1,6,0,0,0,0,not_in_active_ul
1008,1303,greenran_low,1,7,0,0,0,0,not_in_active_ul
1008,1303,greenran_low,1,8,0,0,0,0,not_in_active_ul
1008,1303,greenran_low,1,9,0,0,0,0,not_in_active_ul
1008,1303,greenran_low,1,10,0,0,0,0,not_in_active_ul
1008,1303,greenran_low,1,11,0,0,0,0,not_in_active_ul
1008,1303,greenran_low,1,12,0,0,0,0,not_in_active_ul
1008,1303,greenran_low,1,19,0,0,0,0,not_in_active_ul
1008,1303,greenran_low,2,20,0,0,0,0,not_in_active_ul
1008,1303,greenran_low,2,21,0,0,0,0,not_in_active_ul
1008,1303,greenran_low,2,22,0,0,0,0,not_in_active_ul
1008,1303,greenran_low,2,23,0,0,0,0,not_in_active_ul
1008,1303,greenran_low,2,24,0,0,0,0,not_in_active_ul
1135,1403,greenran_low,0,1,1,1199785,0,0,in_active_ul
1135,1403,greenran_low,0,2,1,1200005,0,0,in_active_ul
1135,1403,greenran_low,0,3,1,1200005,0,0,in_active_ul
1135,1403,greenran_low,0,4,0,0,0,0,not_in_active_ul
1135,1403,greenran_low,0,5,0,0,0,0,not_in_active_ul
1135,1403,greenran_low,1,6,0,0,0,0,not_in_active_ul
1135,1403,greenran_low,1,7,0,0,0,0,not_in_active_ul
1135,1403,greenran_low,1,8,0,0,0,0,not_in_active_ul
1135,1403,greenran_low,1,9,0,0,0,0,not_in_active_ul
1135,1403,greenran_low,1,10,0,0,0,0,not_in_active_ul
1135,1403,greenran_low,1,11,0,0,0,0,not_in_active_ul
1135,1403,greenran_low,1,12,0,0,0,0,not_in_active_ul
1135,1403,greenran_low,1,19,0,0,0,0,not_in_active_ul
1135,1403,greenran_low,2,20,1,51,0,0,in_active_ul
1135,1403,greenran_low,2,21,0,0,0,0,not_in_active_ul
1135,1403,greenran_low,2,22,1,51,0,0,in_active_ul
1135,1403,greenran_low,2,23,0,0,0,0,not_in_active_ul
1135,1403,greenran_low,2,24,0,0,0,0,not_in_active_ul
1262,1503,greenran_low,0,1,0,0,0,0,not_in_active_ul
1262,1503,greenran_low,0,2,1,1200005,0,0,in_active_ul
1262,1503,greenran_low,0,3,1,1200005,0,0,in_active_ul
1262,1503,greenran_low,0,4,0,0,0,0,not_in_active_ul
1262,1503,greenran_low,0,5,1,34,0,0,in_active_ul
1262,1503,greenran_low,1,6,0,0,0,0,not_in_active_ul
1262,1503,greenran_low,1,7,0,0,0,0,not_in_active_ul
1262,1503,greenran_low,1,8,0,0,0,0,not_in_active_ul
1262,1503,greenran_low,1,9,0,0,0,0,not_in_active_ul
1262,1503,greenran_low,1,10,0,0,0,0,not_in_active_ul
1262,1503,greenran_low,1,11,0,0,0,0,not_in_active_ul
1262,1503,greenran_low,1,12,0,0,0,0,not_in_active_ul
1262,1503,greenran_low,1,19,0,0,0,0,not_in_active_ul
1262,1503,greenran_low,2,20,0,0,0,0,not_in_active_ul
1262,1503,greenran_low,2,21,0,0,0,0,not_in_active_ul
1262,1503,greenran_low,2,22,0,0,0,0,not_in_active_ul
1262,1503,greenran_low,2,23,0,0,0,0,not_in_active_ul
1262,1503,greenran_low,2,24,0,0,0,0,not_in_active_ul
1387,1603,greenran_low,0,1,1,1200005,0,0,in_active_ul
1387,1603,greenran_low,0,2,1,1200005,0,0,in_active_ul
1387,1603,greenran_low,0,3,1,1200005,0,0,in_active_ul
1387,1603,greenran_low,0,4,0,0,0,0,not_in_active_ul
1387,1603,greenran_low,0,5,1,34,0,0,in_active_ul
1387,1603,greenran_low,1,6,0,0,0,0,not_in_active_ul
1387,1603,greenran_low,1,7,0,0,0,0,not_in_active_ul
1387,1603,greenran_low,1,8,0,0,0,0,not_in_active_ul
1387,1603,greenran_low,1,9,0,0,0,0,not_in_active_ul
1387,1603,greenran_low,1,10,0,0,0,0,not_in_active_ul
1387,1603,greenran_low,1,11,0,0,0,0,not_in_active_ul
1387,1603,greenran_low,1,12,0,0,0,0,not_in_active_ul
1387,1603,greenran_low,1,19,0,0,0,0,not_in_active_ul
1387,1603,greenran_low,2,20,0,0,0,0,not_in_active_ul
1387,1603,greenran_low,2,21,0,0,0,0,not_in_active_ul
1387,1603,greenran_low,2,22,0,0,0,0,not_in_active_ul
1387,1603,greenran_low,2,23,0,0,0,0,not_in_active_ul
1387,1603,greenran_low,2,24,0,0,0,0,not_in_active_ul
1520,1703,greenran_low,0,1,0,0,0,0,not_in_active_ul
1520,1703,greenran_low,0,2,1,1200005,0,0,in_active_ul
1520,1703,greenran_low,0,3,1,1200005,0,0,in_active_ul
1520,1703,greenran_low,0,4,0,0,0,0,not_in_active_ul
1520,1703,greenran_low,0,5,1,2811,0,0,in_active_ul
1520,1703,greenran_low,1,6,0,0,0,0,not_in_active_ul
1520,1703,greenran_low,1,7,0,0,0,0,not_in_active_ul
1520,1703,greenran_low,1,8,0,0,0,0,not_in_active_ul
1520,1703,greenran_low,1,9,0,0,0,0,not_in_active_ul
1520,1703,greenran_low,1,10,0,0,0,0,not_in_active_ul
1520,1703,greenran_low,1,11,0,0,0,0,not_in_active_ul
1520,1703,greenran_low,1,12,0,0,0,0,not_in_active_ul
1520,1703,greenran_low,1,19,0,0,0,0,not_in_active_ul
1520,1703,greenran_low,2,20,0,0,0,0,not_in_active_ul
1520,1703,greenran_low,2,21,0,0,0,0,not_in_active_ul
1520,1703,greenran_low,2,22,0,0,0,0,not_in_active_ul
1520,1703,greenran_low,2,23,0,0,0,0,not_in_active_ul
1520,1703,greenran_low,2,24,0,0,0,0,not_in_active_ul
1626,1803,greenran_low,0,1,1,1199921,0,0,in_active_ul
1626,1803,greenran_low,0,2,0,0,0,0,not_in_active_ul
1626,1803,greenran_low,0,3,0,0,0,0,not_in_active_ul
1626,1803,greenran_low,0,4,0,0,0,0,not_in_active_ul
1626,1803,greenran_low,0,5,1,39823,0,0,in_active_ul
1626,1803,greenran_low,1,6,0,0,0,0,not_in_active_ul
1626,1803,greenran_low,1,7,0,0,0,0,not_in_active_ul
1626,1803,greenran_low,1,8,0,0,0,0,not_in_active_ul
1626,1803,greenran_low,1,9,0,0,0,0,not_in_active_ul
1626,1803,greenran_low,1,10,0,0,0,0,not_in_active_ul
1626,1803,greenran_low,1,11,0,0,0,0,not_in_active_ul
1626,1803,greenran_low,1,12,0,0,0,0,not_in_active_ul
1626,1803,greenran_low,1,19,0,0,0,0,not_in_active_ul
1626,1803,greenran_low,2,20,0,0,0,0,not_in_active_ul
1626,1803,greenran_low,2,21,0,0,0,0,not_in_active_ul
1626,1803,greenran_low,2,22,0,0,0,0,not_in_active_ul
1626,1803,greenran_low,2,23,0,0,0,0,not_in_active_ul
1626,1803,greenran_low,2,24,0,0,0,0,not_in_active_ul
1745,1903,greenran_low,0,1,0,0,0,0,not_in_active_ul
1745,1903,greenran_low,0,2,1,1200005,0,0,in_active_ul
1745,1903,greenran_low,0,3,1,1200005,0,0,in_active_ul
1745,1903,greenran_low,0,4,0,0,0,0,not_in_active_ul
1745,1903,greenran_low,0,5,1,1043,0,0,in_active_ul
1745,1903,greenran_low,1,6,0,0,0,0,not_in_active_ul
1745,1903,greenran_low,1,7,0,0,0,0,not_in_active_ul
1745,1903,greenran_low,1,8,0,0,0,0,not_in_active_ul
1745,1903,greenran_low,1,9,0,0,0,0,not_in_active_ul
1745,1903,greenran_low,1,10,0,0,0,0,not_in_active_ul
1745,1903,greenran_low,1,11,0,0,0,0,not_in_active_ul
1745,1903,greenran_low,1,12,0,0,0,0,not_in_active_ul
1745,1903,greenran_low,1,19,0,0,0,0,not_in_active_ul
1745,1903,greenran_low,2,20,0,0,0,0,not_in_active_ul
1745,1903,greenran_low,2,21,0,0,0,0,not_in_active_ul
1745,1903,greenran_low,2,22,0,0,0,0,not_in_active_ul
1745,1903,greenran_low,2,23,0,0,0,0,not_in_active_ul
1745,1903,greenran_low,2,24,0,0,0,0,not_in_active_ul
1865,2003,greenran_low,0,1,0,0,0,0,not_in_active_ul
1865,2003,greenran_low,0,2,1,1200005,0,0,in_active_ul
1865,2003,greenran_low,0,3,1,1200005,0,0,in_active_ul
1865,2003,greenran_low,0,4,0,0,0,0,not_in_active_ul
1865,2003,greenran_low,0,5,0,0,0,0,not_in_active_ul
1865,2003,greenran_low,1,6,0,0,0,0,not_in_active_ul
1865,2003,greenran_low,1,7,0,0,0,0,not_in_active_ul
1865,2003,greenran_low,1,8,0,0,0,0,not_in_active_ul
1865,2003,greenran_low,1,9,0,0,0,0,not_in_active_ul
1865,2003,greenran_low,1,10,0,0,0,0,not_in_active_ul
1865,2003,greenran_low,1,11,0,0,0,0,not_in_active_ul
1865,2003,greenran_low,1,12,0,0,0,0,not_in_active_ul
1865,2003,greenran_low,1,19,0,0,0,0,not_in_active_ul
1865,2003,greenran_low,2,20,0,0,0,0,not_in_active_ul
1865,2003,greenran_low,2,21,0,0,0,0,not_in_active_ul
1865,2003,greenran_low,2,22,0,0,0,0,not_in_active_ul
1865,2003,greenran_low,2,23,0,0,0,0,not_in_active_ul
1865,2003,greenran_low,2,24,0,0,0,0,not_in_active_ul
1985,2103,greenran_low,0,1,0,0,0,0,not_in_active_ul
1985,2103,greenran_low,0,2,1,1200005,0,0,in_active_ul
1985,2103,greenran_low,0,3,1,1200005,0,0,in_active_ul
1985,2103,greenran_low,0,4,0,0,0,0,not_in_active_ul
1985,2103,greenran_low,0,5,1,34,0,0,in_active_ul
1985,2103,greenran_low,1,6,0,0,0,0,not_in_active_ul
1985,2103,greenran_low,1,7,0,0,0,0,not_in_active_ul
1985,2103,greenran_low,1,8,0,0,0,0,not_in_active_ul
1985,2103,greenran_low,1,9,0,0,0,0,not_in_active_ul
1985,2103,greenran_low,1,10,0,0,0,0,not_in_active_ul
1985,2103,greenran_low,1,11,0,0,0,0,not_in_active_ul
1985,2103,greenran_low,1,12,0,0,0,0,not_in_active_ul
1985,2103,greenran_low,1,19,0,0,0,0,not_in_active_ul
1985,2103,greenran_low,2,20,0,0,0,0,not_in_active_ul
1985,2103,greenran_low,2,21,0,0,0,0,not_in_active_ul
1985,2103,greenran_low,2,22,0,0,0,0,not_in_active_ul
1985,2103,greenran_low,2,23,0,0,0,0,not_in_active_ul
1985,2103,greenran_low,2,24,0,0,0,0,not_in_active_ul
2118,2203,greenran_low,0,1,1,1200005,0,0,in_active_ul
2118,2203,greenran_low,0,2,1,1200005,0,0,in_active_ul
2118,2203,greenran_low,0,3,1,1200005,0,0,in_active_ul
2118,2203,greenran_low,0,4,0,0,0,0,not_in_active_ul
2118,2203,greenran_low,0,5,1,34,0,0,in_active_ul
2118,2203,greenran_low,1,6,0,0,0,0,not_in_active_ul
2118,2203,greenran_low,1,7,0,0,0,0,not_in_active_ul
2118,2203,greenran_low,1,8,0,0,0,0,not_in_active_ul
2118,2203,greenran_low,1,9,0,0,0,0,not_in_active_ul
2118,2203,greenran_low,1,10,0,0,0,0,not_in_active_ul
2118,2203,greenran_low,1,11,0,0,0,0,not_in_active_ul
2118,2203,greenran_low,1,12,0,0,0,0,not_in_active_ul
2118,2203,greenran_low,1,19,0,0,0,0,not_in_active_ul
2118,2203,greenran_low,2,20,0,0,0,0,not_in_active_ul
2118,2203,greenran_low,2,21,0,0,0,0,not_in_active_ul
2118,2203,greenran_low,2,22,0,0,0,0,not_in_active_ul
2118,2203,greenran_low,2,23,0,0,0,0,not_in_active_ul
2118,2203,greenran_low,2,24,0,0,0,0,not_in_active_ul
2234,2303,greenran_low,0,1,0,0,0,0,not_in_active_ul
2234,2303,greenran_low,0,2,1,1200005,0,0,in_active_ul
2234,2303,greenran_low,0,3,1,1200005,0,0,in_active_ul
2234,2303,greenran_low,0,4,0,0,0,0,not_in_active_ul
2234,2303,greenran_low,0,5,0,0,0,0,not_in_active_ul
2234,2303,greenran_low,1,6,0,0,0,0,not_in_active_ul
2234,2303,greenran_low,1,7,0,0,0,0,not_in_active_ul
2234,2303,greenran_low,1,8,0,0,0,0,not_in_active_ul
2234,2303,greenran_low,1,9,0,0,0,0,not_in_active_ul
2234,2303,greenran_low,1,10,0,0,0,0,not_in_active_ul
2234,2303,greenran_low,1,11,0,0,0,0,not_in_active_ul
2234,2303,greenran_low,1,12,0,0,0,0,not_in_active_ul
2234,2303,greenran_low,1,19,0,0,0,0,not_in_active_ul
2234,2303,greenran_low,2,20,0,0,0,0,not_in_active_ul
2234,2303,greenran_low,2,21,0,0,0,0,not_in_active_ul
2234,2303,greenran_low,2,22,0,0,0,0,not_in_active_ul
2234,2303,greenran_low,2,23,0,0,0,0,not_in_active_ul
2234,2303,greenran_low,2,24,0,0,0,0,not_in_active_ul
2342,2403,greenran_low,0,1,1,1200005,0,0,in_active_ul
2342,2403,greenran_low,0,2,1,1200005,0,0,in_active_ul
2342,2403,greenran_low,0,3,1,1200005,0,0,in_active_ul
2342,2403,greenran_low,0,4,0,0,0,0,not_in_active_ul
2342,2403,greenran_low,0,5,0,0,0,0,not_in_active_ul
2342,2403,greenran_low,1,6,0,0,0,0,not_in_active_ul
2342,2403,greenran_low,1,7,0,0,0,0,not_in_active_ul
2342,2403,greenran_low,1,8,0,0,0,0,not_in_active_ul
2342,2403,greenran_low,1,9,0,0,0,0,not_in_active_ul
2342,2403,greenran_low,1,10,0,0,0,0,not_in_active_ul
2342,2403,greenran_low,1,11,0,0,0,0,not_in_active_ul
2342,2403,greenran_low,1,12,0,0,0,0,not_in_active_ul
2342,2403,greenran_low,1,19,0,0,0,0,not_in_active_ul
2342,2403,greenran_low,2,20,0,0,0,0,not_in_active_ul
2342,2403,greenran_low,2,21,0,0,0,0,not_in_active_ul
2342,2403,greenran_low,2,22,0,0,0,0,not_in_active_ul
2342,2403,greenran_low,2,23,0,0,0,0,not_in_active_ul
2342,2403,greenran_low,2,24,0,0,0,0,not_in_active_ul
2473,2503,greenran_low,0,1,0,0,0,0,not_in_active_ul
2473,2503,greenran_low,0,2,1,1200005,0,0,in_active_ul
2473,2503,greenran_low,0,3,1,1200005,0,0,in_active_ul
2473,2503,greenran_low,0,4,0,0,0,0,not_in_active_ul
2473,2503,greenran_low,0,5,1,2019,0,0,in_active_ul
2473,2503,greenran_low,1,6,0,0,0,0,not_in_active_ul
2473,2503,greenran_low,1,7,0,0,0,0,not_in_active_ul
2473,2503,greenran_low,1,8,0,0,0,0,not_in_active_ul
2473,2503,greenran_low,1,9,0,0,0,0,not_in_active_ul
2473,2503,greenran_low,1,10,0,0,0,0,not_in_active_ul
2473,2503,greenran_low,1,11,0,0,0,0,not_in_active_ul
2473,2503,greenran_low,1,12,0,0,0,0,not_in_active_ul
2473,2503,greenran_low,1,19,0,0,0,0,not_in_active_ul
2473,2503,greenran_low,2,20,0,0,0,0,not_in_active_ul
2473,2503,greenran_low,2,21,0,0,0,0,not_in_active_ul
2473,2503,greenran_low,2,22,0,0,0,0,not_in_active_ul
2473,2503,greenran_low,2,23,0,0,0,0,not_in_active_ul
2473,2503,greenran_low,2,24,0,0,0,0,not_in_active_ul
2602,2603,greenran_low,0,1,1,1200005,0,0,in_active_ul
2602,2603,greenran_low,0,2,1,1200005,0,0,in_active_ul
2602,2603,greenran_low,0,3,1,1200005,0,0,in_active_ul
2602,2603,greenran_low,0,4,0,0,0,0,not_in_active_ul
2602,2603,greenran_low,0,5,1,1451,0,0,in_active_ul
2602,2603,greenran_low,1,6,0,0,0,0,not_in_active_ul
2602,2603,greenran_low,1,7,0,0,0,0,not_in_active_ul
2602,2603,greenran_low,1,8,0,0,0,0,not_in_active_ul
2602,2603,greenran_low,1,9,0,0,0,0,not_in_active_ul
2602,2603,greenran_low,1,10,0,0,0,0,not_in_active_ul
2602,2603,greenran_low,1,11,0,0,0,0,not_in_active_ul
2602,2603,greenran_low,1,12,0,0,0,0,not_in_active_ul
2602,2603,greenran_low,1,19,0,0,0,0,not_in_active_ul
2602,2603,greenran_low,2,20,0,0,0,0,not_in_active_ul
2602,2603,greenran_low,2,21,0,0,0,0,not_in_active_ul
2602,2603,greenran_low,2,22,0,0,0,0,not_in_active_ul
2602,2603,greenran_low,2,23,0,0,0,0,not_in_active_ul
2602,2603,greenran_low,2,24,0,0,0,0,not_in_active_ul
2713,2703,greenran_low,0,1,0,0,0,0,not_in_active_ul
2713,2703,greenran_low,0,2,1,1196306,0,0,in_active_ul
2713,2703,greenran_low,0,3,1,1195019,0,0,in_active_ul
2713,2703,greenran_low,0,4,0,0,0,0,not_in_active_ul
2713,2703,greenran_low,0,5,1,10575,0,0,in_active_ul
2713,2703,greenran_low,1,6,0,0,0,0,not_in_active_ul
2713,2703,greenran_low,1,7,0,0,0,0,not_in_active_ul
2713,2703,greenran_low,1,8,0,0,0,0,not_in_active_ul
2713,2703,greenran_low,1,9,0,0,0,0,not_in_active_ul
2713,2703,greenran_low,1,10,0,0,0,0,not_in_active_ul
2713,2703,greenran_low,1,11,0,0,0,0,not_in_active_ul
2713,2703,greenran_low,1,12,0,0,0,0,not_in_active_ul
2713,2703,greenran_low,1,19,0,0,0,0,not_in_active_ul
2713,2703,greenran_low,2,20,0,0,0,0,not_in_active_ul
2713,2703,greenran_low,2,21,0,0,0,0,not_in_active_ul
2713,2703,greenran_low,2,22,0,0,0,0,not_in_active_ul
2713,2703,greenran_low,2,23,0,0,0,0,not_in_active_ul
2713,2703,greenran_low,2,24,0,0,0,0,not_in_active_ul
2833,2803,greenran_low,0,1,1,1198077,0,0,in_active_ul
2833,2803,greenran_low,0,2,1,1199688,0,0,in_active_ul
2833,2803,greenran_low,0,3,1,1199122,0,0,in_active_ul
2833,2803,greenran_low,0,4,0,0,0,0,not_in_active_ul
2833,2803,greenran_low,0,5,1,916,0,0,in_active_ul
2833,2803,greenran_low,1,6,0,0,0,0,not_in_active_ul
2833,2803,greenran_low,1,7,0,0,0,0,not_in_active_ul
2833,2803,greenran_low,1,8,0,0,0,0,not_in_active_ul
2833,2803,greenran_low,1,9,0,0,0,0,not_in_active_ul
2833,2803,greenran_low,1,10,0,0,0,0,not_in_active_ul
2833,2803,greenran_low,1,11,0,0,0,0,not_in_active_ul
2833,2803,greenran_low,1,12,0,0,0,0,not_in_active_ul
2833,2803,greenran_low,1,19,0,0,0,0,not_in_active_ul
2833,2803,greenran_low,2,20,0,0,0,0,not_in_active_ul
2833,2803,greenran_low,2,21,0,0,0,0,not_in_active_ul
2833,2803,greenran_low,2,22,0,0,0,0,not_in_active_ul
2833,2803,greenran_low,2,23,0,0,0,0,not_in_active_ul
2833,2803,greenran_low,2,24,0,0,0,0,not_in_active_ul
2941,2903,greenran_low,0,1,1,1199791,0,0,in_active_ul
2941,2903,greenran_low,0,2,0,0,0,0,not_in_active_ul
2941,2903,greenran_low,0,3,1,1196397,0,0,in_active_ul
2941,2903,greenran_low,0,4,0,0,0,0,not_in_active_ul
2941,2903,greenran_low,0,5,1,3914,0,0,in_active_ul
2941,2903,greenran_low,1,6,0,0,0,0,not_in_active_ul
2941,2903,greenran_low,1,7,0,0,0,0,not_in_active_ul
2941,2903,greenran_low,1,8,0,0,0,0,not_in_active_ul
2941,2903,greenran_low,1,9,0,0,0,0,not_in_active_ul
2941,2903,greenran_low,1,10,0,0,0,0,not_in_active_ul
2941,2903,greenran_low,1,11,0,0,0,0,not_in_active_ul
2941,2903,greenran_low,1,12,0,0,0,0,not_in_active_ul
2941,2903,greenran_low,1,19,0,0,0,0,not_in_active_ul
2941,2903,greenran_low,2,20,0,0,0,0,not_in_active_ul
2941,2903,greenran_low,2,21,0,0,0,0,not_in_active_ul
2941,2903,greenran_low,2,22,0,0,0,0,not_in_active_ul
2941,2903,greenran_low,2,23,0,0,0,0,not_in_active_ul
2941,2903,greenran_low,2,24,0,0,0,0,not_in_active_ul
3069,3003,greenran_low,0,1,1,1199892,0,0,in_active_ul
3069,3003,greenran_low,0,2,1,1200005,0,0,in_active_ul
3069,3003,greenran_low,0,3,1,1200005,0,0,in_active_ul
3069,3003,greenran_low,0,4,0,0,0,0,not_in_active_ul
3069,3003,greenran_low,0,5,1,34,0,0,in_active_ul
3069,3003,greenran_low,1,6,0,0,0,0,not_in_active_ul
3069,3003,greenran_low,1,7,0,0,0,0,not_in_active_ul
3069,3003,greenran_low,1,8,0,0,0,0,not_in_active_ul
3069,3003,greenran_low,1,9,0,0,0,0,not_in_active_ul
3069,3003,greenran_low,1,10,0,0,0,0,not_in_active_ul
3069,3003,greenran_low,1,11,0,0,0,0,not_in_active_ul
3069,3003,greenran_low,1,12,0,0,0,0,not_in_active_ul
3069,3003,greenran_low,1,19,0,0,0,0,not_in_active_ul
3069,3003,greenran_low,2,20,0,0,0,0,not_in_active_ul
3069,3003,greenran_low,2,21,0,0,0,0,not_in_active_ul
3069,3003,greenran_low,2,22,0,0,0,0,not_in_active_ul
3069,3003,greenran_low,2,23,0,0,0,0,not_in_active_ul
3069,3003,greenran_low,2,24,0,0,0,0,not_in_active_ul
3182,3103,greenran_low,0,1,0,0,0,0,not_in_active_ul
3182,3103,greenran_low,0,2,1,1200005,0,0,in_active_ul
3182,3103,greenran_low,0,3,1,1200005,0,0,in_active_ul
3182,3103,greenran_low,0,4,0,0,0,0,not_in_active_ul
3182,3103,greenran_low,0,5,1,10575,0,0,in_active_ul
3182,3103,greenran_low,1,6,0,0,0,0,not_in_active_ul
3182,3103,greenran_low,1,7,0,0,0,0,not_in_active_ul
3182,3103,greenran_low,1,8,0,0,0,0,not_in_active_ul
3182,3103,greenran_low,1,9,0,0,0,0,not_in_active_ul
3182,3103,greenran_low,1,10,0,0,0,0,not_in_active_ul
3182,3103,greenran_low,1,11,0,0,0,0,not_in_active_ul
3182,3103,greenran_low,1,12,0,0,0,0,not_in_active_ul
3182,3103,greenran_low,1,19,0,0,0,0,not_in_active_ul
3182,3103,greenran_low,2,20,0,0,0,0,not_in_active_ul
3182,3103,greenran_low,2,21,0,0,0,0,not_in_active_ul
3182,3103,greenran_low,2,22,0,0,0,0,not_in_active_ul
3182,3103,greenran_low,2,23,0,0,0,0,not_in_active_ul
3182,3103,greenran_low,2,24,0,0,0,0,not_in_active_ul
3307,3203,greenran_low,0,1,1,1199912,0,0,in_active_ul
3307,3203,greenran_low,0,2,1,1200005,0,0,in_active_ul
3307,3203,greenran_low,0,3,1,1200005,0,0,in_active_ul
3307,3203,greenran_low,0,4,0,0,0,0,not_in_active_ul
3307,3203,greenran_low,0,5,1,1451,0,0,in_active_ul
3307,3203,greenran_low,1,6,0,0,0,0,not_in_active_ul
3307,3203,greenran_low,1,7,0,0,0,0,not_in_active_ul
3307,3203,greenran_low,1,8,0,0,0,0,not_in_active_ul
3307,3203,greenran_low,1,9,0,0,0,0,not_in_active_ul
3307,3203,greenran_low,1,10,0,0,0,0,not_in_active_ul
3307,3203,greenran_low,1,11,0,0,0,0,not_in_active_ul
3307,3203,greenran_low,1,12,0,0,0,0,not_in_active_ul
3307,3203,greenran_low,1,19,0,0,0,0,not_in_active_ul
3307,3203,greenran_low,2,20,0,0,0,0,not_in_active_ul
3307,3203,greenran_low,2,21,0,0,0,0,not_in_active_ul
3307,3203,greenran_low,2,22,0,0,0,0,not_in_active_ul
3307,3203,greenran_low,2,23,0,0,0,0,not_in_active_ul
3307,3203,greenran_low,2,24,0,0,0,0,not_in_active_ul
3417,3303,greenran_low,0,1,1,1200005,0,0,in_active_ul
3417,3303,greenran_low,0,2,1,1200005,0,0,in_active_ul
3417,3303,greenran_low,0,3,0,0,0,0,not_in_active_ul
3417,3303,greenran_low,0,4,0,0,0,0,not_in_active_ul
3417,3303,greenran_low,0,5,1,5451,0,0,in_active_ul
3417,3303,greenran_low,1,6,0,0,0,0,not_in_active_ul
3417,3303,greenran_low,1,7,0,0,0,0,not_in_active_ul
3417,3303,greenran_low,1,8,0,0,0,0,not_in_active_ul
3417,3303,greenran_low,1,9,0,0,0,0,not_in_active_ul
3417,3303,greenran_low,1,10,0,0,0,0,not_in_active_ul
3417,3303,greenran_low,1,11,0,0,0,0,not_in_active_ul
3417,3303,greenran_low,1,12,0,0,0,0,not_in_active_ul
3417,3303,greenran_low,1,19,0,0,0,0,not_in_active_ul
3417,3303,greenran_low,2,20,0,0,0,0,not_in_active_ul
3417,3303,greenran_low,2,21,0,0,0,0,not_in_active_ul
3417,3303,greenran_low,2,22,0,0,0,0,not_in_active_ul
3417,3303,greenran_low,2,23,0,0,0,0,not_in_active_ul
3417,3303,greenran_low,2,24,0,0,0,0,not_in_active_ul
3537,3403,greenran_low,0,1,0,0,0,0,not_in_active_ul
3537,3403,greenran_low,0,2,1,1200005,0,0,in_active_ul
3537,3403,greenran_low,0,3,1,1200005,0,0,in_active_ul
3537,3403,greenran_low,0,4,0,0,0,0,not_in_active_ul
3537,3403,greenran_low,0,5,1,2811,0,0,in_active_ul
3537,3403,greenran_low,1,6,0,0,0,0,not_in_active_ul
3537,3403,greenran_low,1,7,0,0,0,0,not_in_active_ul
3537,3403,greenran_low,1,8,0,0,0,0,not_in_active_ul
3537,3403,greenran_low,1,9,0,0,0,0,not_in_active_ul
3537,3403,greenran_low,1,10,0,0,0,0,not_in_active_ul
3537,3403,greenran_low,1,11,0,0,0,0,not_in_active_ul
3537,3403,greenran_low,1,12,0,0,0,0,not_in_active_ul
3537,3403,greenran_low,1,19,0,0,0,0,not_in_active_ul
3537,3403,greenran_low,2,20,0,0,0,0,not_in_active_ul
3537,3403,greenran_low,2,21,0,0,0,0,not_in_active_ul
3537,3403,greenran_low,2,22,0,0,0,0,not_in_active_ul
3537,3403,greenran_low,2,23,0,0,0,0,not_in_active_ul
3537,3403,greenran_low,2,24,0,0,0,0,not_in_active_ul
3661,3503,greenran_low,0,1,0,0,0,0,not_in_active_ul
3661,3503,greenran_low,0,2,1,1200005,0,0,in_active_ul
3661,3503,greenran_low,0,3,1,1200005,0,0,in_active_ul
3661,3503,greenran_low,0,4,0,0,0,0,not_in_active_ul
3661,3503,greenran_low,0,5,1,1451,0,0,in_active_ul
3661,3503,greenran_low,1,6,0,0,0,0,not_in_active_ul
3661,3503,greenran_low,1,7,0,0,0,0,not_in_active_ul
3661,3503,greenran_low,1,8,0,0,0,0,not_in_active_ul
3661,3503,greenran_low,1,9,0,0,0,0,not_in_active_ul
3661,3503,greenran_low,1,10,0,0,0,0,not_in_active_ul
3661,3503,greenran_low,1,11,0,0,0,0,not_in_active_ul
3661,3503,greenran_low,1,12,0,0,0,0,not_in_active_ul
3661,3503,greenran_low,1,19,0,0,0,0,not_in_active_ul
3661,3503,greenran_low,2,20,0,0,0,0,not_in_active_ul
3661,3503,greenran_low,2,21,0,0,0,0,not_in_active_ul
3661,3503,greenran_low,2,22,0,0,0,0,not_in_active_ul
3661,3503,greenran_low,2,23,0,0,0,0,not_in_active_ul
3661,3503,greenran_low,2,24,0,0,0,0,not_in_active_ul
3780,3603,greenran_low,0,1,1,1200005,0,0,in_active_ul
3780,3603,greenran_low,0,2,1,1200005,0,0,in_active_ul
3780,3603,greenran_low,0,3,1,1200005,0,0,in_active_ul
3780,3603,greenran_low,0,4,0,0,0,0,not_in_active_ul
3780,3603,greenran_low,0,5,1,1451,0,0,in_active_ul
3780,3603,greenran_low,1,6,0,0,0,0,not_in_active_ul
3780,3603,greenran_low,1,7,0,0,0,0,not_in_active_ul
3780,3603,greenran_low,1,8,0,0,0,0,not_in_active_ul
3780,3603,greenran_low,1,9,0,0,0,0,not_in_active_ul
3780,3603,greenran_low,1,10,0,0,0,0,not_in_active_ul
3780,3603,greenran_low,1,11,0,0,0,0,not_in_active_ul
3780,3603,greenran_low,1,12,0,0,0,0,not_in_active_ul
3780,3603,greenran_low,1,19,0,0,0,0,not_in_active_ul
3780,3603,greenran_low,2,20,1,51,0,0,in_active_ul
3780,3603,greenran_low,2,21,0,0,0,0,not_in_active_ul
3780,3603,greenran_low,2,22,0,0,0,0,not_in_active_ul
3780,3603,greenran_low,2,23,0,0,0,0,not_in_active_ul
3780,3603,greenran_low,2,24,0,0,0,0,not_in_active_ul
3906,3703,greenran_low,0,1,0,0,0,0,not_in_active_ul
3906,3703,greenran_low,0,2,1,1200005,0,0,in_active_ul
3906,3703,greenran_low,0,3,1,1200005,0,0,in_active_ul
3906,3703,greenran_low,0,4,0,0,0,0,not_in_active_ul
3906,3703,greenran_low,0,5,1,2811,0,0,in_active_ul
3906,3703,greenran_low,1,6,0,0,0,0,not_in_active_ul
3906,3703,greenran_low,1,7,0,0,0,0,not_in_active_ul
3906,3703,greenran_low,1,8,0,0,0,0,not_in_active_ul
3906,3703,greenran_low,1,9,0,0,0,0,not_in_active_ul
3906,3703,greenran_low,1,10,0,0,0,0,not_in_active_ul
3906,3703,greenran_low,1,11,0,0,0,0,not_in_active_ul
3906,3703,greenran_low,1,12,0,0,0,0,not_in_active_ul
3906,3703,greenran_low,1,19,0,0,0,0,not_in_active_ul
3906,3703,greenran_low,2,20,0,0,0,0,not_in_active_ul
3906,3703,greenran_low,2,21,0,0,0,0,not_in_active_ul
3906,3703,greenran_low,2,22,0,0,0,0,not_in_active_ul
3906,3703,greenran_low,2,23,0,0,0,0,not_in_active_ul
3906,3703,greenran_low,2,24,0,0,0,0,not_in_active_ul
4033,3803,greenran_low,0,1,1,1199923,0,0,in_active_ul
4033,3803,greenran_low,0,2,1,1200005,0,0,in_active_ul
4033,3803,greenran_low,0,3,1,1200005,0,0,in_active_ul
4033,3803,greenran_low,0,4,0,0,0,0,not_in_active_ul
4033,3803,greenran_low,0,5,1,34,0,0,in_active_ul
4033,3803,greenran_low,1,6,0,0,0,0,not_in_active_ul
4033,3803,greenran_low,1,7,0,0,0,0,not_in_active_ul
4033,3803,greenran_low,1,8,0,0,0,0,not_in_active_ul
4033,3803,greenran_low,1,9,0,0,0,0,not_in_active_ul
4033,3803,greenran_low,1,10,0,0,0,0,not_in_active_ul
4033,3803,greenran_low,1,11,0,0,0,0,not_in_active_ul
4033,3803,greenran_low,1,12,0,0,0,0,not_in_active_ul
4033,3803,greenran_low,1,19,0,0,0,0,not_in_active_ul
4033,3803,greenran_low,2,20,0,0,0,0,not_in_active_ul
4033,3803,greenran_low,2,21,0,0,0,0,not_in_active_ul
4033,3803,greenran_low,2,22,0,0,0,0,not_in_active_ul
4033,3803,greenran_low,2,23,0,0,0,0,not_in_active_ul
4033,3803,greenran_low,2,24,0,0,0,0,not_in_active_ul
4164,3903,greenran_low,0,1,0,0,0,0,not_in_active_ul
4164,3903,greenran_low,0,2,1,1199096,0,0,in_active_ul
4164,3903,greenran_low,0,3,1,1197416,0,0,in_active_ul
4164,3903,greenran_low,0,4,0,0,0,0,not_in_active_ul
4164,3903,greenran_low,0,5,1,2811,0,0,in_active_ul
4164,3903,greenran_low,1,6,0,0,0,0,not_in_active_ul
4164,3903,greenran_low,1,7,0,0,0,0,not_in_active_ul
4164,3903,greenran_low,1,8,0,0,0,0,not_in_active_ul
4164,3903,greenran_low,1,9,0,0,0,0,not_in_active_ul
4164,3903,greenran_low,1,10,0,0,0,0,not_in_active_ul
4164,3903,greenran_low,1,11,0,0,0,0,not_in_active_ul
4164,3903,greenran_low,1,12,0,0,0,0,not_in_active_ul
4164,3903,greenran_low,1,19,0,0,0,0,not_in_active_ul
4164,3903,greenran_low,2,20,0,0,0,0,not_in_active_ul
4164,3903,greenran_low,2,21,0,0,0,0,not_in_active_ul
4164,3903,greenran_low,2,22,0,0,0,0,not_in_active_ul
4164,3903,greenran_low,2,23,0,0,0,0,not_in_active_ul
4164,3903,greenran_low,2,24,0,0,0,0,not_in_active_ul
4306,4003,greenran_low,0,1,0,0,0,0,not_in_active_ul
4306,4003,greenran_low,0,2,1,1199854,0,0,in_active_ul
4306,4003,greenran_low,0,3,1,1200005,0,0,in_active_ul
4306,4003,greenran_low,0,4,0,0,0,0,not_in_active_ul
4306,4003,greenran_low,0,5,0,0,0,0,not_in_active_ul
4306,4003,greenran_low,1,6,0,0,0,0,not_in_active_ul
4306,4003,greenran_low,1,7,0,0,0,0,not_in_active_ul
4306,4003,greenran_low,1,8,0,0,0,0,not_in_active_ul
4306,4003,greenran_low,1,9,0,0,0,0,not_in_active_ul
4306,4003,greenran_low,1,10,0,0,0,0,not_in_active_ul
4306,4003,greenran_low,1,11,0,0,0,0,not_in_active_ul
4306,4003,greenran_low,1,12,0,0,0,0,not_in_active_ul
4306,4003,greenran_low,1,19,0,0,0,0,not_in_active_ul
4306,4003,greenran_low,2,20,0,0,0,0,not_in_active_ul
4306,4003,greenran_low,2,21,0,0,0,0,not_in_active_ul
4306,4003,greenran_low,2,22,0,0,0,0,not_in_active_ul
4306,4003,greenran_low,2,23,0,0,0,0,not_in_active_ul
4306,4003,greenran_low,2,24,0,0,0,0,not_in_active_ul
4420,4103,greenran_low,0,1,0,0,0,0,not_in_active_ul
4420,4103,greenran_low,0,2,1,1198905,0,0,in_active_ul
4420,4103,greenran_low,0,3,1,1198958,0,0,in_active_ul
4420,4103,greenran_low,0,4,0,0,0,0,not_in_active_ul
4420,4103,greenran_low,0,5,1,2019,0,0,in_active_ul
4420,4103,greenran_low,1,6,0,0,0,0,not_in_active_ul
4420,4103,greenran_low,1,7,0,0,0,0,not_in_active_ul
4420,4103,greenran_low,1,8,0,0,0,0,not_in_active_ul
4420,4103,greenran_low,1,9,0,0,0,0,not_in_active_ul
4420,4103,greenran_low,1,10,0,0,0,0,not_in_active_ul
4420,4103,greenran_low,1,11,0,0,0,0,not_in_active_ul
4420,4103,greenran_low,1,12,0,0,0,0,not_in_active_ul
4420,4103,greenran_low,1,19,0,0,0,0,not_in_active_ul
4420,4103,greenran_low,2,20,0,0,0,0,not_in_active_ul
4420,4103,greenran_low,2,21,0,0,0,0,not_in_active_ul
4420,4103,greenran_low,2,22,0,0,0,0,not_in_active_ul
4420,4103,greenran_low,2,23,0,0,0,0,not_in_active_ul
4420,4103,greenran_low,2,24,0,0,0,0,not_in_active_ul
4531,4203,greenran_low,0,1,1,1200005,0,0,in_active_ul
4531,4203,greenran_low,0,2,1,1200005,0,0,in_active_ul
4531,4203,greenran_low,0,3,1,1200005,0,0,in_active_ul
4531,4203,greenran_low,0,4,0,0,0,0,not_in_active_ul
4531,4203,greenran_low,0,5,1,34,0,0,in_active_ul
4531,4203,greenran_low,1,6,0,0,0,0,not_in_active_ul
4531,4203,greenran_low,1,7,0,0,0,0,not_in_active_ul
4531,4203,greenran_low,1,8,0,0,0,0,not_in_active_ul
4531,4203,greenran_low,1,9,0,0,0,0,not_in_active_ul
4531,4203,greenran_low,1,10,0,0,0,0,not_in_active_ul
4531,4203,greenran_low,1,11,0,0,0,0,not_in_active_ul
4531,4203,greenran_low,1,12,0,0,0,0,not_in_active_ul
4531,4203,greenran_low,1,19,0,0,0,0,not_in_active_ul
4531,4203,greenran_low,2,20,0,0,0,0,not_in_active_ul
4531,4203,greenran_low,2,21,0,0,0,0,not_in_active_ul
4531,4203,greenran_low,2,22,0,0,0,0,not_in_active_ul
4531,4203,greenran_low,2,23,0,0,0,0,not_in_active_ul
4531,4203,greenran_low,2,24,0,0,0,0,not_in_active_ul
4652,4303,greenran_low,0,1,0,0,0,0,not_in_active_ul
4652,4303,greenran_low,0,2,1,1200005,0,0,in_active_ul
4652,4303,greenran_low,0,3,1,1200005,0,0,in_active_ul
4652,4303,greenran_low,0,4,0,0,0,0,not_in_active_ul
4652,4303,greenran_low,0,5,1,5451,0,0,in_active_ul
4652,4303,greenran_low,1,6,0,0,0,0,not_in_active_ul
4652,4303,greenran_low,1,7,0,0,0,0,not_in_active_ul
4652,4303,greenran_low,1,8,0,0,0,0,not_in_active_ul
4652,4303,greenran_low,1,9,0,0,0,0,not_in_active_ul
4652,4303,greenran_low,1,10,0,0,0,0,not_in_active_ul
4652,4303,greenran_low,1,11,0,0,0,0,not_in_active_ul
4652,4303,greenran_low,1,12,0,0,0,0,not_in_active_ul
4652,4303,greenran_low,1,19,0,0,0,0,not_in_active_ul
4652,4303,greenran_low,2,20,0,0,0,0,not_in_active_ul
4652,4303,greenran_low,2,21,0,0,0,0,not_in_active_ul
4652,4303,greenran_low,2,22,0,0,0,0,not_in_active_ul
4652,4303,greenran_low,2,23,0,0,0,0,not_in_active_ul
4652,4303,greenran_low,2,24,0,0,0,0,not_in_active_ul
4772,4403,greenran_low,0,1,1,1199711,0,0,in_active_ul
4772,4403,greenran_low,0,2,1,1200005,0,0,in_active_ul
4772,4403,greenran_low,0,3,1,1200005,0,0,in_active_ul
4772,4403,greenran_low,0,4,0,0,0,0,not_in_active_ul
4772,4403,greenran_low,0,5,0,0,0,0,not_in_active_ul
4772,4403,greenran_low,1,6,0,0,0,0,not_in_active_ul
4772,4403,greenran_low,1,7,0,0,0,0,not_in_active_ul
4772,4403,greenran_low,1,8,0,0,0,0,not_in_active_ul
4772,4403,greenran_low,1,9,0,0,0,0,not_in_active_ul
4772,4403,greenran_low,1,10,0,0,0,0,not_in_active_ul
4772,4403,greenran_low,1,11,0,0,0,0,not_in_active_ul
4772,4403,greenran_low,1,12,0,0,0,0,not_in_active_ul
4772,4403,greenran_low,1,19,0,0,0,0,not_in_active_ul
4772,4403,greenran_low,2,20,0,0,0,0,not_in_active_ul
4772,4403,greenran_low,2,21,0,0,0,0,not_in_active_ul
4772,4403,greenran_low,2,22,0,0,0,0,not_in_active_ul
4772,4403,greenran_low,2,23,0,0,0,0,not_in_active_ul
4772,4403,greenran_low,2,24,0,0,0,0,not_in_active_ul
4904,4503,greenran_low,0,1,0,0,0,0,not_in_active_ul
4904,4503,greenran_low,0,2,1,1200005,0,0,in_active_ul
4904,4503,greenran_low,0,3,1,1200005,0,0,in_active_ul
4904,4503,greenran_low,0,4,0,0,0,0,not_in_active_ul
4904,4503,greenran_low,0,5,1,1451,0,0,in_active_ul
4904,4503,greenran_low,1,6,0,0,0,0,not_in_active_ul
4904,4503,greenran_low,1,7,0,0,0,0,not_in_active_ul
4904,4503,greenran_low,1,8,0,0,0,0,not_in_active_ul
4904,4503,greenran_low,1,9,0,0,0,0,not_in_active_ul
4904,4503,greenran_low,1,10,0,0,0,0,not_in_active_ul
4904,4503,greenran_low,1,11,0,0,0,0,not_in_active_ul
4904,4503,greenran_low,1,12,0,0,0,0,not_in_active_ul
4904,4503,greenran_low,1,19,0,0,0,0,not_in_active_ul
4904,4503,greenran_low,2,20,0,0,0,0,not_in_active_ul
4904,4503,greenran_low,2,21,0,0,0,0,not_in_active_ul
4904,4503,greenran_low,2,22,0,0,0,0,not_in_active_ul
4904,4503,greenran_low,2,23,0,0,0,0,not_in_active_ul
4904,4503,greenran_low,2,24,0,0,0,0,not_in_active_ul
5020,4603,greenran_low,0,1,1,1200005,0,0,in_active_ul
5020,4603,greenran_low,0,2,1,1200005,0,0,in_active_ul
5020,4603,greenran_low,0,3,1,1200005,0,0,in_active_ul
5020,4603,greenran_low,0,4,0,0,0,0,not_in_active_ul
5020,4603,greenran_low,0,5,1,5451,0,0,in_active_ul
5020,4603,greenran_low,1,6,0,0,0,0,not_in_active_ul
5020,4603,greenran_low,1,7,0,0,0,0,not_in_active_ul
5020,4603,greenran_low,1,8,0,0,0,0,not_in_active_ul
5020,4603,greenran_low,1,9,0,0,0,0,not_in_active_ul
5020,4603,greenran_low,1,10,0,0,0,0,not_in_active_ul
5020,4603,greenran_low,1,11,0,0,0,0,not_in_active_ul
5020,4603,greenran_low,1,12,0,0,0,0,not_in_active_ul
5020,4603,greenran_low,1,19,0,0,0,0,not_in_active_ul
5020,4603,greenran_low,2,20,0,0,0,0,not_in_active_ul
5020,4603,greenran_low,2,21,0,0,0,0,not_in_active_ul
5020,4603,greenran_low,2,22,0,0,0,0,not_in_active_ul
5020,4603,greenran_low,2,23,0,0,0,0,not_in_active_ul
5020,4603,greenran_low,2,24,0,0,0,0,not_in_active_ul
5120,4703,greenran_low,0,1,0,0,0,0,not_in_active_ul
5120,4703,greenran_low,0,2,1,1198958,0,0,in_active_ul
5120,4703,greenran_low,0,3,1,1200005,0,0,in_active_ul
5120,4703,greenran_low,0,4,0,0,0,0,not_in_active_ul
5120,4703,greenran_low,0,5,1,39823,0,0,in_active_ul
5120,4703,greenran_low,1,6,0,0,0,0,not_in_active_ul
5120,4703,greenran_low,1,7,0,0,0,0,not_in_active_ul
5120,4703,greenran_low,1,8,0,0,0,0,not_in_active_ul
5120,4703,greenran_low,1,9,0,0,0,0,not_in_active_ul
5120,4703,greenran_low,1,10,0,0,0,0,not_in_active_ul
5120,4703,greenran_low,1,11,0,0,0,0,not_in_active_ul
5120,4703,greenran_low,1,12,0,0,0,0,not_in_active_ul
5120,4703,greenran_low,1,19,0,0,0,0,not_in_active_ul
5120,4703,greenran_low,2,20,0,0,0,0,not_in_active_ul
5120,4703,greenran_low,2,21,0,0,0,0,not_in_active_ul
5120,4703,greenran_low,2,22,0,0,0,0,not_in_active_ul
5120,4703,greenran_low,2,23,0,0,0,0,not_in_active_ul
5120,4703,greenran_low,2,24,0,0,0,0,not_in_active_ul
5236,4803,greenran_low,0,1,1,1199933,0,0,in_active_ul
5236,4803,greenran_low,0,2,1,1200005,0,0,in_active_ul
5236,4803,greenran_low,0,3,1,1200005,0,0,in_active_ul
5236,4803,greenran_low,0,4,0,0,0,0,not_in_active_ul
5236,4803,greenran_low,0,5,1,1451,0,0,in_active_ul
5236,4803,greenran_low,1,6,0,0,0,0,not_in_active_ul
5236,4803,greenran_low,1,7,0,0,0,0,not_in_active_ul
5236,4803,greenran_low,1,8,0,0,0,0,not_in_active_ul
5236,4803,greenran_low,1,9,0,0,0,0,not_in_active_ul
5236,4803,greenran_low,1,10,0,0,0,0,not_in_active_ul
5236,4803,greenran_low,1,11,0,0,0,0,not_in_active_ul
5236,4803,greenran_low,1,12,0,0,0,0,not_in_active_ul
5236,4803,greenran_low,1,19,0,0,0,0,not_in_active_ul
5236,4803,greenran_low,2,20,0,0,0,0,not_in_active_ul
5236,4803,greenran_low,2,21,0,0,0,0,not_in_active_ul
5236,4803,greenran_low,2,22,0,0,0,0,not_in_active_ul
5236,4803,greenran_low,2,23,0,0,0,0,not_in_active_ul
5236,4803,greenran_low,2,24,0,0,0,0,not_in_active_ul
5348,4903,greenran_low,0,1,0,0,0,0,not_in_active_ul
5348,4903,greenran_low,0,2,1,1200005,0,0,in_active_ul
5348,4903,greenran_low,0,3,1,1200005,0,0,in_active_ul
5348,4903,greenran_low,0,4,0,0,0,0,not_in_active_ul
5348,4903,greenran_low,0,5,1,750,0,0,in_active_ul
5348,4903,greenran_low,1,6,0,0,0,0,not_in_active_ul
5348,4903,greenran_low,1,7,0,0,0,0,not_in_active_ul
5348,4903,greenran_low,1,8,0,0,0,0,not_in_active_ul
5348,4903,greenran_low,1,9,0,0,0,0,not_in_active_ul
5348,4903,greenran_low,1,10,0,0,0,0,not_in_active_ul
5348,4903,greenran_low,1,11,0,0,0,0,not_in_active_ul
5348,4903,greenran_low,1,12,0,0,0,0,not_in_active_ul
5348,4903,greenran_low,1,19,0,0,0,0,not_in_active_ul
5348,4903,greenran_low,2,20,0,0,0,0,not_in_active_ul
5348,4903,greenran_low,2,21,0,0,0,0,not_in_active_ul
5348,4903,greenran_low,2,22,0,0,0,0,not_in_active_ul
5348,4903,greenran_low,2,23,0,0,0,0,not_in_active_ul
5348,4903,greenran_low,2,24,0,0,0,0,not_in_active_ul
5473,5003,greenran_low,0,1,0,0,0,0,not_in_active_ul
5473,5003,greenran_low,0,2,1,1199101,0,0,in_active_ul
5473,5003,greenran_low,0,3,1,1200005,0,0,in_active_ul
5473,5003,greenran_low,0,4,0,0,0,0,not_in_active_ul
5473,5003,greenran_low,0,5,1,2811,0,0,in_active_ul
5473,5003,greenran_low,1,6,0,0,0,0,not_in_active_ul
5473,5003,greenran_low,1,7,0,0,0,0,not_in_active_ul
5473,5003,greenran_low,1,8,0,0,0,0,not_in_active_ul
5473,5003,greenran_low,1,9,0,0,0,0,not_in_active_ul
5473,5003,greenran_low,1,10,0,0,0,0,not_in_active_ul
5473,5003,greenran_low,1,11,0,0,0,0,not_in_active_ul
5473,5003,greenran_low,1,12,0,0,0,0,not_in_active_ul
5473,5003,greenran_low,1,19,0,0,0,0,not_in_active_ul
5473,5003,greenran_low,2,20,0,0,0,0,not_in_active_ul
5473,5003,greenran_low,2,21,0,0,0,0,not_in_active_ul
5473,5003,greenran_low,2,22,0,0,0,0,not_in_active_ul
5473,5003,greenran_low,2,23,0,0,0,0,not_in_active_ul
5473,5003,greenran_low,2,24,0,0,0,0,not_in_active_ul
5596,5103,greenran_low,0,1,1,1199636,0,0,in_active_ul
5596,5103,greenran_low,0,2,0,0,0,0,not_in_active_ul
5596,5103,greenran_low,0,3,1,1200005,0,0,in_active_ul
5596,5103,greenran_low,0,4,0,0,0,0,not_in_active_ul
5596,5103,greenran_low,0,5,0,0,0,0,not_in_active_ul
5596,5103,greenran_low,1,6,0,0,0,0,not_in_active_ul
5596,5103,greenran_low,1,7,0,0,0,0,not_in_active_ul
5596,5103,greenran_low,1,8,0,0,0,0,not_in_active_ul
5596,5103,greenran_low,1,9,0,0,0,0,not_in_active_ul
5596,5103,greenran_low,1,10,0,0,0,0,not_in_active_ul
5596,5103,greenran_low,1,11,0,0,0,0,not_in_active_ul
5596,5103,greenran_low,1,12,0,0,0,0,not_in_active_ul
5596,5103,greenran_low,1,19,0,0,0,0,not_in_active_ul
5596,5103,greenran_low,2,20,0,0,0,0,not_in_active_ul
5596,5103,greenran_low,2,21,0,0,0,0,not_in_active_ul
5596,5103,greenran_low,2,22,0,0,0,0,not_in_active_ul
5596,5103,greenran_low,2,23,0,0,0,0,not_in_active_ul
5596,5103,greenran_low,2,24,0,0,0,0,not_in_active_ul
5737,5203,greenran_low,0,1,0,0,0,0,not_in_active_ul
5737,5203,greenran_low,0,2,1,1200005,0,0,in_active_ul
5737,5203,greenran_low,0,3,1,1200005,0,0,in_active_ul
5737,5203,greenran_low,0,4,0,0,0,0,not_in_active_ul
5737,5203,greenran_low,0,5,1,281,0,0,in_active_ul
5737,5203,greenran_low,1,6,0,0,0,0,not_in_active_ul
5737,5203,greenran_low,1,7,0,0,0,0,not_in_active_ul
5737,5203,greenran_low,1,8,0,0,0,0,not_in_active_ul
5737,5203,greenran_low,1,9,0,0,0,0,not_in_active_ul
5737,5203,greenran_low,1,10,0,0,0,0,not_in_active_ul
5737,5203,greenran_low,1,11,0,0,0,0,not_in_active_ul
5737,5203,greenran_low,1,12,0,0,0,0,not_in_active_ul
5737,5203,greenran_low,1,19,0,0,0,0,not_in_active_ul
5737,5203,greenran_low,2,20,1,51,0,0,in_active_ul
5737,5203,greenran_low,2,21,0,0,0,0,not_in_active_ul
5737,5203,greenran_low,2,22,0,0,0,0,not_in_active_ul
5737,5203,greenran_low,2,23,0,0,0,0,not_in_active_ul
5737,5203,greenran_low,2,24,0,0,0,0,not_in_active_ul
5869,5303,greenran_low,0,1,1,1200005,0,0,in_active_ul
5869,5303,greenran_low,0,2,1,1200005,0,0,in_active_ul
5869,5303,greenran_low,0,3,0,0,0,0,not_in_active_ul
5869,5303,greenran_low,0,4,0,0,0,0,not_in_active_ul
5869,5303,greenran_low,0,5,1,2019,0,0,in_active_ul
5869,5303,greenran_low,1,6,0,0,0,0,not_in_active_ul
5869,5303,greenran_low,1,7,0,0,0,0,not_in_active_ul
5869,5303,greenran_low,1,8,0,0,0,0,not_in_active_ul
5869,5303,greenran_low,1,9,0,0,0,0,not_in_active_ul
5869,5303,greenran_low,1,10,0,0,0,0,not_in_active_ul
5869,5303,greenran_low,1,11,0,0,0,0,not_in_active_ul
5869,5303,greenran_low,1,12,0,0,0,0,not_in_active_ul
5869,5303,greenran_low,1,19,0,0,0,0,not_in_active_ul
5869,5303,greenran_low,2,20,0,0,0,0,not_in_active_ul
5869,5303,greenran_low,2,21,0,0,0,0,not_in_active_ul
5869,5303,greenran_low,2,22,0,0,0,0,not_in_active_ul
5869,5303,greenran_low,2,23,0,0,0,0,not_in_active_ul
5869,5303,greenran_low,2,24,0,0,0,0,not_in_active_ul
5986,5403,greenran_low,0,1,1,1199683,0,0,in_active_ul
5986,5403,greenran_low,0,2,1,1200005,0,0,in_active_ul
5986,5403,greenran_low,0,3,1,1200005,0,0,in_active_ul
5986,5403,greenran_low,0,4,0,0,0,0,not_in_active_ul
5986,5403,greenran_low,0,5,0,0,0,0,not_in_active_ul
5986,5403,greenran_low,1,6,0,0,0,0,not_in_active_ul
5986,5403,greenran_low,1,7,0,0,0,0,not_in_active_ul
5986,5403,greenran_low,1,8,0,0,0,0,not_in_active_ul
5986,5403,greenran_low,1,9,0,0,0,0,not_in_active_ul
5986,5403,greenran_low,1,10,0,0,0,0,not_in_active_ul
5986,5403,greenran_low,1,11,0,0,0,0,not_in_active_ul
5986,5403,greenran_low,1,12,0,0,0,0,not_in_active_ul
5986,5403,greenran_low,1,19,0,0,0,0,not_in_active_ul
5986,5403,greenran_low,2,20,0,0,0,0,not_in_active_ul
5986,5403,greenran_low,2,21,0,0,0,0,not_in_active_ul
5986,5403,greenran_low,2,22,0,0,0,0,not_in_active_ul
5986,5403,greenran_low,2,23,0,0,0,0,not_in_active_ul
5986,5403,greenran_low,2,24,0,0,0,0,not_in_active_ul
6105,5503,greenran_low,0,1,0,0,0,0,not_in_active_ul
6105,5503,greenran_low,0,2,1,1200005,0,0,in_active_ul
6105,5503,greenran_low,0,3,1,1200005,0,0,in_active_ul
6105,5503,greenran_low,0,4,0,0,0,0,not_in_active_ul
6105,5503,greenran_low,0,5,1,2019,0,0,in_active_ul
6105,5503,greenran_low,1,6,0,0,0,0,not_in_active_ul
6105,5503,greenran_low,1,7,0,0,0,0,not_in_active_ul
6105,5503,greenran_low,1,8,0,0,0,0,not_in_active_ul
6105,5503,greenran_low,1,9,0,0,0,0,not_in_active_ul
6105,5503,greenran_low,1,10,0,0,0,0,not_in_active_ul
6105,5503,greenran_low,1,11,0,0,0,0,not_in_active_ul
6105,5503,greenran_low,1,12,0,0,0,0,not_in_active_ul
6105,5503,greenran_low,1,19,0,0,0,0,not_in_active_ul
6105,5503,greenran_low,2,20,0,0,0,0,not_in_active_ul
6105,5503,greenran_low,2,21,0,0,0,0,not_in_active_ul
6105,5503,greenran_low,2,22,0,0,0,0,not_in_active_ul
6105,5503,greenran_low,2,23,0,0,0,0,not_in_active_ul
6105,5503,greenran_low,2,24,0,0,0,0,not_in_active_ul
6214,5603,greenran_low,0,1,1,1199902,0,0,in_active_ul
6214,5603,greenran_low,0,2,1,1198573,0,0,in_active_ul
6214,5603,greenran_low,0,3,1,1198017,0,0,in_active_ul
6214,5603,greenran_low,0,4,0,0,0,0,not_in_active_ul
6214,5603,greenran_low,0,5,1,39823,0,0,in_active_ul
6214,5603,greenran_low,1,6,0,0,0,0,not_in_active_ul
6214,5603,greenran_low,1,7,0,0,0,0,not_in_active_ul
6214,5603,greenran_low,1,8,0,0,0,0,not_in_active_ul
6214,5603,greenran_low,1,9,0,0,0,0,not_in_active_ul
6214,5603,greenran_low,1,10,0,0,0,0,not_in_active_ul
6214,5603,greenran_low,1,11,0,0,0,0,not_in_active_ul
6214,5603,greenran_low,1,12,0,0,0,0,not_in_active_ul
6214,5603,greenran_low,1,19,0,0,0,0,not_in_active_ul
6214,5603,greenran_low,2,20,0,0,0,0,not_in_active_ul
6214,5603,greenran_low,2,21,0,0,0,0,not_in_active_ul
6214,5603,greenran_low,2,22,0,0,0,0,not_in_active_ul
6214,5603,greenran_low,2,23,0,0,0,0,not_in_active_ul
6214,5603,greenran_low,2,24,0,0,0,0,not_in_active_ul
6335,5703,greenran_low,0,1,0,0,0,0,not_in_active_ul
6335,5703,greenran_low,0,2,1,1200005,0,0,in_active_ul
6335,5703,greenran_low,0,3,1,1200005,0,0,in_active_ul
6335,5703,greenran_low,0,4,0,0,0,0,not_in_active_ul
6335,5703,greenran_low,0,5,1,34,0,0,in_active_ul
6335,5703,greenran_low,1,6,0,0,0,0,not_in_active_ul
6335,5703,greenran_low,1,7,0,0,0,0,not_in_active_ul
6335,5703,greenran_low,1,8,0,0,0,0,not_in_active_ul
6335,5703,greenran_low,1,9,0,0,0,0,not_in_active_ul
6335,5703,greenran_low,1,10,0,0,0,0,not_in_active_ul
6335,5703,greenran_low,1,11,0,0,0,0,not_in_active_ul
6335,5703,greenran_low,1,12,0,0,0,0,not_in_active_ul
6335,5703,greenran_low,1,19,0,0,0,0,not_in_active_ul
6335,5703,greenran_low,2,20,0,0,0,0,not_in_active_ul
6335,5703,greenran_low,2,21,0,0,0,0,not_in_active_ul
6335,5703,greenran_low,2,22,0,0,0,0,not_in_active_ul
6335,5703,greenran_low,2,23,0,0,0,0,not_in_active_ul
6335,5703,greenran_low,2,24,0,0,0,0,not_in_active_ul
6472,5803,greenran_low,0,1,1,1199391,0,0,in_active_ul
6472,5803,greenran_low,0,2,1,1200005,0,0,in_active_ul
6472,5803,greenran_low,0,3,1,1200005,0,0,in_active_ul
6472,5803,greenran_low,0,4,0,0,0,0,not_in_active_ul
6472,5803,greenran_low,0,5,0,0,0,0,not_in_active_ul
6472,5803,greenran_low,1,6,0,0,0,0,not_in_active_ul
6472,5803,greenran_low,1,7,0,0,0,0,not_in_active_ul
6472,5803,greenran_low,1,8,0,0,0,0,not_in_active_ul
6472,5803,greenran_low,1,9,0,0,0,0,not_in_active_ul
6472,5803,greenran_low,1,10,0,0,0,0,not_in_active_ul
6472,5803,greenran_low,1,11,0,0,0,0,not_in_active_ul
6472,5803,greenran_low,1,12,0,0,0,0,not_in_active_ul
6472,5803,greenran_low,1,19,0,0,0,0,not_in_active_ul
6472,5803,greenran_low,2,20,0,0,0,0,not_in_active_ul
6472,5803,greenran_low,2,21,0,0,0,0,not_in_active_ul
6472,5803,greenran_low,2,22,0,0,0,0,not_in_active_ul
6472,5803,greenran_low,2,23,0,0,0,0,not_in_active_ul
6472,5803,greenran_low,2,24,0,0,0,0,not_in_active_ul
6580,5903,greenran_low,0,1,1,1199709,0,0,in_active_ul
6580,5903,greenran_low,0,2,0,0,0,0,not_in_active_ul
6580,5903,greenran_low,0,3,1,1200005,0,0,in_active_ul
6580,5903,greenran_low,0,4,0,0,0,0,not_in_active_ul
6580,5903,greenran_low,0,5,1,35085,0,0,in_active_ul
6580,5903,greenran_low,1,6,0,0,0,0,not_in_active_ul
6580,5903,greenran_low,1,7,0,0,0,0,not_in_active_ul
6580,5903,greenran_low,1,8,0,0,0,0,not_in_active_ul
6580,5903,greenran_low,1,9,0,0,0,0,not_in_active_ul
6580,5903,greenran_low,1,10,0,0,0,0,not_in_active_ul
6580,5903,greenran_low,1,11,0,0,0,0,not_in_active_ul
6580,5903,greenran_low,1,12,0,0,0,0,not_in_active_ul
6580,5903,greenran_low,1,19,0,0,0,0,not_in_active_ul
6580,5903,greenran_low,2,20,0,0,0,0,not_in_active_ul
6580,5903,greenran_low,2,21,0,0,0,0,not_in_active_ul
6580,5903,greenran_low,2,22,0,0,0,0,not_in_active_ul
6580,5903,greenran_low,2,23,0,0,0,0,not_in_active_ul
6580,5903,greenran_low,2,24,0,0,0,0,not_in_active_ul
6699,6003,greenran_low,0,1,0,0,0,0,not_in_active_ul
6699,6003,greenran_low,0,2,1,1200005,0,0,in_active_ul
6699,6003,greenran_low,0,3,1,1198545,0,0,in_active_ul
6699,6003,greenran_low,0,4,0,0,0,0,not_in_active_ul
6699,6003,greenran_low,0,5,0,0,0,0,not_in_active_ul
6699,6003,greenran_low,1,6,0,0,0,0,not_in_active_ul
6699,6003,greenran_low,1,7,0,0,0,0,not_in_active_ul
6699,6003,greenran_low,1,8,0,0,0,0,not_in_active_ul
6699,6003,greenran_low,1,9,0,0,0,0,not_in_active_ul
6699,6003,greenran_low,1,10,0,0,0,0,not_in_active_ul
6699,6003,greenran_low,1,11,0,0,0,0,not_in_active_ul
6699,6003,greenran_low,1,12,0,0,0,0,not_in_active_ul
6699,6003,greenran_low,1,19,0,0,0,0,not_in_active_ul
6699,6003,greenran_low,2,20,0,0,0,0,not_in_active_ul
6699,6003,greenran_low,2,21,0,0,0,0,not_in_active_ul
6699,6003,greenran_low,2,22,0,0,0,0,not_in_active_ul
6699,6003,greenran_low,2,23,0,0,0,0,not_in_active_ul
6699,6003,greenran_low,2,24,0,0,0,0,not_in_active_ul
6823,6103,greenran_low,0,1,0,0,0,0,not_in_active_ul
6823,6103,greenran_low,0,2,1,1200005,0,0,in_active_ul
6823,6103,greenran_low,0,3,1,1200005,0,0,in_active_ul
6823,6103,greenran_low,0,4,0,0,0,0,not_in_active_ul
6823,6103,greenran_low,0,5,1,7592,0,0,in_active_ul
6823,6103,greenran_low,1,6,0,0,0,0,not_in_active_ul
6823,6103,greenran_low,1,7,0,0,0,0,not_in_active_ul
6823,6103,greenran_low,1,8,0,0,0,0,not_in_active_ul
6823,6103,greenran_low,1,9,0,0,0,0,not_in_active_ul
6823,6103,greenran_low,1,10,0,0,0,0,not_in_active_ul
6823,6103,greenran_low,1,11,0,0,0,0,not_in_active_ul
6823,6103,greenran_low,1,12,0,0,0,0,not_in_active_ul
6823,6103,greenran_low,1,19,0,0,0,0,not_in_active_ul
6823,6103,greenran_low,2,20,0,0,0,0,not_in_active_ul
6823,6103,greenran_low,2,21,0,0,0,0,not_in_active_ul
6823,6103,greenran_low,2,22,0,0,0,0,not_in_active_ul
6823,6103,greenran_low,2,23,0,0,0,0,not_in_active_ul
6823,6103,greenran_low,2,24,0,0,0,0,not_in_active_ul
6935,6203,greenran_low,0,1,1,1200005,0,0,in_active_ul
6935,6203,greenran_low,0,2,0,0,0,0,not_in_active_ul
6935,6203,greenran_low,0,3,1,1199606,0,0,in_active_ul
6935,6203,greenran_low,0,4,0,0,0,0,not_in_active_ul
6935,6203,greenran_low,0,5,1,39823,0,0,in_active_ul
6935,6203,greenran_low,1,6,0,0,0,0,not_in_active_ul
6935,6203,greenran_low,1,7,0,0,0,0,not_in_active_ul
6935,6203,greenran_low,1,8,0,0,0,0,not_in_active_ul
6935,6203,greenran_low,1,9,0,0,0,0,not_in_active_ul
6935,6203,greenran_low,1,10,0,0,0,0,not_in_active_ul
6935,6203,greenran_low,1,11,0,0,0,0,not_in_active_ul
6935,6203,greenran_low,1,12,0,0,0,0,not_in_active_ul
6935,6203,greenran_low,1,19,0,0,0,0,not_in_active_ul
6935,6203,greenran_low,2,20,0,0,0,0,not_in_active_ul
6935,6203,greenran_low,2,21,0,0,0,0,not_in_active_ul
6935,6203,greenran_low,2,22,0,0,0,0,not_in_active_ul
6935,6203,greenran_low,2,23,0,0,0,0,not_in_active_ul
6935,6203,greenran_low,2,24,0,0,0,0,not_in_active_ul
7061,6303,greenran_low,0,1,0,0,0,0,not_in_active_ul
7061,6303,greenran_low,0,2,1,1200005,0,0,in_active_ul
7061,6303,greenran_low,0,3,1,1200005,0,0,in_active_ul
7061,6303,greenran_low,0,4,0,0,0,0,not_in_active_ul
7061,6303,greenran_low,0,5,0,0,0,0,not_in_active_ul
7061,6303,greenran_low,1,6,0,0,0,0,not_in_active_ul
7061,6303,greenran_low,1,7,0,0,0,0,not_in_active_ul
7061,6303,greenran_low,1,8,0,0,0,0,not_in_active_ul
7061,6303,greenran_low,1,9,0,0,0,0,not_in_active_ul
7061,6303,greenran_low,1,10,0,0,0,0,not_in_active_ul
7061,6303,greenran_low,1,11,0,0,0,0,not_in_active_ul
7061,6303,greenran_low,1,12,0,0,0,0,not_in_active_ul
7061,6303,greenran_low,1,19,0,0,0,0,not_in_active_ul
7061,6303,greenran_low,2,20,0,0,0,0,not_in_active_ul
7061,6303,greenran_low,2,21,0,0,0,0,not_in_active_ul
7061,6303,greenran_low,2,22,0,0,0,0,not_in_active_ul
7061,6303,greenran_low,2,23,0,0,0,0,not_in_active_ul
7061,6303,greenran_low,2,24,0,0,0,0,not_in_active_ul
7169,6403,greenran_low,0,1,1,1200005,0,0,in_active_ul
7169,6403,greenran_low,0,2,1,1198513,0,0,in_active_ul
7169,6403,greenran_low,0,3,1,1197928,0,0,in_active_ul
7169,6403,greenran_low,0,4,0,0,0,0,not_in_active_ul
7169,6403,greenran_low,0,5,1,36174,0,0,in_active_ul
7169,6403,greenran_low,1,6,0,0,0,0,not_in_active_ul
7169,6403,greenran_low,1,7,0,0,0,0,not_in_active_ul
7169,6403,greenran_low,1,8,0,0,0,0,not_in_active_ul
7169,6403,greenran_low,1,9,0,0,0,0,not_in_active_ul
7169,6403,greenran_low,1,10,0,0,0,0,not_in_active_ul
7169,6403,greenran_low,1,11,0,0,0,0,not_in_active_ul
7169,6403,greenran_low,1,12,0,0,0,0,not_in_active_ul
7169,6403,greenran_low,1,19,0,0,0,0,not_in_active_ul
7169,6403,greenran_low,2,20,0,0,0,0,not_in_active_ul
7169,6403,greenran_low,2,21,0,0,0,0,not_in_active_ul
7169,6403,greenran_low,2,22,0,0,0,0,not_in_active_ul
7169,6403,greenran_low,2,23,0,0,0,0,not_in_active_ul
7169,6403,greenran_low,2,24,0,0,0,0,not_in_active_ul
7284,6503,greenran_low,0,1,0,0,0,0,not_in_active_ul
7284,6503,greenran_low,0,2,1,1200005,0,0,in_active_ul
7284,6503,greenran_low,0,3,1,1200005,0,0,in_active_ul
7284,6503,greenran_low,0,4,0,0,0,0,not_in_active_ul
7284,6503,greenran_low,0,5,1,14731,0,0,in_active_ul
7284,6503,greenran_low,1,6,0,0,0,0,not_in_active_ul
7284,6503,greenran_low,1,7,0,0,0,0,not_in_active_ul
7284,6503,greenran_low,1,8,0,0,0,0,not_in_active_ul
7284,6503,greenran_low,1,9,0,0,0,0,not_in_active_ul
7284,6503,greenran_low,1,10,0,0,0,0,not_in_active_ul
7284,6503,greenran_low,1,11,0,0,0,0,not_in_active_ul
7284,6503,greenran_low,1,12,0,0,0,0,not_in_active_ul
7284,6503,greenran_low,1,19,0,0,0,0,not_in_active_ul
7284,6503,greenran_low,2,20,0,0,0,0,not_in_active_ul
7284,6503,greenran_low,2,21,0,0,0,0,not_in_active_ul
7284,6503,greenran_low,2,22,0,0,0,0,not_in_active_ul
7284,6503,greenran_low,2,23,0,0,0,0,not_in_active_ul
7284,6503,greenran_low,2,24,0,0,0,0,not_in_active_ul
7388,6603,greenran_low,0,1,1,1200005,0,0,in_active_ul
7388,6603,greenran_low,0,2,1,1197830,0,0,in_active_ul
7388,6603,greenran_low,0,3,1,1196982,0,0,in_active_ul
7388,6603,greenran_low,0,4,0,0,0,0,not_in_active_ul
7388,6603,greenran_low,0,5,1,39823,0,0,in_active_ul
7388,6603,greenran_low,1,6,0,0,0,0,not_in_active_ul
7388,6603,greenran_low,1,7,0,0,0,0,not_in_active_ul
7388,6603,greenran_low,1,8,0,0,0,0,not_in_active_ul
7388,6603,greenran_low,1,9,0,0,0,0,not_in_active_ul
7388,6603,greenran_low,1,10,0,0,0,0,not_in_active_ul
7388,6603,greenran_low,1,11,0,0,0,0,not_in_active_ul
7388,6603,greenran_low,1,12,0,0,0,0,not_in_active_ul
7388,6603,greenran_low,1,19,0,0,0,0,not_in_active_ul
7388,6603,greenran_low,2,20,0,0,0,0,not_in_active_ul
7388,6603,greenran_low,2,21,0,0,0,0,not_in_active_ul
7388,6603,greenran_low,2,22,0,0,0,0,not_in_active_ul
7388,6603,greenran_low,2,23,0,0,0,0,not_in_active_ul
7388,6603,greenran_low,2,24,0,0,0,0,not_in_active_ul
7516,6703,greenran_low,0,1,0,0,0,0,not_in_active_ul
7516,6703,greenran_low,0,2,1,1200005,0,0,in_active_ul
7516,6703,greenran_low,0,3,1,1200005,0,0,in_active_ul
7516,6703,greenran_low,0,4,0,0,0,0,not_in_active_ul
7516,6703,greenran_low,0,5,1,389,0,0,in_active_ul
7516,6703,greenran_low,1,6,0,0,0,0,not_in_active_ul
7516,6703,greenran_low,1,7,0,0,0,0,not_in_active_ul
7516,6703,greenran_low,1,8,0,0,0,0,not_in_active_ul
7516,6703,greenran_low,1,9,0,0,0,0,not_in_active_ul
7516,6703,greenran_low,1,10,0,0,0,0,not_in_active_ul
7516,6703,greenran_low,1,11,0,0,0,0,not_in_active_ul
7516,6703,greenran_low,1,12,0,0,0,0,not_in_active_ul
7516,6703,greenran_low,1,19,0,0,0,0,not_in_active_ul
7516,6703,greenran_low,2,20,0,0,0,0,not_in_active_ul
7516,6703,greenran_low,2,21,0,0,0,0,not_in_active_ul
7516,6703,greenran_low,2,22,0,0,0,0,not_in_active_ul
7516,6703,greenran_low,2,23,0,0,0,0,not_in_active_ul
7516,6703,greenran_low,2,24,0,0,0,0,not_in_active_ul
7650,6803,greenran_low,0,1,1,1200005,0,0,in_active_ul
7650,6803,greenran_low,0,2,1,1200005,0,0,in_active_ul
7650,6803,greenran_low,0,3,1,1200005,0,0,in_active_ul
7650,6803,greenran_low,0,4,0,0,0,0,not_in_active_ul
7650,6803,greenran_low,0,5,1,34,0,0,in_active_ul
7650,6803,greenran_low,1,6,0,0,0,0,not_in_active_ul
7650,6803,greenran_low,1,7,0,0,0,0,not_in_active_ul
7650,6803,greenran_low,1,8,0,0,0,0,not_in_active_ul
7650,6803,greenran_low,1,9,0,0,0,0,not_in_active_ul
7650,6803,greenran_low,1,10,0,0,0,0,not_in_active_ul
7650,6803,greenran_low,1,11,0,0,0,0,not_in_active_ul
7650,6803,greenran_low,1,12,0,0,0,0,not_in_active_ul
7650,6803,greenran_low,1,19,0,0,0,0,not_in_active_ul
7650,6803,greenran_low,2,20,0,0,0,0,not_in_active_ul
7650,6803,greenran_low,2,21,0,0,0,0,not_in_active_ul
7650,6803,greenran_low,2,22,0,0,0,0,not_in_active_ul
7650,6803,greenran_low,2,23,0,0,0,0,not_in_active_ul
7650,6803,greenran_low,2,24,0,0,0,0,not_in_active_ul
7764,6903,greenran_low,0,1,0,0,0,0,not_in_active_ul
7764,6903,greenran_low,0,2,1,1200005,0,0,in_active_ul
7764,6903,greenran_low,0,3,1,1200005,0,0,in_active_ul
7764,6903,greenran_low,0,4,0,0,0,0,not_in_active_ul
7764,6903,greenran_low,0,5,1,7592,0,0,in_active_ul
7764,6903,greenran_low,1,6,0,0,0,0,not_in_active_ul
7764,6903,greenran_low,1,7,0,0,0,0,not_in_active_ul
7764,6903,greenran_low,1,8,0,0,0,0,not_in_active_ul
7764,6903,greenran_low,1,9,0,0,0,0,not_in_active_ul
7764,6903,greenran_low,1,10,0,0,0,0,not_in_active_ul
7764,6903,greenran_low,1,11,0,0,0,0,not_in_active_ul
7764,6903,greenran_low,1,12,0,0,0,0,not_in_active_ul
7764,6903,greenran_low,1,19,0,0,0,0,not_in_active_ul
7764,6903,greenran_low,2,20,0,0,0,0,not_in_active_ul
7764,6903,greenran_low,2,21,0,0,0,0,not_in_active_ul
7764,6903,greenran_low,2,22,0,0,0,0,not_in_active_ul
7764,6903,greenran_low,2,23,0,0,0,0,not_in_active_ul
7764,6903,greenran_low,2,24,0,0,0,0,not_in_active_ul
7887,7003,greenran_low,0,1,1,1200005,0,0,in_active_ul
7887,7003,greenran_low,0,2,1,1200005,0,0,in_active_ul
7887,7003,greenran_low,0,3,1,1200005,0,0,in_active_ul
7887,7003,greenran_low,0,4,0,0,0,0,not_in_active_ul
7887,7003,greenran_low,0,5,0,0,0,0,not_in_active_ul
7887,7003,greenran_low,1,6,0,0,0,0,not_in_active_ul
7887,7003,greenran_low,1,7,0,0,0,0,not_in_active_ul
7887,7003,greenran_low,1,8,0,0,0,0,not_in_active_ul
7887,7003,greenran_low,1,9,0,0,0,0,not_in_active_ul
7887,7003,greenran_low,1,10,0,0,0,0,not_in_active_ul
7887,7003,greenran_low,1,11,0,0,0,0,not_in_active_ul
7887,7003,greenran_low,1,12,0,0,0,0,not_in_active_ul
7887,7003,greenran_low,1,19,0,0,0,0,not_in_active_ul
7887,7003,greenran_low,2,20,0,0,0,0,not_in_active_ul
7887,7003,greenran_low,2,21,0,0,0,0,not_in_active_ul
7887,7003,greenran_low,2,22,0,0,0,0,not_in_active_ul
7887,7003,greenran_low,2,23,0,0,0,0,not_in_active_ul
7887,7003,greenran_low,2,24,0,0,0,0,not_in_active_ul
8004,7103,greenran_low,0,1,0,0,0,0,not_in_active_ul
8004,7103,greenran_low,0,2,1,1200005,0,0,in_active_ul
8004,7103,greenran_low,0,3,1,1200005,0,0,in_active_ul
8004,7103,greenran_low,0,4,0,0,0,0,not_in_active_ul
8004,7103,greenran_low,0,5,1,7592,0,0,in_active_ul
8004,7103,greenran_low,1,6,0,0,0,0,not_in_active_ul
8004,7103,greenran_low,1,7,0,0,0,0,not_in_active_ul
8004,7103,greenran_low,1,8,0,0,0,0,not_in_active_ul
8004,7103,greenran_low,1,9,0,0,0,0,not_in_active_ul
8004,7103,greenran_low,1,10,0,0,0,0,not_in_active_ul
8004,7103,greenran_low,1,11,0,0,0,0,not_in_active_ul
8004,7103,greenran_low,1,12,0,0,0,0,not_in_active_ul
8004,7103,greenran_low,1,19,0,0,0,0,not_in_active_ul
8004,7103,greenran_low,2,20,0,0,0,0,not_in_active_ul
8004,7103,greenran_low,2,21,0,0,0,0,not_in_active_ul
8004,7103,greenran_low,2,22,0,0,0,0,not_in_active_ul
8004,7103,greenran_low,2,23,0,0,0,0,not_in_active_ul
8004,7103,greenran_low,2,24,0,0,0,0,not_in_active_ul
8132,7203,greenran_low,0,1,1,1200005,0,0,in_active_ul
8132,7203,greenran_low,0,2,0,0,0,0,not_in_active_ul
8132,7203,greenran_low,0,3,0,0,0,0,not_in_active_ul
8132,7203,greenran_low,0,4,0,0,0,0,not_in_active_ul
8132,7203,greenran_low,0,5,0,0,0,0,not_in_active_ul
8132,7203,greenran_low,1,6,0,0,0,0,not_in_active_ul
8132,7203,greenran_low,1,7,0,0,0,0,not_in_active_ul
8132,7203,greenran_low,1,8,0,0,0,0,not_in_active_ul
8132,7203,greenran_low,1,9,0,0,0,0,not_in_active_ul
8132,7203,greenran_low,1,10,0,0,0,0,not_in_active_ul
8132,7203,greenran_low,1,11,0,0,0,0,not_in_active_ul
8132,7203,greenran_low,1,12,0,0,0,0,not_in_active_ul
8132,7203,greenran_low,1,19,0,0,0,0,not_in_active_ul
8132,7203,greenran_low,2,20,0,0,0,0,not_in_active_ul
8132,7203,greenran_low,2,21,0,0,0,0,not_in_active_ul
8132,7203,greenran_low,2,22,0,0,0,0,not_in_active_ul
8132,7203,greenran_low,2,23,0,0,0,0,not_in_active_ul
8132,7203,greenran_low,2,24,0,0,0,0,not_in_active_ul
8264,7303,greenran_low,0,1,0,0,0,0,not_in_active_ul
8264,7303,greenran_low,0,2,1,1199101,0,0,in_active_ul
8264,7303,greenran_low,0,3,1,1200005,0,0,in_active_ul
8264,7303,greenran_low,0,4,0,0,0,0,not_in_active_ul
8264,7303,greenran_low,0,5,0,0,0,0,not_in_active_ul
8264,7303,greenran_low,1,6,0,0,0,0,not_in_active_ul
8264,7303,greenran_low,1,7,0,0,0,0,not_in_active_ul
8264,7303,greenran_low,1,8,0,0,0,0,not_in_active_ul
8264,7303,greenran_low,1,9,0,0,0,0,not_in_active_ul
8264,7303,greenran_low,1,10,0,0,0,0,not_in_active_ul
8264,7303,greenran_low,1,11,0,0,0,0,not_in_active_ul
8264,7303,greenran_low,1,12,0,0,0,0,not_in_active_ul
8264,7303,greenran_low,1,19,0,0,0,0,not_in_active_ul
8264,7303,greenran_low,2,20,0,0,0,0,not_in_active_ul
8264,7303,greenran_low,2,21,0,0,0,0,not_in_active_ul
8264,7303,greenran_low,2,22,0,0,0,0,not_in_active_ul
8264,7303,greenran_low,2,23,0,0,0,0,not_in_active_ul
8264,7303,greenran_low,2,24,0,0,0,0,not_in_active_ul
8381,7403,greenran_low,0,1,1,1200005,0,0,in_active_ul
8381,7403,greenran_low,0,2,1,1200005,0,0,in_active_ul
8381,7403,greenran_low,0,3,1,1200005,0,0,in_active_ul
8381,7403,greenran_low,0,4,0,0,0,0,not_in_active_ul
8381,7403,greenran_low,0,5,1,2811,0,0,in_active_ul
8381,7403,greenran_low,1,6,0,0,0,0,not_in_active_ul
8381,7403,greenran_low,1,7,0,0,0,0,not_in_active_ul
8381,7403,greenran_low,1,8,0,0,0,0,not_in_active_ul
8381,7403,greenran_low,1,9,0,0,0,0,not_in_active_ul
8381,7403,greenran_low,1,10,0,0,0,0,not_in_active_ul
8381,7403,greenran_low,1,11,0,0,0,0,not_in_active_ul
8381,7403,greenran_low,1,12,0,0,0,0,not_in_active_ul
8381,7403,greenran_low,1,19,0,0,0,0,not_in_active_ul
8381,7403,greenran_low,2,20,0,0,0,0,not_in_active_ul
8381,7403,greenran_low,2,21,0,0,0,0,not_in_active_ul
8381,7403,greenran_low,2,22,0,0,0,0,not_in_active_ul
8381,7403,greenran_low,2,23,0,0,0,0,not_in_active_ul
8381,7403,greenran_low,2,24,0,0,0,0,not_in_active_ul
8492,7503,greenran_low,0,1,0,0,0,0,not_in_active_ul
8492,7503,greenran_low,0,2,1,1197947,0,0,in_active_ul
8492,7503,greenran_low,0,3,1,1200005,0,0,in_active_ul
8492,7503,greenran_low,0,4,0,0,0,0,not_in_active_ul
8492,7503,greenran_low,0,5,1,26340,0,0,in_active_ul
8492,7503,greenran_low,1,6,0,0,0,0,not_in_active_ul
8492,7503,greenran_low,1,7,0,0,0,0,not_in_active_ul
8492,7503,greenran_low,1,8,0,0,0,0,not_in_active_ul
8492,7503,greenran_low,1,9,0,0,0,0,not_in_active_ul
8492,7503,greenran_low,1,10,0,0,0,0,not_in_active_ul
8492,7503,greenran_low,1,11,0,0,0,0,not_in_active_ul
8492,7503,greenran_low,1,12,0,0,0,0,not_in_active_ul
8492,7503,greenran_low,1,19,0,0,0,0,not_in_active_ul
8492,7503,greenran_low,2,20,0,0,0,0,not_in_active_ul
8492,7503,greenran_low,2,21,0,0,0,0,not_in_active_ul
8492,7503,greenran_low,2,22,0,0,0,0,not_in_active_ul
8492,7503,greenran_low,2,23,0,0,0,0,not_in_active_ul
8492,7503,greenran_low,2,24,0,0,0,0,not_in_active_ul
8608,7603,greenran_low,0,1,0,0,0,0,not_in_active_ul
8608,7603,greenran_low,0,2,1,1200005,0,0,in_active_ul
8608,7603,greenran_low,0,3,1,1199781,0,0,in_active_ul
8608,7603,greenran_low,0,4,0,0,0,0,not_in_active_ul
8608,7603,greenran_low,0,5,1,7592,0,0,in_active_ul
8608,7603,greenran_low,1,6,0,0,0,0,not_in_active_ul
8608,7603,greenran_low,1,7,0,0,0,0,not_in_active_ul
8608,7603,greenran_low,1,8,0,0,0,0,not_in_active_ul
8608,7603,greenran_low,1,9,0,0,0,0,not_in_active_ul
8608,7603,greenran_low,1,10,0,0,0,0,not_in_active_ul
8608,7603,greenran_low,1,11,0,0,0,0,not_in_active_ul
8608,7603,greenran_low,1,12,0,0,0,0,not_in_active_ul
8608,7603,greenran_low,1,19,0,0,0,0,not_in_active_ul
8608,7603,greenran_low,2,20,0,0,0,0,not_in_active_ul
8608,7603,greenran_low,2,21,0,0,0,0,not_in_active_ul
8608,7603,greenran_low,2,22,0,0,0,0,not_in_active_ul
8608,7603,greenran_low,2,23,0,0,0,0,not_in_active_ul
8608,7603,greenran_low,2,24,0,0,0,0,not_in_active_ul
8733,7703,greenran_low,0,1,1,1199045,0,0,in_active_ul
8733,7703,greenran_low,0,2,0,0,0,0,not_in_active_ul
8733,7703,greenran_low,0,3,1,1200005,0,0,in_active_ul
8733,7703,greenran_low,0,4,0,0,0,0,not_in_active_ul
8733,7703,greenran_low,0,5,1,34,0,0,in_active_ul
8733,7703,greenran_low,1,6,0,0,0,0,not_in_active_ul
8733,7703,greenran_low,1,7,0,0,0,0,not_in_active_ul
8733,7703,greenran_low,1,8,0,0,0,0,not_in_active_ul
8733,7703,greenran_low,1,9,0,0,0,0,not_in_active_ul
8733,7703,greenran_low,1,10,0,0,0,0,not_in_active_ul
8733,7703,greenran_low,1,11,0,0,0,0,not_in_active_ul
8733,7703,greenran_low,1,12,0,0,0,0,not_in_active_ul
8733,7703,greenran_low,1,19,0,0,0,0,not_in_active_ul
8733,7703,greenran_low,2,20,0,0,0,0,not_in_active_ul
8733,7703,greenran_low,2,21,0,0,0,0,not_in_active_ul
8733,7703,greenran_low,2,22,0,0,0,0,not_in_active_ul
8733,7703,greenran_low,2,23,0,0,0,0,not_in_active_ul
8733,7703,greenran_low,2,24,0,0,0,0,not_in_active_ul
8856,7803,greenran_low,0,1,1,1197837,0,0,in_active_ul
8856,7803,greenran_low,0,2,1,1200005,0,0,in_active_ul
8856,7803,greenran_low,0,3,1,1200005,0,0,in_active_ul
8856,7803,greenran_low,0,4,0,0,0,0,not_in_active_ul
8856,7803,greenran_low,0,5,1,389,0,0,in_active_ul
8856,7803,greenran_low,1,6,0,0,0,0,not_in_active_ul
8856,7803,greenran_low,1,7,0,0,0,0,not_in_active_ul
8856,7803,greenran_low,1,8,0,0,0,0,not_in_active_ul
8856,7803,greenran_low,1,9,0,0,0,0,not_in_active_ul
8856,7803,greenran_low,1,10,0,0,0,0,not_in_active_ul
8856,7803,greenran_low,1,11,0,0,0,0,not_in_active_ul
8856,7803,greenran_low,1,12,0,0,0,0,not_in_active_ul
8856,7803,greenran_low,1,19,0,0,0,0,not_in_active_ul
8856,7803,greenran_low,2,20,0,0,0,0,not_in_active_ul
8856,7803,greenran_low,2,21,0,0,0,0,not_in_active_ul
8856,7803,greenran_low,2,22,0,0,0,0,not_in_active_ul
8856,7803,greenran_low,2,23,0,0,0,0,not_in_active_ul
8856,7803,greenran_low,2,24,0,0,0,0,not_in_active_ul
8964,7903,greenran_low,0,1,0,0,0,0,not_in_active_ul
8964,7903,greenran_low,0,2,1,1200005,0,0,in_active_ul
8964,7903,greenran_low,0,3,1,1200005,0,0,in_active_ul
8964,7903,greenran_low,0,4,0,0,0,0,not_in_active_ul
8964,7903,greenran_low,0,5,1,34,0,0,in_active_ul
8964,7903,greenran_low,1,6,0,0,0,0,not_in_active_ul
8964,7903,greenran_low,1,7,0,0,0,0,not_in_active_ul
8964,7903,greenran_low,1,8,0,0,0,0,not_in_active_ul
8964,7903,greenran_low,1,9,0,0,0,0,not_in_active_ul
8964,7903,greenran_low,1,10,0,0,0,0,not_in_active_ul
8964,7903,greenran_low,1,11,0,0,0,0,not_in_active_ul
8964,7903,greenran_low,1,12,0,0,0,0,not_in_active_ul
8964,7903,greenran_low,1,19,0,0,0,0,not_in_active_ul
8964,7903,greenran_low,2,20,0,0,0,0,not_in_active_ul
8964,7903,greenran_low,2,21,0,0,0,0,not_in_active_ul
8964,7903,greenran_low,2,22,0,0,0,0,not_in_active_ul
8964,7903,greenran_low,2,23,0,0,0,0,not_in_active_ul
8964,7903,greenran_low,2,24,0,0,0,0,not_in_active_ul
9098,8003,greenran_low,0,1,1,1191012,0,0,in_active_ul
9098,8003,greenran_low,0,2,1,1199420,0,0,in_active_ul
9098,8003,greenran_low,0,3,1,1198982,0,0,in_active_ul
9098,8003,greenran_low,0,4,0,0,0,0,not_in_active_ul
9098,8003,greenran_low,0,5,0,0,0,0,not_in_active_ul
9098,8003,greenran_low,1,6,0,0,0,0,not_in_active_ul
9098,8003,greenran_low,1,7,0,0,0,0,not_in_active_ul
9098,8003,greenran_low,1,8,0,0,0,0,not_in_active_ul
9098,8003,greenran_low,1,9,0,0,0,0,not_in_active_ul
9098,8003,greenran_low,1,10,0,0,0,0,not_in_active_ul
9098,8003,greenran_low,1,11,0,0,0,0,not_in_active_ul
9098,8003,greenran_low,1,12,0,0,0,0,not_in_active_ul
9098,8003,greenran_low,1,19,0,0,0,0,not_in_active_ul
9098,8003,greenran_low,2,20,0,0,0,0,not_in_active_ul
9098,8003,greenran_low,2,21,0,0,0,0,not_in_active_ul
9098,8003,greenran_low,2,22,0,0,0,0,not_in_active_ul
9098,8003,greenran_low,2,23,0,0,0,0,not_in_active_ul
9098,8003,greenran_low,2,24,0,0,0,0,not_in_active_ul
9216,8103,greenran_low,0,1,1,1199598,0,0,in_active_ul
9216,8103,greenran_low,0,2,1,1197759,0,0,in_active_ul
9216,8103,greenran_low,0,3,1,1196576,0,0,in_active_ul
9216,8103,greenran_low,0,4,0,0,0,0,not_in_active_ul
9216,8103,greenran_low,0,5,0,0,0,0,not_in_active_ul
9216,8103,greenran_low,1,6,0,0,0,0,not_in_active_ul
9216,8103,greenran_low,1,7,0,0,0,0,not_in_active_ul
9216,8103,greenran_low,1,8,0,0,0,0,not_in_active_ul
9216,8103,greenran_low,1,9,0,0,0,0,not_in_active_ul
9216,8103,greenran_low,1,10,0,0,0,0,not_in_active_ul
9216,8103,greenran_low,1,11,0,0,0,0,not_in_active_ul
9216,8103,greenran_low,1,12,0,0,0,0,not_in_active_ul
9216,8103,greenran_low,1,19,0,0,0,0,not_in_active_ul
9216,8103,greenran_low,2,20,0,0,0,0,not_in_active_ul
9216,8103,greenran_low,2,21,0,0,0,0,not_in_active_ul
9216,8103,greenran_low,2,22,0,0,0,0,not_in_active_ul
9216,8103,greenran_low,2,23,0,0,0,0,not_in_active_ul
9216,8103,greenran_low,2,24,0,0,0,0,not_in_active_ul
9343,8203,greenran_low,0,1,1,1200005,0,0,in_active_ul
9343,8203,greenran_low,0,2,1,1200005,0,0,in_active_ul
9343,8203,greenran_low,0,3,1,1200005,0,0,in_active_ul
9343,8203,greenran_low,0,4,0,0,0,0,not_in_active_ul
9343,8203,greenran_low,0,5,1,34,0,0,in_active_ul
9343,8203,greenran_low,1,6,0,0,0,0,not_in_active_ul
9343,8203,greenran_low,1,7,0,0,0,0,not_in_active_ul
9343,8203,greenran_low,1,8,0,0,0,0,not_in_active_ul
9343,8203,greenran_low,1,9,0,0,0,0,not_in_active_ul
9343,8203,greenran_low,1,10,0,0,0,0,not_in_active_ul
9343,8203,greenran_low,1,11,0,0,0,0,not_in_active_ul
9343,8203,greenran_low,1,12,0,0,0,0,not_in_active_ul
9343,8203,greenran_low,1,19,0,0,0,0,not_in_active_ul
9343,8203,greenran_low,2,20,0,0,0,0,not_in_active_ul
9343,8203,greenran_low,2,21,0,0,0,0,not_in_active_ul
9343,8203,greenran_low,2,22,0,0,0,0,not_in_active_ul
9343,8203,greenran_low,2,23,0,0,0,0,not_in_active_ul
9343,8203,greenran_low,2,24,0,0,0,0,not_in_active_ul
9456,8303,greenran_low,0,1,1,1200005,0,0,in_active_ul
9456,8303,greenran_low,0,2,0,0,0,0,not_in_active_ul
9456,8303,greenran_low,0,3,1,1197940,0,0,in_active_ul
9456,8303,greenran_low,0,4,0,0,0,0,not_in_active_ul
9456,8303,greenran_low,0,5,1,5451,0,0,in_active_ul
9456,8303,greenran_low,1,6,0,0,0,0,not_in_active_ul
9456,8303,greenran_low,1,7,0,0,0,0,not_in_active_ul
9456,8303,greenran_low,1,8,0,0,0,0,not_in_active_ul
9456,8303,greenran_low,1,9,0,0,0,0,not_in_active_ul
9456,8303,greenran_low,1,10,0,0,0,0,not_in_active_ul
9456,8303,greenran_low,1,11,0,0,0,0,not_in_active_ul
9456,8303,greenran_low,1,12,0,0,0,0,not_in_active_ul
9456,8303,greenran_low,1,19,0,0,0,0,not_in_active_ul
9456,8303,greenran_low,2,20,0,0,0,0,not_in_active_ul
9456,8303,greenran_low,2,21,0,0,0,0,not_in_active_ul
9456,8303,greenran_low,2,22,0,0,0,0,not_in_active_ul
9456,8303,greenran_low,2,23,0,0,0,0,not_in_active_ul
9456,8303,greenran_low,2,24,0,0,0,0,not_in_active_ul
9575,8403,greenran_low,0,1,1,1200005,0,0,in_active_ul
9575,8403,greenran_low,0,2,1,1199232,0,0,in_active_ul
9575,8403,greenran_low,0,3,1,1200005,0,0,in_active_ul
9575,8403,greenran_low,0,4,0,0,0,0,not_in_active_ul
9575,8403,greenran_low,0,5,1,34,0,0,in_active_ul
9575,8403,greenran_low,1,6,0,0,0,0,not_in_active_ul
9575,8403,greenran_low,1,7,0,0,0,0,not_in_active_ul
9575,8403,greenran_low,1,8,0,0,0,0,not_in_active_ul
9575,8403,greenran_low,1,9,0,0,0,0,not_in_active_ul
9575,8403,greenran_low,1,10,0,0,0,0,not_in_active_ul
9575,8403,greenran_low,1,11,0,0,0,0,not_in_active_ul
9575,8403,greenran_low,1,12,0,0,0,0,not_in_active_ul
9575,8403,greenran_low,1,19,0,0,0,0,not_in_active_ul
9575,8403,greenran_low,2,20,0,0,0,0,not_in_active_ul
9575,8403,greenran_low,2,21,0,0,0,0,not_in_active_ul
9575,8403,greenran_low,2,22,0,0,0,0,not_in_active_ul
9575,8403,greenran_low,2,23,0,0,0,0,not_in_active_ul
9575,8403,greenran_low,2,24,0,0,0,0,not_in_active_ul
9687,8503,greenran_low,0,1,0,0,0,0,not_in_active_ul
9687,8503,greenran_low,0,2,1,1200005,0,0,in_active_ul
9687,8503,greenran_low,0,3,1,1200005,0,0,in_active_ul
9687,8503,greenran_low,0,4,0,0,0,0,not_in_active_ul
9687,8503,greenran_low,0,5,1,5451,0,0,in_active_ul
9687,8503,greenran_low,1,6,0,0,0,0,not_in_active_ul
9687,8503,greenran_low,1,7,0,0,0,0,not_in_active_ul
9687,8503,greenran_low,1,8,0,0,0,0,not_in_active_ul
9687,8503,greenran_low,1,9,0,0,0,0,not_in_active_ul
9687,8503,greenran_low,1,10,0,0,0,0,not_in_active_ul
9687,8503,greenran_low,1,11,0,0,0,0,not_in_active_ul
9687,8503,greenran_low,1,12,0,0,0,0,not_in_active_ul
9687,8503,greenran_low,1,19,0,0,0,0,not_in_active_ul
9687,8503,greenran_low,2,20,0,0,0,0,not_in_active_ul
9687,8503,greenran_low,2,21,0,0,0,0,not_in_active_ul
9687,8503,greenran_low,2,22,0,0,0,0,not_in_active_ul
9687,8503,greenran_low,2,23,0,0,0,0,not_in_active_ul
9687,8503,greenran_low,2,24,0,0,0,0,not_in_active_ul
9805,8603,greenran_low,0,1,1,1199921,0,0,in_active_ul
9805,8603,greenran_low,0,2,0,0,0,0,not_in_active_ul
9805,8603,greenran_low,0,3,0,0,0,0,not_in_active_ul
9805,8603,greenran_low,0,4,0,0,0,0,not_in_active_ul
9805,8603,greenran_low,0,5,1,20521,0,0,in_active_ul
9805,8603,greenran_low,1,6,0,0,0,0,not_in_active_ul
9805,8603,greenran_low,1,7,0,0,0,0,not_in_active_ul
9805,8603,greenran_low,1,8,0,0,0,0,not_in_active_ul
9805,8603,greenran_low,1,9,0,0,0,0,not_in_active_ul
9805,8603,greenran_low,1,10,0,0,0,0,not_in_active_ul
9805,8603,greenran_low,1,11,0,0,0,0,not_in_active_ul
9805,8603,greenran_low,1,12,0,0,0,0,not_in_active_ul
9805,8603,greenran_low,1,19,0,0,0,0,not_in_active_ul
9805,8603,greenran_low,2,20,0,0,0,0,not_in_active_ul
9805,8603,greenran_low,2,21,0,0,0,0,not_in_active_ul
9805,8603,greenran_low,2,22,0,0,0,0,not_in_active_ul
9805,8603,greenran_low,2,23,0,0,0,0,not_in_active_ul
9805,8603,greenran_low,2,24,0,0,0,0,not_in_active_ul
9918,8703,greenran_low,0,1,0,0,0,0,not_in_active_ul
9918,8703,greenran_low,0,2,1,1198623,0,0,in_active_ul
9918,8703,greenran_low,0,3,1,1197763,0,0,in_active_ul
9918,8703,greenran_low,0,4,0,0,0,0,not_in_active_ul
9918,8703,greenran_low,0,5,1,5451,0,0,in_active_ul
9918,8703,greenran_low,1,6,0,0,0,0,not_in_active_ul
9918,8703,greenran_low,1,7,0,0,0,0,not_in_active_ul
9918,8703,greenran_low,1,8,0,0,0,0,not_in_active_ul
9918,8703,greenran_low,1,9,0,0,0,0,not_in_active_ul
9918,8703,greenran_low,1,10,0,0,0,0,not_in_active_ul
9918,8703,greenran_low,1,11,0,0,0,0,not_in_active_ul
9918,8703,greenran_low,1,12,0,0,0,0,not_in_active_ul
9918,8703,greenran_low,1,19,0,0,0,0,not_in_active_ul
9918,8703,greenran_low,2,20,0,0,0,0,not_in_active_ul
9918,8703,greenran_low,2,21,0,0,0,0,not_in_active_ul
9918,8703,greenran_low,2,22,0,0,0,0,not_in_active_ul
9918,8703,greenran_low,2,23,0,0,0,0,not_in_active_ul
9918,8703,greenran_low,2,24,0,0,0,0,not_in_active_ul
10040,8803,greenran_low,0,1,1,1199570,0,0,in_active_ul
10040,8803,greenran_low,0,2,1,1198900,0,0,in_active_ul
10040,8803,greenran_low,0,3,1,1197403,0,0,in_active_ul
10040,8803,greenran_low,0,4,0,0,0,0,not_in_active_ul
10040,8803,greenran_low,0,5,1,34,0,0,in_active_ul
10040,8803,greenran_low,1,6,0,0,0,0,not_in_active_ul
10040,8803,greenran_low,1,7,0,0,0,0,not_in_active_ul
10040,8803,greenran_low,1,8,0,0,0,0,not_in_active_ul
10040,8803,greenran_low,1,9,0,0,0,0,not_in_active_ul
10040,8803,greenran_low,1,10,0,0,0,0,not_in_active_ul
10040,8803,greenran_low,1,11,0,0,0,0,not_in_active_ul
10040,8803,greenran_low,1,12,0,0,0,0,not_in_active_ul
10040,8803,greenran_low,1,19,0,0,0,0,not_in_active_ul
10040,8803,greenran_low,2,20,0,0,0,0,not_in_active_ul
10040,8803,greenran_low,2,21,0,0,0,0,not_in_active_ul
10040,8803,greenran_low,2,22,0,0,0,0,not_in_active_ul
10040,8803,greenran_low,2,23,0,0,0,0,not_in_active_ul
10040,8803,greenran_low,2,24,0,0,0,0,not_in_active_ul
10178,8903,greenran_low,0,1,0,0,0,0,not_in_active_ul
10178,8903,greenran_low,0,2,1,1200005,0,0,in_active_ul
10178,8903,greenran_low,0,3,1,1200005,0,0,in_active_ul
10178,8903,greenran_low,0,4,0,0,0,0,not_in_active_ul
10178,8903,greenran_low,0,5,1,1451,0,0,in_active_ul
10178,8903,greenran_low,1,6,0,0,0,0,not_in_active_ul
10178,8903,greenran_low,1,7,0,0,0,0,not_in_active_ul
10178,8903,greenran_low,1,8,0,0,0,0,not_in_active_ul
10178,8903,greenran_low,1,9,0,0,0,0,not_in_active_ul
10178,8903,greenran_low,1,10,0,0,0,0,not_in_active_ul
10178,8903,greenran_low,1,11,0,0,0,0,not_in_active_ul
10178,8903,greenran_low,1,12,0,0,0,0,not_in_active_ul
10178,8903,greenran_low,1,19,0,0,0,0,not_in_active_ul
10178,8903,greenran_low,2,20,0,0,0,0,not_in_active_ul
10178,8903,greenran_low,2,21,0,0,0,0,not_in_active_ul
10178,8903,greenran_low,2,22,0,0,0,0,not_in_active_ul
10178,8903,greenran_low,2,23,0,0,0,0,not_in_active_ul
10178,8903,greenran_low,2,24,0,0,0,0,not_in_active_ul
10287,9003,greenran_low,0,1,1,1200005,0,0,in_active_ul
10287,9003,greenran_low,0,2,1,1200005,0,0,in_active_ul
10287,9003,greenran_low,0,3,1,1200005,0,0,in_active_ul
10287,9003,greenran_low,0,4,0,0,0,0,not_in_active_ul
10287,9003,greenran_low,0,5,1,39823,0,0,in_active_ul
10287,9003,greenran_low,1,6,0,0,0,0,not_in_active_ul
10287,9003,greenran_low,1,7,0,0,0,0,not_in_active_ul
10287,9003,greenran_low,1,8,0,0,0,0,not_in_active_ul
10287,9003,greenran_low,1,9,0,0,0,0,not_in_active_ul
10287,9003,greenran_low,1,10,0,0,0,0,not_in_active_ul
10287,9003,greenran_low,1,11,0,0,0,0,not_in_active_ul
10287,9003,greenran_low,1,12,0,0,0,0,not_in_active_ul
10287,9003,greenran_low,1,19,0,0,0,0,not_in_active_ul
10287,9003,greenran_low,2,20,0,0,0,0,not_in_active_ul
10287,9003,greenran_low,2,21,0,0,0,0,not_in_active_ul
10287,9003,greenran_low,2,22,0,0,0,0,not_in_active_ul
10287,9003,greenran_low,2,23,0,0,0,0,not_in_active_ul
10287,9003,greenran_low,2,24,0,0,0,0,not_in_active_ul
10397,9103,greenran_low,0,1,1,1199590,0,0,in_active_ul
10397,9103,greenran_low,0,2,1,1200005,0,0,in_active_ul
10397,9103,greenran_low,0,3,0,0,0,0,not_in_active_ul
10397,9103,greenran_low,0,4,0,0,0,0,not_in_active_ul
10397,9103,greenran_low,0,5,0,0,0,0,not_in_active_ul
10397,9103,greenran_low,1,6,0,0,0,0,not_in_active_ul
10397,9103,greenran_low,1,7,0,0,0,0,not_in_active_ul
10397,9103,greenran_low,1,8,0,0,0,0,not_in_active_ul
10397,9103,greenran_low,1,9,0,0,0,0,not_in_active_ul
10397,9103,greenran_low,1,10,0,0,0,0,not_in_active_ul
10397,9103,greenran_low,1,11,0,0,0,0,not_in_active_ul
10397,9103,greenran_low,1,12,0,0,0,0,not_in_active_ul
10397,9103,greenran_low,1,19,0,0,0,0,not_in_active_ul
10397,9103,greenran_low,2,20,0,0,0,0,not_in_active_ul
10397,9103,greenran_low,2,21,0,0,0,0,not_in_active_ul
10397,9103,greenran_low,2,22,0,0,0,0,not_in_active_ul
10397,9103,greenran_low,2,23,0,0,0,0,not_in_active_ul
10397,9103,greenran_low,2,24,0,0,0,0,not_in_active_ul
10520,9203,greenran_low,0,1,0,0,0,0,not_in_active_ul
10520,9203,greenran_low,0,2,1,1200005,0,0,in_active_ul
10520,9203,greenran_low,0,3,1,1200005,0,0,in_active_ul
10520,9203,greenran_low,0,4,0,0,0,0,not_in_active_ul
10520,9203,greenran_low,0,5,0,0,0,0,not_in_active_ul
10520,9203,greenran_low,1,6,0,0,0,0,not_in_active_ul
10520,9203,greenran_low,1,7,0,0,0,0,not_in_active_ul
10520,9203,greenran_low,1,8,0,0,0,0,not_in_active_ul
10520,9203,greenran_low,1,9,0,0,0,0,not_in_active_ul
10520,9203,greenran_low,1,10,0,0,0,0,not_in_active_ul
10520,9203,greenran_low,1,11,0,0,0,0,not_in_active_ul
10520,9203,greenran_low,1,12,0,0,0,0,not_in_active_ul
10520,9203,greenran_low,1,19,0,0,0,0,not_in_active_ul
10520,9203,greenran_low,2,20,0,0,0,0,not_in_active_ul
10520,9203,greenran_low,2,21,0,0,0,0,not_in_active_ul
10520,9203,greenran_low,2,22,0,0,0,0,not_in_active_ul
10520,9203,greenran_low,2,23,0,0,0,0,not_in_active_ul
10520,9203,greenran_low,2,24,0,0,0,0,not_in_active_ul
10647,9303,greenran_low,0,1,0,0,0,0,not_in_active_ul
10647,9303,greenran_low,0,2,1,1200005,0,0,in_active_ul
10647,9303,greenran_low,0,3,1,1200005,0,0,in_active_ul
10647,9303,greenran_low,0,4,0,0,0,0,not_in_active_ul
10647,9303,greenran_low,0,5,1,7592,0,0,in_active_ul
10647,9303,greenran_low,1,6,0,0,0,0,not_in_active_ul
10647,9303,greenran_low,1,7,0,0,0,0,not_in_active_ul
10647,9303,greenran_low,1,8,0,0,0,0,not_in_active_ul
10647,9303,greenran_low,1,9,0,0,0,0,not_in_active_ul
10647,9303,greenran_low,1,10,0,0,0,0,not_in_active_ul
10647,9303,greenran_low,1,11,0,0,0,0,not_in_active_ul
10647,9303,greenran_low,1,12,0,0,0,0,not_in_active_ul
10647,9303,greenran_low,1,19,0,0,0,0,not_in_active_ul
10647,9303,greenran_low,2,20,0,0,0,0,not_in_active_ul
10647,9303,greenran_low,2,21,0,0,0,0,not_in_active_ul
10647,9303,greenran_low,2,22,0,0,0,0,not_in_active_ul
10647,9303,greenran_low,2,23,0,0,0,0,not_in_active_ul
10647,9303,greenran_low,2,24,0,0,0,0,not_in_active_ul
10774,9403,greenran_low,0,1,1,1200005,0,0,in_active_ul
10774,9403,greenran_low,0,2,1,1198630,0,0,in_active_ul
10774,9403,greenran_low,0,3,1,1196772,0,0,in_active_ul
10774,9403,greenran_low,0,4,0,0,0,0,not_in_active_ul
10774,9403,greenran_low,0,5,0,0,0,0,not_in_active_ul
10774,9403,greenran_low,1,6,0,0,0,0,not_in_active_ul
10774,9403,greenran_low,1,7,0,0,0,0,not_in_active_ul
10774,9403,greenran_low,1,8,0,0,0,0,not_in_active_ul
10774,9403,greenran_low,1,9,0,0,0,0,not_in_active_ul
10774,9403,greenran_low,1,10,0,0,0,0,not_in_active_ul
10774,9403,greenran_low,1,11,0,0,0,0,not_in_active_ul
10774,9403,greenran_low,1,12,0,0,0,0,not_in_active_ul
10774,9403,greenran_low,1,19,0,0,0,0,not_in_active_ul
10774,9403,greenran_low,2,20,0,0,0,0,not_in_active_ul
10774,9403,greenran_low,2,21,0,0,0,0,not_in_active_ul
10774,9403,greenran_low,2,22,0,0,0,0,not_in_active_ul
10774,9403,greenran_low,2,23,0,0,0,0,not_in_active_ul
10774,9403,greenran_low,2,24,0,0,0,0,not_in_active_ul
10898,9503,greenran_low,0,1,0,0,0,0,not_in_active_ul
10898,9503,greenran_low,0,2,1,1200005,0,0,in_active_ul
10898,9503,greenran_low,0,3,1,1200005,0,0,in_active_ul
10898,9503,greenran_low,0,4,0,0,0,0,not_in_active_ul
10898,9503,greenran_low,0,5,0,0,0,0,not_in_active_ul
10898,9503,greenran_low,1,6,0,0,0,0,not_in_active_ul
10898,9503,greenran_low,1,7,0,0,0,0,not_in_active_ul
10898,9503,greenran_low,1,8,0,0,0,0,not_in_active_ul
10898,9503,greenran_low,1,9,0,0,0,0,not_in_active_ul
10898,9503,greenran_low,1,10,0,0,0,0,not_in_active_ul
10898,9503,greenran_low,1,11,0,0,0,0,not_in_active_ul
10898,9503,greenran_low,1,12,0,0,0,0,not_in_active_ul
10898,9503,greenran_low,1,19,0,0,0,0,not_in_active_ul
10898,9503,greenran_low,2,20,0,0,0,0,not_in_active_ul
10898,9503,greenran_low,2,21,0,0,0,0,not_in_active_ul
10898,9503,greenran_low,2,22,0,0,0,0,not_in_active_ul
10898,9503,greenran_low,2,23,0,0,0,0,not_in_active_ul
10898,9503,greenran_low,2,24,0,0,0,0,not_in_active_ul
11016,9603,greenran_low,0,1,1,1199931,0,0,in_active_ul
11016,9603,greenran_low,0,2,1,1200005,0,0,in_active_ul
11016,9603,greenran_low,0,3,1,1200005,0,0,in_active_ul
11016,9603,greenran_low,0,4,0,0,0,0,not_in_active_ul
11016,9603,greenran_low,0,5,1,389,0,0,in_active_ul
11016,9603,greenran_low,1,6,0,0,0,0,not_in_active_ul
11016,9603,greenran_low,1,7,0,0,0,0,not_in_active_ul
11016,9603,greenran_low,1,8,0,0,0,0,not_in_active_ul
11016,9603,greenran_low,1,9,0,0,0,0,not_in_active_ul
11016,9603,greenran_low,1,10,0,0,0,0,not_in_active_ul
11016,9603,greenran_low,1,11,0,0,0,0,not_in_active_ul
11016,9603,greenran_low,1,12,0,0,0,0,not_in_active_ul
11016,9603,greenran_low,1,19,0,0,0,0,not_in_active_ul
11016,9603,greenran_low,2,20,0,0,0,0,not_in_active_ul
11016,9603,greenran_low,2,21,0,0,0,0,not_in_active_ul
11016,9603,greenran_low,2,22,0,0,0,0,not_in_active_ul
11016,9603,greenran_low,2,23,0,0,0,0,not_in_active_ul
11016,9603,greenran_low,2,24,0,0,0,0,not_in_active_ul
11139,9703,greenran_low,0,1,1,1200005,0,0,in_active_ul
11139,9703,greenran_low,0,2,1,1196515,0,0,in_active_ul
11139,9703,greenran_low,0,3,1,1197199,0,0,in_active_ul
11139,9703,greenran_low,0,4,0,0,0,0,not_in_active_ul
11139,9703,greenran_low,0,5,0,0,0,0,not_in_active_ul
11139,9703,greenran_low,1,6,0,0,0,0,not_in_active_ul
11139,9703,greenran_low,1,7,0,0,0,0,not_in_active_ul
11139,9703,greenran_low,1,8,0,0,0,0,not_in_active_ul
11139,9703,greenran_low,1,9,0,0,0,0,not_in_active_ul
11139,9703,greenran_low,1,10,0,0,0,0,not_in_active_ul
11139,9703,greenran_low,1,11,0,0,0,0,not_in_active_ul
11139,9703,greenran_low,1,12,0,0,0,0,not_in_active_ul
11139,9703,greenran_low,1,19,0,0,0,0,not_in_active_ul
11139,9703,greenran_low,2,20,0,0,0,0,not_in_active_ul
11139,9703,greenran_low,2,21,0,0,0,0,not_in_active_ul
11139,9703,greenran_low,2,22,0,0,0,0,not_in_active_ul
11139,9703,greenran_low,2,23,0,0,0,0,not_in_active_ul
11139,9703,greenran_low,2,24,0,0,0,0,not_in_active_ul
11257,9803,greenran_low,0,1,1,1199625,0,0,in_active_ul
11257,9803,greenran_low,0,2,1,1199870,0,0,in_active_ul
11257,9803,greenran_low,0,3,1,1199646,0,0,in_active_ul
11257,9803,greenran_low,0,4,0,0,0,0,not_in_active_ul
11257,9803,greenran_low,0,5,0,0,0,0,not_in_active_ul
11257,9803,greenran_low,1,6,0,0,0,0,not_in_active_ul
11257,9803,greenran_low,1,7,0,0,0,0,not_in_active_ul
11257,9803,greenran_low,1,8,0,0,0,0,not_in_active_ul
11257,9803,greenran_low,1,9,0,0,0,0,not_in_active_ul
11257,9803,greenran_low,1,10,0,0,0,0,not_in_active_ul
11257,9803,greenran_low,1,11,0,0,0,0,not_in_active_ul
11257,9803,greenran_low,1,12,0,0,0,0,not_in_active_ul
11257,9803,greenran_low,1,19,0,0,0,0,not_in_active_ul
11257,9803,greenran_low,2,20,0,0,0,0,not_in_active_ul
11257,9803,greenran_low,2,21,0,0,0,0,not_in_active_ul
11257,9803,greenran_low,2,22,0,0,0,0,not_in_active_ul
11257,9803,greenran_low,2,23,0,0,0,0,not_in_active_ul
11257,9803,greenran_low,2,24,0,0,0,0,not_in_active_ul
11394,9903,greenran_low,0,1,0,0,0,0,not_in_active_ul
11394,9903,greenran_low,0,2,1,1200005,0,0,in_active_ul
11394,9903,greenran_low,0,3,1,1200005,0,0,in_active_ul
11394,9903,greenran_low,0,4,0,0,0,0,not_in_active_ul
11394,9903,greenran_low,0,5,1,5451,0,0,in_active_ul
11394,9903,greenran_low,1,6,0,0,0,0,not_in_active_ul
11394,9903,greenran_low,1,7,0,0,0,0,not_in_active_ul
11394,9903,greenran_low,1,8,0,0,0,0,not_in_active_ul
11394,9903,greenran_low,1,9,0,0,0,0,not_in_active_ul
11394,9903,greenran_low,1,10,0,0,0,0,not_in_active_ul
11394,9903,greenran_low,1,11,0,0,0,0,not_in_active_ul
11394,9903,greenran_low,1,12,0,0,0,0,not_in_active_ul
11394,9903,greenran_low,1,19,0,0,0,0,not_in_active_ul
11394,9903,greenran_low,2,20,0,0,0,0,not_in_active_ul
11394,9903,greenran_low,2,21,0,0,0,0,not_in_active_ul
11394,9903,greenran_low,2,22,0,0,0,0,not_in_active_ul
11394,9903,greenran_low,2,23,0,0,0,0,not_in_active_ul
11394,9903,greenran_low,2,24,0,0,0,0,not_in_active_ul
11527,10003,greenran_low,0,1,1,1200005,0,0,in_active_ul
11527,10003,greenran_low,0,2,1,1199197,0,0,in_active_ul
11527,10003,greenran_low,0,3,1,1198762,0,0,in_active_ul
11527,10003,greenran_low,0,4,0,0,0,0,not_in_active_ul
11527,10003,greenran_low,0,5,1,234,0,0,in_active_ul
11527,10003,greenran_low,1,6,0,0,0,0,not_in_active_ul
11527,10003,greenran_low,1,7,0,0,0,0,not_in_active_ul
11527,10003,greenran_low,1,8,0,0,0,0,not_in_active_ul
11527,10003,greenran_low,1,9,0,0,0,0,not_in_active_ul
11527,10003,greenran_low,1,10,0,0,0,0,not_in_active_ul
11527,10003,greenran_low,1,11,0,0,0,0,not_in_active_ul
11527,10003,greenran_low,1,12,0,0,0,0,not_in_active_ul
11527,10003,greenran_low,1,19,0,0,0,0,not_in_active_ul
11527,10003,greenran_low,2,20,0,0,0,0,not_in_active_ul
11527,10003,greenran_low,2,21,0,0,0,0,not_in_active_ul
11527,10003,greenran_low,2,22,0,0,0,0,not_in_active_ul
11527,10003,greenran_low,2,23,0,0,0,0,not_in_active_ul
11527,10003,greenran_low,2,24,0,0,0,0,not_in_active_ul
11639,10103,greenran_low,0,1,0,0,0,0,not_in_active_ul
11639,10103,greenran_low,0,2,1,1200005,0,0,in_active_ul
11639,10103,greenran_low,0,3,1,1200005,0,0,in_active_ul
11639,10103,greenran_low,0,4,0,0,0,0,not_in_active_ul
11639,10103,greenran_low,0,5,1,5451,0,0,in_active_ul
11639,10103,greenran_low,1,6,0,0,0,0,not_in_active_ul
11639,10103,greenran_low,1,7,0,0,0,0,not_in_active_ul
11639,10103,greenran_low,1,8,0,0,0,0,not_in_active_ul
11639,10103,greenran_low,1,9,0,0,0,0,not_in_active_ul
11639,10103,greenran_low,1,10,0,0,0,0,not_in_active_ul
11639,10103,greenran_low,1,11,0,0,0,0,not_in_active_ul
11639,10103,greenran_low,1,12,0,0,0,0,not_in_active_ul
11639,10103,greenran_low,1,19,0,0,0,0,not_in_active_ul
11639,10103,greenran_low,2,20,0,0,0,0,not_in_active_ul
11639,10103,greenran_low,2,21,0,0,0,0,not_in_active_ul
11639,10103,greenran_low,2,22,0,0,0,0,not_in_active_ul
11639,10103,greenran_low,2,23,0,0,0,0,not_in_active_ul
11639,10103,greenran_low,2,24,0,0,0,0,not_in_active_ul
11758,10203,greenran_low,0,1,1,1199878,0,0,in_active_ul
11758,10203,greenran_low,0,2,1,1200005,0,0,in_active_ul
11758,10203,greenran_low,0,3,1,1200005,0,0,in_active_ul
11758,10203,greenran_low,0,4,0,0,0,0,not_in_active_ul
11758,10203,greenran_low,0,5,1,34,0,0,in_active_ul
11758,10203,greenran_low,1,6,0,0,0,0,not_in_active_ul
11758,10203,greenran_low,1,7,0,0,0,0,not_in_active_ul
11758,10203,greenran_low,1,8,0,0,0,0,not_in_active_ul
11758,10203,greenran_low,1,9,0,0,0,0,not_in_active_ul
11758,10203,greenran_low,1,10,0,0,0,0,not_in_active_ul
11758,10203,greenran_low,1,11,0,0,0,0,not_in_active_ul
11758,10203,greenran_low,1,12,0,0,0,0,not_in_active_ul
11758,10203,greenran_low,1,19,0,0,0,0,not_in_active_ul
11758,10203,greenran_low,2,20,0,0,0,0,not_in_active_ul
11758,10203,greenran_low,2,21,0,0,0,0,not_in_active_ul
11758,10203,greenran_low,2,22,0,0,0,0,not_in_active_ul
11758,10203,greenran_low,2,23,0,0,0,0,not_in_active_ul
11758,10203,greenran_low,2,24,0,0,0,0,not_in_active_ul
11874,10303,greenran_low,0,1,1,1199718,0,0,in_active_ul
11874,10303,greenran_low,0,2,0,0,0,0,not_in_active_ul
11874,10303,greenran_low,0,3,1,1197790,0,0,in_active_ul
11874,10303,greenran_low,0,4,0,0,0,0,not_in_active_ul
11874,10303,greenran_low,0,5,1,540,0,0,in_active_ul
11874,10303,greenran_low,1,6,0,0,0,0,not_in_active_ul
11874,10303,greenran_low,1,7,0,0,0,0,not_in_active_ul
11874,10303,greenran_low,1,8,0,0,0,0,not_in_active_ul
11874,10303,greenran_low,1,9,0,0,0,0,not_in_active_ul
11874,10303,greenran_low,1,10,0,0,0,0,not_in_active_ul
11874,10303,greenran_low,1,11,0,0,0,0,not_in_active_ul
11874,10303,greenran_low,1,12,0,0,0,0,not_in_active_ul
11874,10303,greenran_low,1,19,0,0,0,0,not_in_active_ul
11874,10303,greenran_low,2,20,0,0,0,0,not_in_active_ul
11874,10303,greenran_low,2,21,0,0,0,0,not_in_active_ul
11874,10303,greenran_low,2,22,0,0,0,0,not_in_active_ul
11874,10303,greenran_low,2,23,0,0,0,0,not_in_active_ul
11874,10303,greenran_low,2,24,0,0,0,0,not_in_active_ul
11989,10403,greenran_low,0,1,0,0,0,0,not_in_active_ul
11989,10403,greenran_low,0,2,1,1200005,0,0,in_active_ul
11989,10403,greenran_low,0,3,1,1200005,0,0,in_active_ul
11989,10403,greenran_low,0,4,0,0,0,0,not_in_active_ul
11989,10403,greenran_low,0,5,1,5451,0,0,in_active_ul
11989,10403,greenran_low,1,6,0,0,0,0,not_in_active_ul
11989,10403,greenran_low,1,7,0,0,0,0,not_in_active_ul
11989,10403,greenran_low,1,8,0,0,0,0,not_in_active_ul
11989,10403,greenran_low,1,9,0,0,0,0,not_in_active_ul
11989,10403,greenran_low,1,10,0,0,0,0,not_in_active_ul
11989,10403,greenran_low,1,11,0,0,0,0,not_in_active_ul
11989,10403,greenran_low,1,12,0,0,0,0,not_in_active_ul
11989,10403,greenran_low,1,19,0,0,0,0,not_in_active_ul
11989,10403,greenran_low,2,20,0,0,0,0,not_in_active_ul
11989,10403,greenran_low,2,21,0,0,0,0,not_in_active_ul
11989,10403,greenran_low,2,22,0,0,0,0,not_in_active_ul
11989,10403,greenran_low,2,23,0,0,0,0,not_in_active_ul
11989,10403,greenran_low,2,24,0,0,0,0,not_in_active_ul
12105,10503,greenran_low,0,1,1,1199892,0,0,in_active_ul
12105,10503,greenran_low,0,2,1,1200005,0,0,in_active_ul
12105,10503,greenran_low,0,3,0,0,0,0,not_in_active_ul
12105,10503,greenran_low,0,4,0,0,0,0,not_in_active_ul
12105,10503,greenran_low,0,5,1,1451,0,0,in_active_ul
12105,10503,greenran_low,1,6,0,0,0,0,not_in_active_ul
12105,10503,greenran_low,1,7,0,0,0,0,not_in_active_ul
12105,10503,greenran_low,1,8,0,0,0,0,not_in_active_ul
12105,10503,greenran_low,1,9,0,0,0,0,not_in_active_ul
12105,10503,greenran_low,1,10,0,0,0,0,not_in_active_ul
12105,10503,greenran_low,1,11,0,0,0,0,not_in_active_ul
12105,10503,greenran_low,1,12,0,0,0,0,not_in_active_ul
12105,10503,greenran_low,1,19,0,0,0,0,not_in_active_ul
12105,10503,greenran_low,2,20,0,0,0,0,not_in_active_ul
12105,10503,greenran_low,2,21,0,0,0,0,not_in_active_ul
12105,10503,greenran_low,2,22,0,0,0,0,not_in_active_ul
12105,10503,greenran_low,2,23,0,0,0,0,not_in_active_ul
12105,10503,greenran_low,2,24,0,0,0,0,not_in_active_ul
