510,0,37.158378353402114,37.158378353402114,100.0
510,1,40.09792528573938,40.09792528573938,100.0
510,2,22.743696360858507,22.743696360858507,100.0
520,0,35.94195626438418,35.94195626438418,100.0
520,1,40.348133973824595,40.348133973824595,100.0
520,2,23.70990976179123,23.70990976179123,100.0
530,0,31.42449913822064,31.42449913822064,100.0
530,1,39.54868182261851,39.54868182261851,100.0
530,2,29.026819039160856,29.026819039160856,100.0
540,0,29.897392156755824,29.897392156755824,100.0
540,1,36.29947912495995,36.29947912495995,100.0
540,2,33.80312871828422,33.80312871828422,100.0
550,0,33.19886903672919,33.19886903672919,100.0
550,1,31.896747927617014,31.896747927617014,100.0
550,2,34.904383035653794,34.904383035653794,100.0
