510,0,56.665,56.665,100.0,0
510,1,25.0,25.0,100.0,0
510,2,18.335,18.335,100.0,0
520,0,51.66499999999999,51.66499999999999,100.0,0
520,1,20.0,20.0,100.0,0
520,2,28.335,28.335,100.0,0
530,0,56.665,56.665,100.0,0
530,1,25.0,25.0,100.0,0
530,2,18.335,18.335,100.0,0
540,0,46.665,46.665,100.0,1
540,1,30.000000000000004,30.000000000000004,100.0,1
540,2,23.335,23.335,100.0,1
550,0,16.665,16.665,100.0,0
550,1,65.0,65.0,100.0,0
550,2,18.335,18.335,100.0,0
560,0,16.665,16.665,100.0,0
560,1,60.00000000000001,60.00000000000001,100.0,0
560,2,23.335,23.335,100.0,0
570,0,16.665,16.665,100.0,0
570,1,60.00000000000001,60.00000000000001,100.0,0
570,2,23.335,23.335,100.0,0
580,0,16.665,16.665,100.0,0
580,1,60.00000000000001,60.00000000000001,100.0,0
580,2,23.335,23.335,100.0,0
590,0,46.665,46.665,100.0,1
590,1,35.0,35.0,100.0,1
590,2,18.335,18.335,100.0,1
600,0,56.665,56.665,100.0,2
600,1,20.0,20.0,100.0,2
600,2,23.335,23.335,100.0,2
610,0,16.665000000000003,16.665000000000003,100.0,2
610,1,70.0,70.0,100.0,2
610,2,13.335000000000003,13.335000000000003,100.0,2
620,0,16.665,16.665,100.0,0
620,1,60.00000000000001,60.00000000000001,100.0,0
620,2,23.335,23.335,100.0,0
630,0,16.665,16.665,100.0,0
630,1,60.00000000000001,60.00000000000001,100.0,0
630,2,23.335,23.335,100.0,0
640,0,56.665,56.665,100.0,2
640,1,20.0,20.0,100.0,2
640,2,23.335,23.335,100.0,2
650,0,56.665,56.665,100.0,2
650,1,20.0,20.0,100.0,2
650,2,23.335,23.335,100.0,2
660,0,56.665,56.665,100.0,2
660,1,20.0,20.0,100.0,2
660,2,23.335,23.335,100.0,2
670,0,16.665,16.665,100.0,1
670,1,65.0,65.0,100.0,1
670,2,18.335,18.335,100.0,1
680,0,16.665,16.665,100.0,1
680,1,65.0,65.0,100.0,1
680,2,18.335,18.335,100.0,1
690,0,16.665,16.665,100.0,1
690,1,65.0,65.0,100.0,1
690,2,18.335,18.335,100.0,1
700,0,16.665,16.665,100.0,1
700,1,65.0,65.0,100.0,1
700,2,18.335,18.335,100.0,1
710,0,16.665,16.665,100.0,1
710,1,65.0,65.0,100.0,1
710,2,18.335,18.335,100.0,1
720,0,16.665,16.665,100.0,1
720,1,65.0,65.0,100.0,1
720,2,18.335,18.335,100.0,1
730,0,16.665,16.665,100.0,1
730,1,65.0,65.0,100.0,1
730,2,18.335,18.335,100.0,1
740,0,16.665,16.665,100.0,0
740,1,30.000000000000004,30.000000000000004,100.0,0
740,2,53.335,53.335,100.0,0
750,0,16.665,16.665,100.0,0
750,1,30.000000000000004,30.000000000000004,100.0,0
750,2,53.335,53.335,100.0,0
760,0,56.665,56.665,100.0,0
760,1,25.0,25.0,100.0,0
760,2,18.335,18.335,100.0,0
770,0,56.665,56.665,100.0,0
770,1,25.0,25.0,100.0,0
770,2,18.335,18.335,100.0,0
780,0,36.665000000000006,36.665000000000006,100.0,0
780,1,30.000000000000004,30.000000000000004,100.0,0
780,2,33.335,33.335,100.0,0
790,0,56.665,56.665,100.0,0
790,1,25.0,25.0,100.0,0
790,2,18.335,18.335,100.0,0
800,0,56.665,56.665,100.0,0
800,1,25.0,25.0,100.0,0
800,2,18.335,18.335,100.0,0
810,0,56.665,56.665,100.0,0
810,1,25.0,25.0,100.0,0
810,2,18.335,18.335,100.0,0
820,0,56.665,56.665,100.0,0
820,1,25.0,25.0,100.0,0
820,2,18.335,18.335,100.0,0
830,0,56.665,56.665,100.0,0
830,1,25.0,25.0,100.0,0
830,2,18.335,18.335,100.0,0
840,0,56.665,56.665,100.0,0
840,1,25.0,25.0,100.0,0
840,2,18.335,18.335,100.0,0
850,0,56.665,56.665,100.0,0
850,1,25.0,25.0,100.0,0
850,2,18.335,18.335,100.0,0
860,0,56.665,56.665,100.0,0
860,1,25.0,25.0,100.0,0
860,2,18.335,18.335,100.0,0
870,0,56.665,56.665,100.0,0
870,1,25.0,25.0,100.0,0
870,2,18.335,18.335,100.0,0
880,0,56.665,56.665,100.0,0
880,1,25.0,25.0,100.0,0
880,2,18.335,18.335,100.0,0
890,0,66.665,66.665,100.0,0
890,1,20.000000000000004,20.000000000000004,100.0,0
890,2,13.335000000000003,13.335000000000003,100.0,0
900,0,51.665000000000006,51.665000000000006,100.0,1
900,1,35.0,35.0,100.0,1
900,2,13.335000000000003,13.335000000000003,100.0,1
910,0,16.665000000000003,16.665000000000003,100.0,2
910,1,35.0,35.0,100.0,2
910,2,48.335,48.335,100.0,2
920,0,16.665,16.665,100.0,0
920,1,25.0,25.0,100.0,0
920,2,58.335,58.335,100.0,0
930,0,16.665,16.665,100.0,0
930,1,25.0,25.0,100.0,0
930,2,58.335,58.335,100.0,0
940,0,16.665000000000003,16.665000000000003,100.0,2
940,1,35.0,35.0,100.0,2
940,2,48.335,48.335,100.0,2
950,0,16.665000000000003,16.665000000000003,100.0,2
950,1,35.0,35.0,100.0,2
950,2,48.335,48.335,100.0,2
960,0,16.665000000000003,16.665000000000003,100.0,2
960,1,35.0,35.0,100.0,2
960,2,48.335,48.335,100.0,2
970,0,16.665000000000003,16.665000000000003,100.0,2
970,1,35.0,35.0,100.0,2
970,2,48.335,48.335,100.0,2
980,0,16.665000000000003,16.665000000000003,100.0,2
980,1,35.0,35.0,100.0,2
980,2,48.335,48.335,100.0,2
990,0,16.665000000000003,16.665000000000003,100.0,2
990,1,35.0,35.0,100.0,2
990,2,48.335,48.335,100.0,2
1000,0,16.665000000000003,16.665000000000003,100.0,2
1000,1,35.0,35.0,100.0,2
1000,2,48.335,48.335,100.0,2
1010,0,16.665000000000003,16.665000000000003,100.0,2
1010,1,35.0,35.0,100.0,2
1010,2,48.335,48.335,100.0,2
1020,0,16.665000000000003,16.665000000000003,100.0,2
1020,1,35.0,35.0,100.0,2
1020,2,48.335,48.335,100.0,2
1030,0,51.665000000000006,51.665000000000006,100.0,0
1030,1,30.000000000000004,30.000000000000004,100.0,0
1030,2,18.335,18.335,100.0,0
1040,0,51.665000000000006,51.665000000000006,100.0,0
1040,1,30.000000000000004,30.000000000000004,100.0,0
1040,2,18.335,18.335,100.0,0
1050,0,41.665,41.665,100.0,0
1050,1,20.000000000000004,20.000000000000004,100.0,0
1050,2,38.335,38.335,100.0,0
1060,0,41.665,41.665,100.0,0
1060,1,20.000000000000004,20.000000000000004,100.0,0
1060,2,38.335,38.335,100.0,0
1070,0,41.665,41.665,100.0,0
1070,1,20.000000000000004,20.000000000000004,100.0,0
1070,2,38.335,38.335,100.0,0
1080,0,41.665,41.665,100.0,0
1080,1,20.000000000000004,20.000000000000004,100.0,0
1080,2,38.335,38.335,100.0,0
1090,0,41.665,41.665,100.0,0
1090,1,20.000000000000004,20.000000000000004,100.0,0
1090,2,38.335,38.335,100.0,0
1100,0,41.665,41.665,100.0,0
1100,1,20.000000000000004,20.000000000000004,100.0,0
1100,2,38.335,38.335,100.0,0
1110,0,41.665,41.665,100.0,0
1110,1,20.000000000000004,20.000000000000004,100.0,0
1110,2,38.335,38.335,100.0,0
1120,0,56.665,56.665,100.0,2
1120,1,20.0,20.0,100.0,2
1120,2,23.335,23.335,100.0,2
1130,0,56.665,56.665,100.0,2
1130,1,20.0,20.0,100.0,2
1130,2,23.335,23.335,100.0,2
1140,0,56.665,56.665,100.0,2
1140,1,20.0,20.0,100.0,2
1140,2,23.335,23.335,100.0,2
1150,0,56.665,56.665,100.0,2
1150,1,20.0,20.0,100.0,2
1150,2,23.335,23.335,100.0,2
1160,0,56.665,56.665,100.0,2
1160,1,20.0,20.0,100.0,2
1160,2,23.335,23.335,100.0,2
1170,0,56.665,56.665,100.0,2
1170,1,20.0,20.0,100.0,2
1170,2,23.335,23.335,100.0,2
1180,0,46.665,46.665,100.0,1
1180,1,30.000000000000004,30.000000000000004,100.0,1
1180,2,23.335,23.335,100.0,1
1190,0,46.665,46.665,100.0,1
1190,1,30.000000000000004,30.000000000000004,100.0,1
1190,2,23.335,23.335,100.0,1
1200,0,46.665,46.665,100.0,1
1200,1,30.000000000000004,30.000000000000004,100.0,1
1200,2,23.335,23.335,100.0,1
1210,0,46.665,46.665,100.0,1
1210,1,30.000000000000004,30.000000000000004,100.0,1
1210,2,23.335,23.335,100.0,1
1220,0,46.665,46.665,100.0,1
1220,1,30.000000000000004,30.000000000000004,100.0,1
1220,2,23.335,23.335,100.0,1
1230,0,46.665,46.665,100.0,1
1230,1,30.000000000000004,30.000000000000004,100.0,1
1230,2,23.335,23.335,100.0,1
1240,0,46.665,46.665,100.0,1
1240,1,30.000000000000004,30.000000000000004,100.0,1
1240,2,23.335,23.335,100.0,1
1250,0,46.665,46.665,100.0,1
1250,1,30.000000000000004,30.000000000000004,100.0,1
1250,2,23.335,23.335,100.0,1
1260,0,46.665,46.665,100.0,2
1260,1,30.000000000000004,30.000000000000004,100.0,2
1260,2,23.335,23.335,100.0,2
1270,0,46.665,46.665,100.0,1
1270,1,30.000000000000004,30.000000000000004,100.0,1
1270,2,23.335,23.335,100.0,1
1280,0,46.665,46.665,100.0,1
1280,1,30.000000000000004,30.000000000000004,100.0,1
1280,2,23.335,23.335,100.0,1
1290,0,21.665,21.665,100.0,2
1290,1,55.00000000000001,55.00000000000001,100.0,2
1290,2,23.335,23.335,100.0,2
1300,0,21.665,21.665,100.0,2
1300,1,55.00000000000001,55.00000000000001,100.0,2
1300,2,23.335,23.335,100.0,2
1310,0,21.665,21.665,100.0,2
1310,1,55.00000000000001,55.00000000000001,100.0,2
1310,2,23.335,23.335,100.0,2
1320,0,21.665,21.665,100.0,2
1320,1,55.00000000000001,55.00000000000001,100.0,2
1320,2,23.335,23.335,100.0,2
1330,0,21.665,21.665,100.0,2
1330,1,55.00000000000001,55.00000000000001,100.0,2
1330,2,23.335,23.335,100.0,2
1340,0,21.665,21.665,100.0,2
1340,1,55.00000000000001,55.00000000000001,100.0,2
1340,2,23.335,23.335,100.0,2
1350,0,21.665,21.665,100.0,2
1350,1,55.00000000000001,55.00000000000001,100.0,2
1350,2,23.335,23.335,100.0,2
1360,0,21.665,21.665,100.0,2
1360,1,55.00000000000001,55.00000000000001,100.0,2
1360,2,23.335,23.335,100.0,2
1370,0,21.665,21.665,100.0,2
1370,1,55.00000000000001,55.00000000000001,100.0,2
1370,2,23.335,23.335,100.0,2
1380,0,21.665,21.665,100.0,2
1380,1,55.00000000000001,55.00000000000001,100.0,2
1380,2,23.335,23.335,100.0,2
1390,0,21.665,21.665,100.0,2
1390,1,55.00000000000001,55.00000000000001,100.0,2
1390,2,23.335,23.335,100.0,2
1400,0,21.665,21.665,100.0,2
1400,1,55.00000000000001,55.00000000000001,100.0,2
1400,2,23.335,23.335,100.0,2
1410,0,21.665,21.665,100.0,2
1410,1,55.00000000000001,55.00000000000001,100.0,2
1410,2,23.335,23.335,100.0,2
1420,0,21.665,21.665,100.0,2
1420,1,55.00000000000001,55.00000000000001,100.0,2
1420,2,23.335,23.335,100.0,2
1430,0,21.665,21.665,100.0,2
1430,1,55.00000000000001,55.00000000000001,100.0,2
1430,2,23.335,23.335,100.0,2
1440,0,21.665,21.665,100.0,2
1440,1,55.00000000000001,55.00000000000001,100.0,2
1440,2,23.335,23.335,100.0,2
1450,0,21.665,21.665,100.0,2
1450,1,55.00000000000001,55.00000000000001,100.0,2
1450,2,23.335,23.335,100.0,2
1460,0,46.665,46.665,100.0,0
1460,1,30.000000000000004,30.000000000000004,100.0,0
1460,2,23.335,23.335,100.0,0
1470,0,46.665,46.665,100.0,0
1470,1,30.000000000000004,30.000000000000004,100.0,0
1470,2,23.335,23.335,100.0,0
1480,0,46.665,46.665,100.0,0
1480,1,30.000000000000004,30.000000000000004,100.0,0
1480,2,23.335,23.335,100.0,0
1490,0,46.665,46.665,100.0,0
1490,1,30.000000000000004,30.000000000000004,100.0,0
1490,2,23.335,23.335,100.0,0
1500,0,61.665000000000006,61.665000000000006,100.0,1
1500,1,25.0,25.0,100.0,1
1500,2,13.334999999999999,13.334999999999999,100.0,1
