510,0,31.664999723434452,31.664999723434452,100.0,1
510,1,20.000000298023224,20.000000298023224,100.0,1
510,2,48.33499997854233,48.33499997854233,100.0,1
520,0,31.664999723434452,31.664999723434452,100.0,1
520,1,35.000000298023224,35.000000298023224,100.0,1
520,2,33.33499997854233,33.33499997854233,100.0,1
530,0,21.66499972343445,21.66499972343445,100.0,2
530,1,20.000000298023224,20.000000298023224,100.0,2
530,2,58.33499997854232,58.33499997854232,100.0,2
540,0,31.664999723434452,31.664999723434452,100.0,0
540,1,45.000000298023224,45.000000298023224,100.0,0
540,2,23.334999978542328,23.334999978542328,100.0,0
550,0,31.664999723434452,31.664999723434452,100.0,2
550,1,35.000000298023224,35.000000298023224,100.0,2
550,2,33.33499997854233,33.33499997854233,100.0,2
