510,0,21.560669726464894,21.560669726464894,100.0
510,1,42.24143096437241,42.24143096437241,100.0
510,2,36.19789930916269,36.19789930916269,100.0
520,0,32.89795372626349,32.89795372626349,100.0
520,1,35.38664254562872,35.38664254562872,100.0
520,2,31.715403728107805,31.715403728107805,100.0
530,0,54.918823929822395,54.918823929822395,100.0
530,1,25.55429479913119,25.55429479913119,100.0
530,2,19.52688127104642,19.52688127104642,100.0
540,0,47.372088820325175,47.372088820325175,100.0
540,1,29.427963215190474,29.427963215190474,100.0
540,2,23.199947964484352,23.199947964484352,100.0
550,0,48.85885326423312,48.85885326423312,100.0
550,1,30.56163632991326,30.56163632991326,100.0
550,2,20.57951040585362,20.57951040585362,100.0
560,0,50.180562531251496,50.180562531251496,100.0
560,1,26.178677123188425,26.178677123188425,100.0
560,2,23.64076034556008,23.64076034556008,100.0
570,0,53.434079884503596,53.434079884503596,100.0
570,1,26.433560206753736,26.433560206753736,100.0
570,2,20.132359908742682,20.132359908742682,100.0
580,0,53.31831383940743,53.31831383940743,100.0
580,1,26.80518227592239,26.80518227592239,100.0
580,2,19.876503884670182,19.876503884670182,100.0
590,0,44.85945425221182,44.85945425221182,100.0
590,1,32.08951920593518,32.08951920593518,100.0
590,2,23.051026541853005,23.051026541853005,100.0
600,0,54.85337137546734,54.85337137546734,100.0
600,1,25.82061346952643,25.82061346952643,100.0
600,2,19.326015155006232,19.326015155006232,100.0
610,0,49.79880671959391,49.79880671959391,100.0
610,1,29.958295788626415,29.958295788626415,100.0
610,2,20.242897491779672,20.242897491779672,100.0
620,0,51.35369628825166,51.35369628825166,100.0
620,1,29.67115441224243,29.67115441224243,100.0
620,2,18.975149299505908,18.975149299505908,100.0
630,0,47.82294683877621,47.82294683877621,100.0
630,1,30.337263420336853,30.337263420336853,100.0
630,2,21.839789740886946,21.839789740886946,100.0
640,0,39.74947746903129,39.74947746903129,100.0
640,1,42.327066048796624,42.327066048796624,100.0
640,2,17.92345648217209,17.92345648217209,100.0
650,0,49.13607835259365,49.13607835259365,100.0
650,1,29.29549538288744,29.29549538288744,100.0
650,2,21.56842626451891,21.56842626451891,100.0
660,0,44.694397259948964,44.694397259948964,100.0
660,1,29.80049238039134,29.80049238039134,100.0
660,2,25.505110359659692,25.505110359659692,100.0
670,0,52.06943964211887,52.06943964211887,100.0
670,1,29.152521786757802,29.152521786757802,100.0
670,2,18.778038571123325,18.778038571123325,100.0
680,0,50.26984569610406,50.26984569610406,100.0
680,1,30.41767973771632,30.41767973771632,100.0
680,2,19.31247456617961,19.31247456617961,100.0
690,0,44.194071252736606,44.194071252736606,100.0
690,1,34.17625508433157,34.17625508433157,100.0
690,2,21.629673662931822,21.629673662931822,100.0
700,0,49.623444276962836,49.623444276962836,100.0
700,1,28.500476655201695,28.500476655201695,100.0
700,2,21.876079067835477,21.876079067835477,100.0
710,0,46.898553471759236,46.898553471759236,100.0
710,1,25.893430969957,25.893430969957,100.0
710,2,27.208015558283776,27.208015558283776,100.0
720,0,36.92588950988386,36.92588950988386,100.0
720,1,36.35626782149093,36.35626782149093,100.0
720,2,26.717842668625213,26.717842668625213,100.0
730,0,49.06104396317958,49.06104396317958,100.0
730,1,28.12164665493686,28.12164665493686,100.0
730,2,22.81730938188356,22.81730938188356,100.0
740,0,52.278756732465894,52.278756732465894,100.0
740,1,27.142459946903664,27.142459946903664,100.0
740,2,20.578783320630446,20.578783320630446,100.0
750,0,46.04549338132568,46.04549338132568,100.0
750,1,33.05053235888354,33.05053235888354,100.0
750,2,20.90397425979078,20.90397425979078,100.0
760,0,47.80562238730119,47.80562238730119,100.0
760,1,25.929325352297827,25.929325352297827,100.0
760,2,26.265052260400978,26.265052260400978,100.0
770,0,43.89957063039457,43.89957063039457,100.0
770,1,35.27762147302295,35.27762147302295,100.0
770,2,20.822807896582486,20.822807896582486,100.0
780,0,35.14358800294666,35.14358800294666,100.0
780,1,43.19413904059354,43.19413904059354,100.0
780,2,21.662272956459798,21.662272956459798,100.0
790,0,51.89805529466282,51.89805529466282,100.0
790,1,28.334423833710755,28.334423833710755,100.0
790,2,19.76752087162644,19.76752087162644,100.0
800,0,51.859725310868974,51.859725310868974,100.0
800,1,27.270356245520876,27.270356245520876,100.0
800,2,20.86991844361015,20.86991844361015,100.0
810,0,54.661980328505365,54.661980328505365,100.0
810,1,26.022328017917058,26.022328017917058,100.0
810,2,19.31569165357758,19.31569165357758,100.0
820,0,49.115861892167246,49.115861892167246,100.0
820,1,32.14259799528224,32.14259799528224,100.0
820,2,18.741540112550517,18.741540112550517,100.0
830,0,42.46494350042272,42.46494350042272,100.0
830,1,36.912241907367985,36.912241907367985,100.0
830,2,20.6228145922093,20.6228145922093,100.0
840,0,48.427828189992475,48.427828189992475,100.0
840,1,28.16622811307441,28.16622811307441,100.0
840,2,23.40594369693311,23.40594369693311,100.0
850,0,43.82270930237027,43.82270930237027,100.0
850,1,36.2623796092603,36.2623796092603,100.0
850,2,19.914911088369426,19.914911088369426,100.0
860,0,31.458878093994407,31.458878093994407,100.0
860,1,46.85933234222435,46.85933234222435,100.0
860,2,21.681789563781255,21.681789563781255,100.0
870,0,51.310732962888075,51.310732962888075,100.0
870,1,28.406754992477225,28.406754992477225,100.0
870,2,20.2825120446347,20.2825120446347,100.0
880,0,52.16739834341762,52.16739834341762,100.0
880,1,26.196152655132998,26.196152655132998,100.0
880,2,21.63644900144938,21.63644900144938,100.0
890,0,51.028510602529806,51.028510602529806,100.0
890,1,26.83728703356931,26.83728703356931,100.0
890,2,22.13420236390088,22.13420236390088,100.0
900,0,41.11978659698371,41.11978659698371,100.0
900,1,27.497416777966738,27.497416777966738,100.0
900,2,31.382796625049558,31.382796625049558,100.0
910,0,46.91236293370862,46.91236293370862,100.0
910,1,32.48161104428804,32.48161104428804,100.0
910,2,20.60602602200334,20.60602602200334,100.0
920,0,38.20090022962855,38.20090022962855,100.0
920,1,43.323651937424614,43.323651937424614,100.0
920,2,18.47544783294684,18.47544783294684,100.0
930,0,51.97555930909231,51.97555930909231,100.0
930,1,28.51328435070466,28.51328435070466,100.0
930,2,19.511156340203026,19.511156340203026,100.0
940,0,49.51294314679217,49.51294314679217,100.0
940,1,29.67515434037416,29.67515434037416,100.0
940,2,20.811902512833672,20.811902512833672,100.0
950,0,53.58132560637656,53.58132560637656,100.0
950,1,25.910040419796047,25.910040419796047,100.0
950,2,20.50863397382739,20.50863397382739,100.0
960,0,45.68585036556987,45.68585036556987,100.0
960,1,30.550867663306285,30.550867663306285,100.0
960,2,23.763281971123845,23.763281971123845,100.0
970,0,45.7120224669438,45.7120224669438,100.0
970,1,31.609401328711634,31.609401328711634,100.0
970,2,22.67857620434457,22.67857620434457,100.0
980,0,52.49622161592017,52.49622161592017,100.0
980,1,27.658915643750014,27.658915643750014,100.0
980,2,19.84486274032982,19.84486274032982,100.0
990,0,50.43094151172984,50.43094151172984,100.0
990,1,30.684588970579618,30.684588970579618,100.0
990,2,18.884469517690537,18.884469517690537,100.0
1000,0,44.604331867897805,44.604331867897805,100.0
1000,1,36.94528513413577,36.94528513413577,100.0
1000,2,18.450382997966422,18.450382997966422,100.0
1010,0,52.38172593559379,52.38172593559379,100.0
1010,1,28.62494785629382,28.62494785629382,100.0
1010,2,18.9933262081124,18.9933262081124,100.0
1020,0,53.46883060053862,53.46883060053862,100.0
1020,1,27.053220859180847,27.053220859180847,100.0
1020,2,19.477948540280536,19.477948540280536,100.0
1030,0,53.1144421670979,53.1144421670979,100.0
1030,1,27.534867443460946,27.534867443460946,100.0
1030,2,19.350690389441162,19.350690389441162,100.0
1040,0,39.8697325452654,39.8697325452654,100.0
1040,1,35.786607377913825,35.786607377913825,100.0
1040,2,24.34366007682077,24.34366007682077,100.0
1050,0,44.14454783885308,44.14454783885308,100.0
1050,1,37.78917127051332,37.78917127051332,100.0
1050,2,18.0662808906336,18.0662808906336,100.0
1060,0,48.234609937933705,48.234609937933705,100.0
1060,1,27.23719147672131,27.23719147672131,100.0
1060,2,24.528198585344985,24.528198585344985,100.0
1070,0,40.2920877945195,40.2920877945195,100.0
1070,1,27.666465305121424,27.666465305121424,100.0
1070,2,32.04144690035907,32.04144690035907,100.0
1080,0,28.601174090974634,28.601174090974634,100.0
1080,1,49.247924503008214,49.247924503008214,100.0
1080,2,22.150901406017155,22.150901406017155,100.0
1090,0,48.98196302735588,48.98196302735588,100.0
1090,1,30.399840018743518,30.399840018743518,100.0
1090,2,20.618196953900604,20.618196953900604,100.0
