510,0,48.1092291016245,48.1092291016245,100.0
510,1,30.810078061075053,30.810078061075053,100.0
510,2,21.080692837300454,21.080692837300454,100.0
520,0,36.36268117726302,36.36268117726302,100.0
520,1,27.670039078214533,27.670039078214533,100.0
520,2,35.96727974452245,35.96727974452245,100.0
530,0,21.527361302073373,21.527361302073373,100.0
530,1,46.7777896836639,46.7777896836639,100.0
530,2,31.694849014262726,31.694849014262726,100.0
540,0,41.91607873170939,41.91607873170939,100.0
540,1,40.201121849824936,40.201121849824936,100.0
540,2,17.882799418465666,17.882799418465666,100.0
550,0,37.07930526470503,37.07930526470503,100.0
550,1,44.756062676585195,44.756062676585195,100.0
550,2,18.164632058709778,18.164632058709778,100.0
560,0,21.91289810499648,21.91289810499648,100.0
560,1,45.22162015667715,45.22162015667715,100.0
560,2,32.865481738326366,32.865481738326366,100.0
570,0,36.71757729334209,36.71757729334209,100.0
570,1,38.8592385472042,38.8592385472042,100.0
570,2,24.423184159453715,24.423184159453715,100.0
580,0,21.95992098199675,21.95992098199675,100.0
580,1,53.93325799983554,53.93325799983554,100.0
580,2,24.10682101816771,24.10682101816771,100.0
590,0,33.67995412923888,33.67995412923888,100.0
590,1,40.280105117115916,40.280105117115916,100.0
590,2,26.03994075364521,26.03994075364521,100.0
600,0,21.514320438164976,21.514320438164976,100.0
600,1,47.94175023780591,47.94175023780591,100.0
600,2,30.543929324029108,30.543929324029108,100.0
610,0,30.632116707316392,30.632116707316392,100.0
610,1,50.71756001888515,50.71756001888515,100.0
610,2,18.65032327379846,18.65032327379846,100.0
620,0,30.398883208833492,30.398883208833492,100.0
620,1,45.33799492354466,45.33799492354466,100.0
620,2,24.26312186762185,24.26312186762185,100.0
630,0,26.491243558285642,26.491243558285642,100.0
630,1,49.632177258604074,49.632177258604074,100.0
630,2,23.876579183110287,23.876579183110287,100.0
640,0,21.716383003696244,21.716383003696244,100.0
640,1,48.66354748175813,48.66354748175813,100.0
640,2,29.620069514545634,29.620069514545634,100.0
650,0,24.2084479516279,24.2084479516279,100.0
650,1,47.71582478735177,47.71582478735177,100.0
650,2,28.075727261020322,28.075727261020322,100.0
660,0,24.308967174327396,24.308967174327396,100.0
660,1,39.24396776339009,39.24396776339009,100.0
660,2,36.44706506228251,36.44706506228251,100.0
670,0,24.3059121518709,24.3059121518709,100.0
670,1,54.78721646842064,54.78721646842064,100.0
670,2,20.906871379708463,20.906871379708463,100.0
680,0,21.308287627769143,21.308287627769143,100.0
680,1,48.285971179157464,48.285971179157464,100.0
680,2,30.4057411930734,30.4057411930734,100.0
690,0,39.85096444301912,39.85096444301912,100.0
690,1,40.318211617815805,40.318211617815805,100.0
690,2,19.830823939165075,19.830823939165075,100.0
700,0,29.248833587796792,29.248833587796792,100.0
700,1,39.23890870044963,39.23890870044963,100.0
700,2,31.512257711753588,31.512257711753588,100.0
710,0,32.550106125067046,32.550106125067046,100.0
710,1,42.23757403553973,42.23757403553973,100.0
710,2,25.21231983939323,25.21231983939323,100.0
720,0,21.717253523961862,21.717253523961862,100.0
720,1,55.39970844830491,55.39970844830491,100.0
720,2,22.88303802773323,22.88303802773323,100.0
730,0,38.419069767550404,38.419069767550404,100.0
730,1,38.95013744202813,38.95013744202813,100.0
730,2,22.630792790421467,22.630792790421467,100.0
740,0,31.98665424350688,31.98665424350688,100.0
740,1,49.49387817417403,49.49387817417403,100.0
740,2,18.519467582319095,18.519467582319095,100.0
750,0,22.03520539097465,22.03520539097465,100.0
750,1,45.73052010172574,45.73052010172574,100.0
750,2,32.23427450729961,32.23427450729961,100.0
760,0,38.24725164214905,38.24725164214905,100.0
760,1,39.91862030969039,39.91862030969039,100.0
760,2,21.834128048160554,21.834128048160554,100.0
770,0,22.492902951366517,22.492902951366517,100.0
770,1,50.15020478397327,50.15020478397327,100.0
770,2,27.35689226466021,27.35689226466021,100.0
780,0,33.371838708024725,33.371838708024725,100.0
780,1,45.178729499810494,45.178729499810494,100.0
780,2,21.44943179216478,21.44943179216478,100.0
790,0,20.848098245604906,20.848098245604906,100.0
790,1,38.57748998508331,38.57748998508331,100.0
790,2,40.57441176931178,40.57441176931178,100.0
800,0,23.055464467013238,23.055464467013238,100.0
800,1,56.37119461569117,56.37119461569117,100.0
800,2,20.573340917295603,20.573340917295603,100.0
