callId,timeMs,scenario,sliceId,rnti,inActiveDl,dlBufferSize,canInsertHarq,harqActiveCount,diagReason
1,503,low_traffic,0,1,1,6133,0,0,in_active_dl
1,503,low_traffic,0,2,1,6133,0,0,in_active_dl
1,503,low_traffic,1,3,1,169,0,0,in_active_dl
1,503,low_traffic,1,4,1,169,0,0,in_active_dl
1,503,low_traffic,2,5,0,0,0,0,not_in_active_dl
1,503,low_traffic,2,6,0,0,0,0,not_in_active_dl
1,503,low_traffic,2,7,0,0,0,0,not_in_active_dl
1,503,low_traffic,2,8,0,0,0,0,not_in_active_dl
1,503,low_traffic,2,9,0,0,0,0,not_in_active_dl
1,503,low_traffic,2,10,0,0,0,0,not_in_active_dl
49,601,low_traffic,0,1,1,161746,0,0,in_active_dl
49,601,low_traffic,0,2,0,0,0,0,not_in_active_dl
49,601,low_traffic,1,3,0,0,0,0,not_in_active_dl
49,601,low_traffic,1,4,1,169,0,0,in_active_dl
49,601,low_traffic,2,5,0,0,0,0,not_in_active_dl
49,601,low_traffic,2,6,0,0,0,0,not_in_active_dl
49,601,low_traffic,2,7,0,0,0,0,not_in_active_dl
49,601,low_traffic,2,8,0,0,0,0,not_in_active_dl
49,601,low_traffic,2,9,0,0,0,0,not_in_active_dl
49,601,low_traffic,2,10,0,0,0,0,not_in_active_dl
161,699,low_traffic,0,1,1,6133,0,0,in_active_dl
161,699,low_traffic,0,2,1,616650,0,0,in_active_dl
161,699,low_traffic,1,3,1,1071,0,0,in_active_dl
161,699,low_traffic,1,4,0,0,0,0,not_in_active_dl
161,699,low_traffic,2,5,1,401,0,0,in_active_dl
161,699,low_traffic,2,6,1,137,0,0,in_active_dl
161,699,low_traffic,2,7,1,137,0,0,in_active_dl
161,699,low_traffic,2,8,1,137,0,0,in_active_dl
161,699,low_traffic,2,9,1,137,0,0,in_active_dl
161,699,low_traffic,2,10,1,401,0,0,in_active_dl
273,797,low_traffic,0,1,1,7665,0,0,in_active_dl
273,797,low_traffic,0,2,0,0,0,0,not_in_active_dl
273,797,low_traffic,1,3,1,3848,0,0,in_active_dl
273,797,low_traffic,1,4,1,169,0,0,in_active_dl
273,797,low_traffic,2,5,0,0,0,0,not_in_active_dl
273,797,low_traffic,2,6,0,0,0,0,not_in_active_dl
273,797,low_traffic,2,7,0,0,0,0,not_in_active_dl
273,797,low_traffic,2,8,0,0,0,0,not_in_active_dl
273,797,low_traffic,2,9,0,0,0,0,not_in_active_dl
273,797,low_traffic,2,10,0,0,0,0,not_in_active_dl
385,895,low_traffic,0,1,1,6133,0,0,in_active_dl
385,895,low_traffic,0,2,0,0,0,0,not_in_active_dl
385,895,low_traffic,1,3,0,0,0,0,not_in_active_dl
385,895,low_traffic,1,4,1,251,0,0,in_active_dl
385,895,low_traffic,2,5,0,0,0,0,not_in_active_dl
385,895,low_traffic,2,6,1,137,0,0,in_active_dl
385,895,low_traffic,2,7,1,137,0,0,in_active_dl
385,895,low_traffic,2,8,1,137,0,0,in_active_dl
385,895,low_traffic,2,9,1,137,0,0,in_active_dl
385,895,low_traffic,2,10,0,0,0,0,not_in_active_dl
497,993,low_traffic,0,1,1,7665,0,0,in_active_dl
497,993,low_traffic,0,2,0,0,0,0,not_in_active_dl
497,993,low_traffic,1,3,0,0,0,0,not_in_active_dl
497,993,low_traffic,1,4,1,251,0,0,in_active_dl
497,993,low_traffic,2,5,0,0,0,0,not_in_active_dl
497,993,low_traffic,2,6,0,0,0,0,not_in_active_dl
497,993,low_traffic,2,7,0,0,0,0,not_in_active_dl
497,993,low_traffic,2,8,0,0,0,0,not_in_active_dl
497,993,low_traffic,2,9,0,0,0,0,not_in_active_dl
497,993,low_traffic,2,10,1,401,0,0,in_active_dl
609,1091,low_traffic,0,1,1,7665,0,0,in_active_dl
609,1091,low_traffic,0,2,0,0,0,0,not_in_active_dl
609,1091,low_traffic,1,3,0,0,0,0,not_in_active_dl
609,1091,low_traffic,1,4,1,251,0,0,in_active_dl
609,1091,low_traffic,2,5,0,0,0,0,not_in_active_dl
609,1091,low_traffic,2,6,0,0,0,0,not_in_active_dl
609,1091,low_traffic,2,7,0,0,0,0,not_in_active_dl
609,1091,low_traffic,2,8,0,0,0,0,not_in_active_dl
609,1091,low_traffic,2,9,0,0,0,0,not_in_active_dl
609,1091,low_traffic,2,10,1,137,0,0,in_active_dl
721,1189,low_traffic,0,1,1,6133,0,0,in_active_dl
721,1189,low_traffic,0,2,0,0,0,0,not_in_active_dl
721,1189,low_traffic,1,3,1,169,0,0,in_active_dl
721,1189,low_traffic,1,4,1,251,0,0,in_active_dl
721,1189,low_traffic,2,5,0,0,0,0,not_in_active_dl
721,1189,low_traffic,2,6,1,137,0,0,in_active_dl
721,1189,low_traffic,2,7,1,137,0,0,in_active_dl
721,1189,low_traffic,2,8,1,137,0,0,in_active_dl
721,1189,low_traffic,2,9,1,137,0,0,in_active_dl
721,1189,low_traffic,2,10,0,0,0,0,not_in_active_dl
833,1287,low_traffic,0,1,1,7665,0,0,in_active_dl
833,1287,low_traffic,0,2,1,2406050,0,0,in_active_dl
833,1287,low_traffic,1,3,0,0,0,0,not_in_active_dl
833,1287,low_traffic,1,4,0,0,0,0,not_in_active_dl
833,1287,low_traffic,2,5,0,0,0,0,not_in_active_dl
833,1287,low_traffic,2,6,0,0,0,0,not_in_active_dl
833,1287,low_traffic,2,7,0,0,0,0,not_in_active_dl
833,1287,low_traffic,2,8,0,0,0,0,not_in_active_dl
833,1287,low_traffic,2,9,0,0,0,0,not_in_active_dl
833,1287,low_traffic,2,10,0,0,0,0,not_in_active_dl
945,1385,low_traffic,0,1,1,6133,0,0,in_active_dl
945,1385,low_traffic,0,2,0,0,0,0,not_in_active_dl
945,1385,low_traffic,1,3,0,0,0,0,not_in_active_dl
945,1385,low_traffic,1,4,1,251,0,0,in_active_dl
945,1385,low_traffic,2,5,0,0,0,0,not_in_active_dl
945,1385,low_traffic,2,6,1,137,0,0,in_active_dl
945,1385,low_traffic,2,7,1,137,0,0,in_active_dl
945,1385,low_traffic,2,8,1,137,0,0,in_active_dl
945,1385,low_traffic,2,9,1,137,0,0,in_active_dl
945,1385,low_traffic,2,10,0,0,0,0,not_in_active_dl
1057,1483,low_traffic,0,1,1,7665,0,0,in_active_dl
1057,1483,low_traffic,0,2,0,0,0,0,not_in_active_dl
1057,1483,low_traffic,1,3,0,0,0,0,not_in_active_dl
1057,1483,low_traffic,1,4,1,333,0,0,in_active_dl
1057,1483,low_traffic,2,5,0,0,0,0,not_in_active_dl
1057,1483,low_traffic,2,6,0,0,0,0,not_in_active_dl
1057,1483,low_traffic,2,7,0,0,0,0,not_in_active_dl
1057,1483,low_traffic,2,8,0,0,0,0,not_in_active_dl
1057,1483,low_traffic,2,9,0,0,0,0,not_in_active_dl
1057,1483,low_traffic,2,10,0,0,0,0,not_in_active_dl
