timestamp_ms,slice,configured_weight,budget_rbg,allocated_rbg,total_allocated_rbg,rsh_real_pct,budget_utilization_pct,unused_budget_pct,allocation_fidelity_pct,active_ues,effective_weight,beam_id,has_demand,reason,redistributed_idle_rbg,rntis
503,0,0.3333,266,266,266,100.0000,100.0000,0.0000,100.0000,5,1.0000,65535_65535,1,full_alloc,0,"1;2;3;4;5"
503,1,0.4000,0,0,266,0.0000,0.0000,0.0000,100.0000,0,0.0000,65535_65535,0,no_active_ues,106,""
503,2,0.2667,0,0,266,0.0000,0.0000,0.0000,100.0000,0,0.0000,65535_65535,0,no_active_ues,71,""
601,0,0.4166,111,111,266,41.7293,100.0000,0.0000,99.9357,3,0.4166,65535_65535,1,full_alloc,0,"2;3;4"
601,1,0.2000,53,53,266,19.9248,100.0000,0.0000,99.9248,3,0.2000,65535_65535,1,full_alloc,0,"6;8;9"
601,2,0.3834,102,102,266,38.3459,100.0000,0.0000,99.9891,1,0.3834,65535_65535,1,full_alloc,0,"24"
699,0,0.6667,177,177,266,66.5414,100.0000,0.0000,99.8764,4,0.6666,65535_65535,1,full_alloc,0,"4;5;3;2"
699,1,0.2000,53,53,266,19.9248,100.0000,0.0000,99.9248,3,0.2000,65535_65535,1,full_alloc,0,"6;8;9"
699,2,0.1334,36,36,266,13.5338,100.0000,0.0000,99.8012,8,0.1333,65535_65535,1,full_alloc,0,"28;27;25;22;21;12;11;23"
797,0,0.6667,205,205,266,77.0677,100.0000,0.0000,99.8550,3,0.7692,65535_65535,1,full_alloc,0,"2;3;4"
797,1,0.2000,61,61,266,22.9323,100.0000,0.0000,99.8550,3,0.2308,65535_65535,1,full_alloc,0,"6;8;9"
797,2,0.1334,0,0,266,0.0000,0.0000,0.0000,100.0000,0,0.0000,65535_65535,0,no_active_ues,35,""
895,0,0.5666,151,151,266,56.7669,100.0000,0.0000,99.8981,4,0.5666,65535_65535,1,full_alloc,0,"2;1;3;4"
895,1,0.3000,80,80,266,30.0752,100.0000,0.0000,99.9248,3,0.3000,65535_65535,1,full_alloc,0,"8;6;9"
895,2,0.1333,35,35,266,13.1579,100.0000,0.0000,99.8229,8,0.1333,65535_65535,1,full_alloc,0,"23;11;12;21;22;25;27;28"
993,0,0.3667,98,98,266,36.8421,100.0000,0.0000,99.8229,3,0.3667,65535_65535,1,full_alloc,0,"2;3;4"
993,1,0.3500,93,93,266,34.9624,100.0000,0.0000,99.9624,2,0.3500,65535_65535,1,full_alloc,0,"6;8"
993,2,0.2833,75,75,266,28.1955,100.0000,0.0000,99.8605,1,0.2833,65535_65535,1,full_alloc,0,"24"
1091,0,0.6167,164,164,266,61.6541,100.0000,0.0000,99.9891,3,0.6167,65535_65535,1,full_alloc,0,"2;3;4"
1091,1,0.2000,53,53,266,19.9248,100.0000,0.0000,99.9248,3,0.2000,65535_65535,1,full_alloc,0,"10;8;6"
1091,2,0.1834,49,49,266,18.4211,100.0000,0.0000,99.9139,8,0.1834,65535_65535,1,full_alloc,0,"11;23;12;21;22;25;27;28"
1189,0,0.5666,185,185,266,69.5489,100.0000,0.0000,99.8383,3,0.6939,65535_65535,1,full_alloc,0,"2;3;4"
1189,1,0.2500,81,81,266,30.4511,100.0000,0.0000,99.8383,2,0.3061,65535_65535,1,full_alloc,0,"8;6"
1189,2,0.1834,0,0,266,0.0000,0.0000,0.0000,100.0000,0,0.0000,65535_65535,0,no_active_ues,49,""
1287,0,0.2666,71,71,266,26.6917,100.0000,0.0000,99.9733,3,0.2666,65535_65535,1,full_alloc,0,"2;3;4"
1287,1,0.4500,120,120,266,45.1128,100.0000,0.0000,99.8872,3,0.4500,65535_65535,1,full_alloc,0,"6;8;9"
1287,2,0.2833,75,75,266,28.1955,100.0000,0.0000,99.8605,8,0.2833,65535_65535,1,full_alloc,0,"28;27;25;23;22;21;11;12"
1385,0,0.3166,163,163,266,61.2782,100.0000,0.0000,99.9891,4,0.6129,65535_65535,1,full_alloc,0,"4;5;3;2"
1385,1,0.2000,103,103,266,38.7218,100.0000,0.0000,99.9891,3,0.3871,65535_65535,1,full_alloc,0,"6;8;9"
1385,2,0.4833,0,0,266,0.0000,0.0000,0.0000,100.0000,0,0.0000,65535_65535,0,no_active_ues,129,""
1483,0,0.6667,177,177,266,66.5414,100.0000,0.0000,99.8764,3,0.6666,65535_65535,1,full_alloc,0,"1;2;3"
1483,1,0.2000,53,53,266,19.9248,100.0000,0.0000,99.9248,4,0.2000,65535_65535,1,full_alloc,0,"6;7;8;9"
1483,2,0.1334,36,36,266,13.5338,100.0000,0.0000,99.8012,8,0.1333,65535_65535,1,full_alloc,0,"28;27;25;23;22;21;11;12"
