510,0,56.665,56.665,100.0,1
510,1,25.0,25.0,100.0,1
510,2,18.335,18.335,100.0,1
520,0,31.665,31.665,100.0,0
520,1,30.000000000000004,30.000000000000004,100.0,0
520,2,38.334999999999994,38.334999999999994,100.0,0
530,0,41.665,41.665,100.0,0
530,1,25.0,25.0,100.0,0
530,2,33.335,33.335,100.0,0
540,0,31.665,31.665,100.0,0
540,1,30.000000000000004,30.000000000000004,100.0,0
540,2,38.334999999999994,38.334999999999994,100.0,0
550,0,31.665,31.665,100.0,0
550,1,30.000000000000004,30.000000000000004,100.0,0
550,2,38.334999999999994,38.334999999999994,100.0,0
560,0,31.665,31.665,100.0,0
560,1,30.000000000000004,30.000000000000004,100.0,0
560,2,38.334999999999994,38.334999999999994,100.0,0
570,0,21.665,21.665,100.0,2
570,1,20.0,20.0,100.0,2
570,2,58.335,58.335,100.0,2
580,0,21.665,21.665,100.0,2
580,1,20.0,20.0,100.0,2
580,2,58.335,58.335,100.0,2
590,0,21.665,21.665,100.0,0
590,1,55.00000000000001,55.00000000000001,100.0,0
590,2,23.335,23.335,100.0,0
600,0,21.665,21.665,100.0,0
600,1,55.00000000000001,55.00000000000001,100.0,0
600,2,23.335,23.335,100.0,0
610,0,16.665000000000003,16.665000000000003,100.0,2
610,1,70.0,70.0,100.0,2
610,2,13.335000000000003,13.335000000000003,100.0,2
620,0,16.665000000000003,16.665000000000003,100.0,2
620,1,70.0,70.0,100.0,2
620,2,13.335000000000003,13.335000000000003,100.0,2
630,0,16.665000000000003,16.665000000000003,100.0,2
630,1,70.0,70.0,100.0,2
630,2,13.335000000000003,13.335000000000003,100.0,2
640,0,56.665,56.665,100.0,1
640,1,20.0,20.0,100.0,1
640,2,23.335,23.335,100.0,1
650,0,31.665,31.665,100.0,2
650,1,25.0,25.0,100.0,2
650,2,43.335,43.335,100.0,2
660,0,56.665,56.665,100.0,1
660,1,20.0,20.0,100.0,1
660,2,23.335,23.335,100.0,1
670,0,31.665,31.665,100.0,2
670,1,25.0,25.0,100.0,2
670,2,43.335,43.335,100.0,2
680,0,56.665,56.665,100.0,1
680,1,20.0,20.0,100.0,1
680,2,23.335,23.335,100.0,1
690,0,31.665,31.665,100.0,2
690,1,25.0,25.0,100.0,2
690,2,43.335,43.335,100.0,2
700,0,56.665,56.665,100.0,1
700,1,25.0,25.0,100.0,1
700,2,18.335,18.335,100.0,1
710,0,31.665,31.665,100.0,2
710,1,25.0,25.0,100.0,2
710,2,43.335,43.335,100.0,2
720,0,56.665,56.665,100.0,1
720,1,25.0,25.0,100.0,1
720,2,18.335,18.335,100.0,1
730,0,46.665,46.665,100.0,2
730,1,35.0,35.0,100.0,2
730,2,18.335,18.335,100.0,2
740,0,16.665,16.665,100.0,2
740,1,65.0,65.0,100.0,2
740,2,18.335,18.335,100.0,2
750,0,31.665,31.665,100.0,1
750,1,40.0,40.0,100.0,1
750,2,28.335,28.335,100.0,1
760,0,41.665,41.665,100.0,1
760,1,20.000000000000004,20.000000000000004,100.0,1
760,2,38.335,38.335,100.0,1
770,0,16.665,16.665,100.0,0
770,1,60.00000000000001,60.00000000000001,100.0,0
770,2,23.335,23.335,100.0,0
780,0,16.665,16.665,100.0,0
780,1,60.00000000000001,60.00000000000001,100.0,0
780,2,23.335,23.335,100.0,0
790,0,16.665,16.665,100.0,0
790,1,60.00000000000001,60.00000000000001,100.0,0
790,2,23.335,23.335,100.0,0
800,0,16.665,16.665,100.0,0
800,1,60.00000000000001,60.00000000000001,100.0,0
800,2,23.335,23.335,100.0,0
810,0,16.665,16.665,100.0,0
810,1,60.00000000000001,60.00000000000001,100.0,0
810,2,23.335,23.335,100.0,0
820,0,21.665,21.665,100.0,0
820,1,60.00000000000001,60.00000000000001,100.0,0
820,2,18.335,18.335,100.0,0
830,0,31.665,31.665,100.0,1
830,1,40.0,40.0,100.0,1
830,2,28.335,28.335,100.0,1
840,0,16.665,16.665,100.0,0
840,1,60.00000000000001,60.00000000000001,100.0,0
840,2,23.335,23.335,100.0,0
850,0,21.665,21.665,100.0,0
850,1,55.00000000000001,55.00000000000001,100.0,0
850,2,23.335,23.335,100.0,0
860,0,31.665,31.665,100.0,1
860,1,40.0,40.0,100.0,1
860,2,28.335,28.335,100.0,1
870,0,21.665,21.665,100.0,0
870,1,45.0,45.0,100.0,0
870,2,33.335,33.335,100.0,0
880,0,31.665,31.665,100.0,1
880,1,40.0,40.0,100.0,1
880,2,28.335,28.335,100.0,1
890,0,16.665,16.665,100.0,2
890,1,65.0,65.0,100.0,2
890,2,18.335,18.335,100.0,2
900,0,16.665,16.665,100.0,2
900,1,60.00000000000001,60.00000000000001,100.0,2
900,2,23.335,23.335,100.0,2
910,0,16.665,16.665,100.0,2
910,1,65.0,65.0,100.0,2
910,2,18.335,18.335,100.0,2
920,0,16.665,16.665,100.0,2
920,1,65.0,65.0,100.0,2
920,2,18.335,18.335,100.0,2
930,0,16.665,16.665,100.0,2
930,1,60.00000000000001,60.00000000000001,100.0,2
930,2,23.335,23.335,100.0,2
940,0,26.665,26.665,100.0,0
940,1,55.00000000000001,55.00000000000001,100.0,0
940,2,18.335,18.335,100.0,0
950,0,16.665,16.665,100.0,2
950,1,65.0,65.0,100.0,2
950,2,18.335,18.335,100.0,2
960,0,16.665,16.665,100.0,2
960,1,60.00000000000001,60.00000000000001,100.0,2
960,2,23.335,23.335,100.0,2
970,0,16.665,16.665,100.0,2
970,1,60.00000000000001,60.00000000000001,100.0,2
970,2,23.335,23.335,100.0,2
980,0,16.665,16.665,100.0,0
980,1,65.0,65.0,100.0,0
980,2,18.335,18.335,100.0,0
990,0,16.665,16.665,100.0,2
990,1,60.00000000000001,60.00000000000001,100.0,2
990,2,23.335,23.335,100.0,2
1000,0,16.665,16.665,100.0,0
1000,1,65.0,65.0,100.0,0
1000,2,18.335,18.335,100.0,0
1010,0,16.665,16.665,100.0,0
1010,1,65.0,65.0,100.0,0
1010,2,18.335,18.335,100.0,0
1020,0,16.665,16.665,100.0,0
1020,1,65.0,65.0,100.0,0
1020,2,18.335,18.335,100.0,0
1030,0,16.665,16.665,100.0,0
1030,1,65.0,65.0,100.0,0
1030,2,18.335,18.335,100.0,0
1040,0,16.665,16.665,100.0,0
1040,1,65.0,65.0,100.0,0
1040,2,18.335,18.335,100.0,0
1050,0,16.665,16.665,100.0,0
1050,1,65.0,65.0,100.0,0
1050,2,18.335,18.335,100.0,0
1060,0,16.665,16.665,100.0,0
1060,1,65.0,65.0,100.0,0
1060,2,18.335,18.335,100.0,0
1070,0,16.665,16.665,100.0,0
1070,1,65.0,65.0,100.0,0
1070,2,18.335,18.335,100.0,0
1080,0,16.665,16.665,100.0,0
1080,1,65.0,65.0,100.0,0
1080,2,18.335,18.335,100.0,0
1090,0,16.665,16.665,100.0,0
1090,1,65.0,65.0,100.0,0
1090,2,18.335,18.335,100.0,0
1100,0,16.665,16.665,100.0,0
1100,1,65.0,65.0,100.0,0
1100,2,18.335,18.335,100.0,0
1110,0,16.665,16.665,100.0,0
1110,1,65.0,65.0,100.0,0
1110,2,18.335,18.335,100.0,0
1120,0,16.665,16.665,100.0,0
1120,1,65.0,65.0,100.0,0
1120,2,18.335,18.335,100.0,0
1130,0,31.665,31.665,100.0,2
1130,1,35.0,35.0,100.0,2
1130,2,33.335,33.335,100.0,2
1140,0,21.665,21.665,100.0,0
1140,1,65.0,65.0,100.0,0
1140,2,13.334999999999999,13.334999999999999,100.0,0
1150,0,21.665,21.665,100.0,0
1150,1,65.0,65.0,100.0,0
1150,2,13.334999999999999,13.334999999999999,100.0,0
1160,0,21.665,21.665,100.0,0
1160,1,65.0,65.0,100.0,0
1160,2,13.334999999999999,13.334999999999999,100.0,0
1170,0,21.665,21.665,100.0,0
1170,1,65.0,65.0,100.0,0
1170,2,13.334999999999999,13.334999999999999,100.0,0
1180,0,21.665,21.665,100.0,0
1180,1,65.0,65.0,100.0,0
1180,2,13.334999999999999,13.334999999999999,100.0,0
1190,0,46.665,46.665,100.0,2
1190,1,20.0,20.0,100.0,2
1190,2,33.335,33.335,100.0,2
1200,0,31.665,31.665,100.0,0
1200,1,30.000000000000004,30.000000000000004,100.0,0
1200,2,38.334999999999994,38.334999999999994,100.0,0
1210,0,31.665,31.665,100.0,0
1210,1,30.000000000000004,30.000000000000004,100.0,0
1210,2,38.334999999999994,38.334999999999994,100.0,0
1220,0,31.665,31.665,100.0,0
1220,1,30.000000000000004,30.000000000000004,100.0,0
1220,2,38.334999999999994,38.334999999999994,100.0,0
1230,0,61.665000000000006,61.665000000000006,100.0,0
1230,1,25.0,25.0,100.0,0
1230,2,13.334999999999999,13.334999999999999,100.0,0
1240,0,21.665,21.665,100.0,0
1240,1,65.0,65.0,100.0,0
1240,2,13.334999999999999,13.334999999999999,100.0,0
1250,0,31.665,31.665,100.0,0
1250,1,50.0,50.0,100.0,0
1250,2,18.335,18.335,100.0,0
1260,0,31.665,31.665,100.0,0
1260,1,50.0,50.0,100.0,0
1260,2,18.335,18.335,100.0,0
1270,0,16.665,16.665,100.0,0
1270,1,60.00000000000001,60.00000000000001,100.0,0
1270,2,23.335,23.335,100.0,0
1280,0,31.665,31.665,100.0,2
1280,1,25.0,25.0,100.0,2
1280,2,43.335,43.335,100.0,2
1290,0,16.665,16.665,100.0,0
1290,1,60.00000000000001,60.00000000000001,100.0,0
1290,2,23.335,23.335,100.0,0
1300,0,16.665,16.665,100.0,0
1300,1,60.00000000000001,60.00000000000001,100.0,0
1300,2,23.335,23.335,100.0,0
1310,0,16.665,16.665,100.0,0
1310,1,65.0,65.0,100.0,0
1310,2,18.335,18.335,100.0,0
1320,0,16.665,16.665,100.0,0
1320,1,60.00000000000001,60.00000000000001,100.0,0
1320,2,23.335,23.335,100.0,0
1330,0,16.665,16.665,100.0,0
1330,1,65.0,65.0,100.0,0
1330,2,18.335,18.335,100.0,0
1340,0,16.665,16.665,100.0,2
1340,1,60.00000000000001,60.00000000000001,100.0,2
1340,2,23.335,23.335,100.0,2
1350,0,16.665,16.665,100.0,0
1350,1,65.0,65.0,100.0,0
1350,2,18.335,18.335,100.0,0
1360,0,16.665,16.665,100.0,0
1360,1,60.00000000000001,60.00000000000001,100.0,0
1360,2,23.335,23.335,100.0,0
1370,0,16.665,16.665,100.0,0
1370,1,60.00000000000001,60.00000000000001,100.0,0
1370,2,23.335,23.335,100.0,0
1380,0,16.665,16.665,100.0,0
1380,1,65.0,65.0,100.0,0
1380,2,18.335,18.335,100.0,0
1390,0,16.665,16.665,100.0,0
1390,1,60.00000000000001,60.00000000000001,100.0,0
1390,2,23.335,23.335,100.0,0
1400,0,16.665,16.665,100.0,0
1400,1,60.00000000000001,60.00000000000001,100.0,0
1400,2,23.335,23.335,100.0,0
1410,0,16.665,16.665,100.0,0
1410,1,60.00000000000001,60.00000000000001,100.0,0
1410,2,23.335,23.335,100.0,0
1420,0,16.665,16.665,100.0,0
1420,1,65.0,65.0,100.0,0
1420,2,18.335,18.335,100.0,0
1430,0,16.665,16.665,100.0,2
1430,1,60.00000000000001,60.00000000000001,100.0,2
1430,2,23.335,23.335,100.0,2
1440,0,16.665,16.665,100.0,0
1440,1,60.00000000000001,60.00000000000001,100.0,0
1440,2,23.335,23.335,100.0,0
1450,0,21.665,21.665,100.0,0
1450,1,55.00000000000001,55.00000000000001,100.0,0
1450,2,23.335,23.335,100.0,0
1460,0,21.665,21.665,100.0,0
1460,1,55.00000000000001,55.00000000000001,100.0,0
1460,2,23.335,23.335,100.0,0
1470,0,21.665,21.665,100.0,0
1470,1,55.00000000000001,55.00000000000001,100.0,0
1470,2,23.335,23.335,100.0,0
1480,0,21.665,21.665,100.0,0
1480,1,55.00000000000001,55.00000000000001,100.0,0
1480,2,23.335,23.335,100.0,0
1490,0,21.665,21.665,100.0,0
1490,1,55.00000000000001,55.00000000000001,100.0,0
1490,2,23.335,23.335,100.0,0
1500,0,21.665,21.665,100.0,0
1500,1,55.00000000000001,55.00000000000001,100.0,0
1500,2,23.335,23.335,100.0,0
